inspec_ym,inspec_loc,pH,water02,SS,water04,water05,DO,TP,대장균총,분원성대장균,수온,EC,water12,water13,water14,water15,water16,water17,water18,water19,TN,water21,water22,water23,water24,water25,water26,water27,area_CODE,area_NAME,river_CODE,river_NAME,loc_NAME,loc_ADDR,year,month,river_name,track,ecoli_label_raw,label_A,label_B
199211,206,7.1,89.0,33.4,,63.2,2.9,1.073,2700000.0,,15.0,,0.0,,,,,,,,,,8.932,,,,,,2,중부산,3,동천,동천1,광무교,1992,11,동천,B,2700000.0,1,1
199211,207,7.2,93.1,36.7,,68.8,2.4,1.225,1700000.0,,14.0,,0.0,,,,,,,,,,9.105,,,,,,2,중부산,3,동천,동천2,범4호교,1992,11,동천,B,1700000.0,1,1
199211,208,7.1,56.5,27.9,,47.8,1.2,1.065,3200000.0,,15.0,,0.0,,,,,,,,,,8.412,,,,,,2,중부산,3,동천,동천3,범일교,1992,11,동천,B,3200000.0,1,1
199211,215,7.5,55.5,26.5,,26.3,5.5,1.223,1700000.0,,13.0,,0.0,,,,,,,,,,7.695,,,,,,1,수영강,29,온천천,온천천1(태광산업),태광산업 앞,1992,11,온천천,A,1700000.0,1,0
199211,216,7.3,69.8,32.6,,58.1,1.6,1.265,1100000.0,,15.0,,0.0,,,,,,,,,,9.105,,,,,,1,수영강,29,온천천,온천천2(연안교),연안교,1992,11,온천천,A,1100000.0,1,1
199212,206,7.1,76.7,36.7,,53.8,7.2,1.093,2600000.0,,11.0,,0.0,0.0,0.0,0.0,0.0,0.0,0.0,,,,10.519,,,0.6,,,2,중부산,3,동천,동천1,광무교,1992,12,동천,B,2600000.0,1,0
199212,207,7.0,89.0,42.8,,55.5,5.2,1.148,3400000.0,,10.0,,0.0,0.0,0.0,0.0,0.0,0.0,0.0,,,,10.092,,,0.6,,,2,중부산,3,동천,동천2,범4호교,1992,12,동천,B,3400000.0,1,0
199212,208,7.2,61.6,28.5,,37.4,3.6,1.05,4300000.0,,10.0,,0.0,0.0,0.0,0.0,0.0,0.0,0.0,,,,9.113,,,0.7,,,2,중부산,3,동천,동천3,범일교,1992,12,동천,B,4300000.0,1,0
199212,215,7.4,46.8,27.2,,34.2,8.5,1.123,2100000.0,,9.0,,0.0,0.0,0.0,0.0,0.0,0.0,0.0,,,,9.213,,,0.6,,,1,수영강,29,온천천,온천천1(태광산업),태광산업 앞,1992,12,온천천,A,2100000.0,1,0
199212,216,7.2,63.6,37.5,,54.8,4.5,1.247,1700000.0,,10.0,,0.0,0.0,0.0,0.0,0.0,0.0,0.0,,,,9.138,,,0.5,,,1,수영강,29,온천천,온천천2(연안교),연안교,1992,12,온천천,A,1700000.0,1,0
199301,206,7.1,114.7,39.0,,71.2,8.3,1.333,1400000.0,,8.0,,0.0,,,,,,,,,,17.766,,,,,,2,중부산,3,동천,동천1,광무교,1993,1,동천,B,1400000.0,1,0
199301,207,7.1,65.0,38.8,,65.0,7.4,1.159,1300000.0,,8.0,,0.0,,,,,,,,,,11.038,,,,,,2,중부산,3,동천,동천2,범4호교,1993,1,동천,B,1300000.0,1,0
199301,208,7.3,49.7,38.3,,45.0,6.5,1.376,2100000.0,,8.0,,0.0,,,,,,,,,,15.044,,,,,,2,중부산,3,동천,동천3,범일교,1993,1,동천,B,2100000.0,1,0
199301,215,7.2,43.6,23.5,,36.2,8.2,1.621,460000.0,,8.0,,0.0,,,,,,,,,,9.752,,,,,,1,수영강,29,온천천,온천천1(태광산업),태광산업 앞,1993,1,온천천,A,460000.0,1,0
199301,216,7.2,61.7,31.8,,48.7,5.0,1.758,630000.0,,9.0,,0.0,,,,,,,,,,11.794,,,,,,1,수영강,29,온천천,온천천2(연안교),연안교,1993,1,온천천,A,630000.0,1,0
199302,206,7.4,70.2,45.6,,67.4,6.3,0.97,11000000.0,,10.0,,0.0,,,,,,,,,,12.125,,,,,,2,중부산,3,동천,동천1,광무교,1993,2,동천,B,11000000.0,1,0
199302,207,7.4,77.6,44.4,,70.6,5.5,1.78,9400000.0,,10.0,,0.0,,,,,,,,,,13.805,,,,,,2,중부산,3,동천,동천2,범4호교,1993,2,동천,B,9400000.0,1,0
199302,208,7.4,64.1,40.2,,43.6,4.0,1.647,14000000.0,,10.0,,0.0,,,,,,,,,,14.453,,,,,,2,중부산,3,동천,동천3,범일교,1993,2,동천,B,14000000.0,1,0
199302,215,7.3,47.5,40.7,,37.5,6.7,1.126,7000000.0,,15.0,,0.0,,,,,,,,,,13.056,,,,,,1,수영강,29,온천천,온천천1(태광산업),태광산업 앞,1993,2,온천천,A,7000000.0,1,0
199302,216,7.4,63.4,46.6,,50.2,2.2,2.359,2700000.0,,12.0,,0.0,,,,,,,,,,12.374,,,,,,1,수영강,29,온천천,온천천2(연안교),연안교,1993,2,온천천,A,2700000.0,1,1
199303,206,8.4,66.8,36.7,,80.1,6.4,2.671,9400000.0,,12.0,,0.0,0.0,0.0,0.0,0.0,0.0,0.0,,,,14.264,,,0.6,,,2,중부산,3,동천,동천1,광무교,1993,3,동천,B,9400000.0,1,0
199303,207,8.0,62.1,39.4,,92.4,5.9,2.684,7000000.0,,12.0,,0.0,0.0,0.0,0.0,0.0,0.03,0.0,,,,11.975,,,0.7,,,2,중부산,3,동천,동천2,범4호교,1993,3,동천,B,7000000.0,1,0
199303,208,8.8,77.7,30.1,,57.2,4.8,2.058,12000000.0,,12.0,,0.0,0.0,0.0,0.0,0.0,0.03,0.0,,,,14.035,,,1.0,,,2,중부산,3,동천,동천3,범일교,1993,3,동천,B,12000000.0,1,0
199303,215,7.0,49.1,32.5,,43.4,6.9,2.661,4000000.0,,12.0,,0.0,0.0,0.0,0.0,0.0,0.0,0.0,,,,13.476,,,0.8,,,1,수영강,29,온천천,온천천1(태광산업),태광산업 앞,1993,3,온천천,A,4000000.0,1,0
199303,216,7.0,58.7,30.8,,47.3,2.0,1.236,1100000.0,,12.0,,0.0,0.0,0.0,0.0,0.0,0.1,0.0,,,,15.155,,,0.5,,,1,수영강,29,온천천,온천천2(연안교),연안교,1993,3,온천천,A,1100000.0,1,1
199304,206,7.1,61.2,27.7,,56.6,2.4,1.654,9400000.0,,15.0,,0.0,,,,,,,,,,18.274,,,,,,2,중부산,3,동천,동천1,광무교,1993,4,동천,B,9400000.0,1,1
199304,207,7.1,65.3,27.7,,48.3,2.3,1.775,11000000.0,,15.0,,0.0,,,,,,,,,,12.719,,,,,,2,중부산,3,동천,동천2,범4호교,1993,4,동천,B,11000000.0,1,1
199304,208,7.1,61.2,32.4,,69.7,0.8,1.806,2600000.0,,16.0,,0.0,,,,,,,,,,13.552,,,,,,2,중부산,3,동천,동천3,범일교,1993,4,동천,B,2600000.0,1,1
199304,215,7.2,55.1,28.6,,39.8,4.7,2.675,5800000.0,,17.0,,0.0,,,,,,,,,,14.922,,,,,,1,수영강,29,온천천,온천천1(태광산업),태광산업 앞,1993,4,온천천,A,5800000.0,1,0
199304,216,7.3,55.1,27.2,,35.8,1.1,2.16,7000000.0,,17.0,,0.0,,,,,,,,,,20.689,,,,,,1,수영강,29,온천천,온천천2(연안교),연안교,1993,4,온천천,A,7000000.0,1,1
199305,206,7.2,32.8,19.6,,43.5,2.8,0.132,3100000.0,,20.0,,0.0,,,,,,,,,,11.633,,,,,,2,중부산,3,동천,동천1,광무교,1993,5,동천,B,3100000.0,1,1
199305,207,7.5,38.0,11.0,,37.3,0.8,0.423,3500000.0,,20.0,,0.0,,,,,,,,,,13.614,,,,,,2,중부산,3,동천,동천2,범4호교,1993,5,동천,B,3500000.0,1,1
199305,208,7.2,36.9,21.1,,68.3,0.6,0.444,6500000.0,,20.0,,0.0,,,,,,,,,,14.211,,,,,,2,중부산,3,동천,동천3,범일교,1993,5,동천,B,6500000.0,1,1
199305,215,7.3,21.9,19.0,,18.4,4.0,0.441,400000.0,,22.0,,0.0,,,,,,,,,,13.048,,,,,,1,수영강,29,온천천,온천천1(태광산업),태광산업 앞,1993,5,온천천,A,400000.0,1,0
199305,216,7.1,29.7,21.8,,25.3,0.7,0.664,1500000.0,,21.0,,0.0,,,,,,,,,,14.337,,,,,,1,수영강,29,온천천,온천천2(연안교),연안교,1993,5,온천천,A,1500000.0,1,1
199306,206,7.3,25.3,20.9,,29.0,2.2,1.154,170000.0,,23.0,,0.0,0.0,0.0,0.0,0.0,0.0,0.0,,,,6.028,,,0.9,,,2,중부산,3,동천,동천1,광무교,1993,6,동천,B,170000.0,1,1
199306,207,7.3,32.1,19.2,,27.2,0.7,1.045,270000.0,,23.0,,0.0,0.0,0.0,0.0,0.0,0.0,0.0,,,,5.509,,,1.2,,,2,중부산,3,동천,동천2,범4호교,1993,6,동천,B,270000.0,1,1
199306,208,7.4,34.9,21.8,,25.3,0.3,1.283,4400000.0,,25.0,,0.0,0.0,0.0,0.0,0.0,0.0,0.0,,,,8.846,,,1.4,,,2,중부산,3,동천,동천3,범일교,1993,6,동천,B,4400000.0,1,1
199306,215,6.8,17.4,12.2,,13.2,6.5,0.769,430000.0,,21.0,,0.0,0.0,0.0,0.0,0.0,0.0,0.0,,,,4.278,,,0.3,,,1,수영강,29,온천천,온천천1(태광산업),태광산업 앞,1993,6,온천천,A,430000.0,1,0
199306,216,7.1,21.2,18.4,,21.7,1.5,1.049,21000.0,,24.0,,0.0,0.0,0.0,0.0,0.0,0.0,0.0,,,,5.606,,,0.4,,,1,수영강,29,온천천,온천천2(연안교),연안교,1993,6,온천천,A,21000.0,1,1
199307,206,7.5,22.2,14.3,,22.3,2.7,1.154,760000.0,,21.0,,0.0,,,,,,,,,,12.113,,,,,,2,중부산,3,동천,동천1,광무교,1993,7,동천,B,760000.0,1,1
199307,207,7.4,28.2,13.5,,19.1,1.5,1.228,630000.0,,22.0,,0.0,,,,,,,,,,11.184,,,,,,2,중부산,3,동천,동천2,범4호교,1993,7,동천,B,630000.0,1,1
199307,208,7.3,30.3,16.8,,29.8,0.4,1.547,2000000.0,,22.0,,0.0,,,,,,,,,,14.868,,,,,,2,중부산,3,동천,동천3,범일교,1993,7,동천,B,2000000.0,1,1
199307,215,7.2,20.9,17.9,,20.0,4.8,1.202,460000.0,,22.0,,0.0,,,,,,,,,,12.02,,,,,,1,수영강,29,온천천,온천천1(태광산업),태광산업 앞,1993,7,온천천,A,460000.0,1,0
199307,216,7.4,18.5,14.3,,14.6,1.1,1.547,940000.0,,22.0,,0.0,,,,,,,,,,10.998,,,,,,1,수영강,29,온천천,온천천2(연안교),연안교,1993,7,온천천,A,940000.0,1,1
199308,206,7.0,30.3,28.6,,55.2,5.0,1.601,1700000.0,,22.0,,0.0,,,,,,,,,,9.913,,,,,,2,중부산,3,동천,동천1,광무교,1993,8,동천,B,1700000.0,1,0
199308,207,7.0,24.6,26.5,,19.7,4.0,1.5,9400000.0,,23.0,,0.0,,,,,,,,,,10.584,,,,,,2,중부산,3,동천,동천2,범4호교,1993,8,동천,B,9400000.0,1,0
199308,208,6.8,30.0,21.1,,21.8,1.3,1.563,4100000.0,,24.0,,0.0,,,,,,,,,,11.728,,,,,,2,중부산,3,동천,동천3,범일교,1993,8,동천,B,4100000.0,1,1
199308,215,6.9,29.7,19.7,,21.8,7.2,1.09,4900000.0,,22.0,,0.0,,,,,,,,,,6.493,,,,,,1,수영강,29,온천천,온천천1(태광산업),태광산업 앞,1993,8,온천천,A,4900000.0,1,0
199308,216,6.8,22.6,17.7,,23.0,2.7,1.163,2100000.0,,23.0,,0.0,,,,,,,,,,9.522,,,,,,1,수영강,29,온천천,온천천2(연안교),연안교,1993,8,온천천,A,2100000.0,1,1
199309,206,7.1,44.5,21.1,,43.2,1.7,1.212,4300000.0,,23.0,,0.0,0.0,0.0,0.0,0.0,0.03,0.0,,,,15.496,,,0.7,,,2,중부산,3,동천,동천1,광무교,1993,9,동천,B,4300000.0,1,1
199309,207,7.0,49.2,19.0,,28.1,0.7,1.396,11000000.0,,23.0,,0.0,0.0,0.0,0.0,0.0,0.07,0.0,,,,17.628,,,1.1,,,2,중부산,3,동천,동천2,범4호교,1993,9,동천,B,11000000.0,1,1
199309,208,7.1,53.3,20.4,,24.1,0.5,1.442,7900000.0,,23.0,,0.0,0.0,0.0,0.0,0.0,0.07,0.0,,,,18.413,,,1.2,,,2,중부산,3,동천,동천3,범일교,1993,9,동천,B,7900000.0,1,1
199309,215,7.0,37.6,25.2,,34.4,3.5,2.083,6300000.0,,23.0,,0.0,0.0,0.0,0.0,0.0,0.03,0.0,,,,19.467,,,1.0,,,1,수영강,29,온천천,온천천1(태광산업),태광산업 앞,1993,9,온천천,A,6300000.0,1,0
199309,216,7.1,51.3,21.1,,38.1,0.4,2.021,2600000.0,,23.0,,0.0,0.0,0.0,0.0,0.0,0.07,0.0,,,,21.385,,,0.7,,,1,수영강,29,온천천,온천천2(연안교),연안교,1993,9,온천천,A,2600000.0,1,1
199310,206,7.1,54.7,26.1,,91.5,2.2,0.895,2100000.0,,19.0,,0.0,,,,,,,,,,22.648,,,,,,2,중부산,3,동천,동천1,광무교,1993,10,동천,B,2100000.0,1,1
199310,207,7.0,52.7,26.1,,62.2,2.1,1.214,14000000.0,,18.0,,0.0,,,,,,,,,,23.264,,,,,,2,중부산,3,동천,동천2,범4호교,1993,10,동천,B,14000000.0,1,1
199310,208,7.0,52.7,30.7,,29.7,0.6,1.0,3900000.0,,19.0,,0.0,,,,,,,,,,25.691,,,,,,2,중부산,3,동천,동천3,범일교,1993,10,동천,B,3900000.0,1,1
199310,215,7.1,54.7,32.1,,48.6,4.8,1.604,940000.0,,19.0,,0.0,,,,,,,,,,23.188,,,,,,1,수영강,29,온천천,온천천1(태광산업),태광산업 앞,1993,10,온천천,A,940000.0,1,0
199310,216,7.1,53.3,28.1,,68.2,0.9,1.354,7000000.0,,19.0,,0.0,,,,,,,,,,27.502,,,,,,1,수영강,29,온천천,온천천2(연안교),연안교,1993,10,온천천,A,7000000.0,1,1
199311,206,7.0,39.0,20.0,,44.5,2.5,0.738,410000.0,,17.0,,0.0,,,,,,,,,,13.832,,,,,,2,중부산,3,동천,동천1,광무교,1993,11,동천,B,410000.0,1,1
199311,207,7.0,48.6,24.0,,30.9,1.3,0.694,130000.0,,18.0,,0.0,,,,,,,,,,13.213,,,,,,2,중부산,3,동천,동천2,범4호교,1993,11,동천,B,130000.0,1,1
199311,208,6.9,54.7,25.1,,45.0,0.7,0.93,2100000.0,,18.0,,0.0,,,,,,,,,,16.51,,,,,,2,중부산,3,동천,동천3,범일교,1993,11,동천,B,2100000.0,1,1
199311,215,7.1,41.0,22.0,,19.4,3.6,1.199,120000.0,,20.0,,0.0,,,,,,,,,,12.144,,,,,,1,수영강,29,온천천,온천천1(태광산업),태광산업 앞,1993,11,온천천,A,120000.0,1,0
199311,216,6.8,43.1,23.1,,20.7,0.7,0.927,630000.0,,18.0,,0.0,,,,,,,,,,13.421,,,,,,1,수영강,29,온천천,온천천2(연안교),연안교,1993,11,온천천,A,630000.0,1,1
199312,206,7.2,62.2,29.4,,49.6,8.2,1.123,700000.0,,9.0,,0.0,0.0,0.0,0.0,0.0,0.0,0.0,,,,15.597,,,1.9,,,2,중부산,3,동천,동천1,광무교,1993,12,동천,B,700000.0,1,0
199312,207,7.2,62.9,30.7,,47.2,7.4,1.134,1300000.0,,9.0,,0.0,0.0,0.0,0.0,0.0,0.03,0.0,,,,16.271,,,1.6,,,2,중부산,3,동천,동천2,범4호교,1993,12,동천,B,1300000.0,1,0
199312,208,7.1,79.3,33.4,,76.3,6.2,1.328,2600000.0,,9.0,,0.0,0.0,0.0,0.0,0.0,0.0,0.0,,,,20.707,,,1.2,,,2,중부산,3,동천,동천3,범일교,1993,12,동천,B,2600000.0,1,0
199312,215,6.9,54.7,29.4,,41.8,7.2,1.185,940000.0,,10.0,,0.0,0.0,0.0,0.0,0.0,0.03,0.0,,,,17.692,,,1.1,,,1,수영강,29,온천천,온천천1(태광산업),태광산업 앞,1993,12,온천천,A,940000.0,1,0
199312,216,7.0,49.9,28.1,,29.8,4.3,0.415,2600000.0,,10.0,,0.0,0.0,0.0,0.0,0.0,0.03,0.0,,,,44.398,,,1.2,,,1,수영강,29,온천천,온천천2(연안교),연안교,1993,12,온천천,A,2600000.0,1,0
199401,206,7.4,90.3,53.1,,84.0,7.1,1.237,490000.0,,9.0,,0.0,,,,,,,,,,17.292,,,,,,2,중부산,3,동천,동천1,광무교,1994,1,동천,B,490000.0,1,0
199401,207,7.3,84.8,41.1,,76.5,5.8,1.229,460000.0,,10.0,,0.0,,,,,,,,,,19.652,,,,,,2,중부산,3,동천,동천2,범4호교,1994,1,동천,B,460000.0,1,0
199401,208,7.1,76.6,32.1,,87.5,3.2,1.287,2300000.0,,10.0,,0.0,,,,,,,,,,21.448,,,,,,2,중부산,3,동천,동천3,범일교,1994,1,동천,B,2300000.0,1,0
199401,215,7.2,86.2,53.1,,56.0,7.5,1.526,1800000.0,,10.0,,0.0,,,,,,,,,,20.943,,,,,,1,수영강,29,온천천,온천천1(태광산업),태광산업 앞,1994,1,온천천,A,1800000.0,1,0
199401,216,7.3,64.3,39.1,,110.0,3.2,1.412,700000.0,,9.0,,0.0,,,,,,,,,,24.548,,,,,,1,수영강,29,온천천,온천천2(연안교),연안교,1994,1,온천천,A,700000.0,1,0
199402,206,7.6,98.5,35.7,,82.0,7.3,0.754,120000.0,,8.0,,0.0,,,,,,,,,,21.549,,,,,,2,중부산,3,동천,동천1,광무교,1994,2,동천,B,120000.0,1,0
199402,207,7.5,78.0,36.7,,80.5,7.2,0.561,230000.0,,8.0,,0.0,,,,,,,,,,18.083,,,,,,2,중부산,3,동천,동천2,범4호교,1994,2,동천,B,230000.0,1,0
199402,208,7.0,35.9,25.5,,85.5,7.0,0.248,1100000.0,,7.0,,0.0,,,,,,,,,,12.049,,,,,,2,중부산,3,동천,동천3,범일교,1994,2,동천,B,1100000.0,1,0
199402,215,7.3,90.3,40.8,,58.0,6.6,0.688,460000.0,,12.0,,0.0,,,,,,,,,,18.619,,,,,,1,수영강,29,온천천,온천천1(태광산업),태광산업 앞,1994,2,온천천,A,460000.0,1,0
199402,216,7.3,91.6,45.9,,108.7,3.3,0.68,310000.0,,12.0,,0.0,,,,,,,,,,19.023,,,,,,1,수영강,29,온천천,온천천2(연안교),연안교,1994,2,온천천,A,310000.0,1,0
199403,206,7.5,90.3,46.2,,89.9,5.5,1.128,1400000.0,,10.0,,0.0,0.0,0.0,0.0,0.0,0.0,0.0,,,,21.979,,,1.3,,,2,중부산,3,동천,동천1,광무교,1994,3,동천,B,1400000.0,1,0
199403,207,7.6,94.4,49.0,,81.3,4.1,1.125,2300000.0,,11.0,,0.0,0.0,0.0,0.0,0.0,0.0,0.0,,,,27.966,,,1.3,,,2,중부산,3,동천,동천2,범4호교,1994,3,동천,B,2300000.0,1,0
199403,208,6.8,44.1,42.2,,69.7,3.9,0.978,4600000.0,,9.0,,0.0,0.0,0.0,0.0,0.0,0.0,0.0,,,,13.072,,,0.7,,,2,중부산,3,동천,동천3,범일교,1994,3,동천,B,4600000.0,1,0
199403,215,7.4,94.4,40.8,,80.9,6.0,1.133,1700000.0,,12.0,,0.0,0.0,0.0,0.0,0.0,0.0,0.0,,,,18.428,,,0.9,,,1,수영강,29,온천천,온천천1(태광산업),태광산업 앞,1994,3,온천천,A,1700000.0,1,0
199403,216,7.4,112.8,46.2,,81.0,2.1,1.166,1500000.0,,12.0,,0.0,0.0,0.0,0.0,0.0,0.0,0.0,,,,20.739,,,1.2,,,1,수영강,29,온천천,온천천2(연안교),연안교,1994,3,온천천,A,1500000.0,1,1
199404,206,7.5,106.7,46.9,,49.9,2.4,1.246,3300000.0,,17.0,,0.0,,,,,,,,,,24.388,,,,,,2,중부산,3,동천,동천1,광무교,1994,4,동천,B,3300000.0,1,1
199404,207,7.5,73.9,30.6,,31.2,1.1,1.183,1800000.0,,18.0,,0.0,,,,,,,,,,22.118,,,,,,2,중부산,3,동천,동천2,범4호교,1994,4,동천,B,1800000.0,1,1
199404,208,7.5,29.7,25.5,,15.6,0.7,0.515,3500000.0,,17.0,,0.0,,,,,,,,,,14.076,,,,,,2,중부산,3,동천,동천3,범일교,1994,4,동천,B,3500000.0,1,1
199201,206,7.5,102.6,57.1,,31.1,6.7,0.838,39000000.0,,10.0,,0.0,,,,,,,,,,9.668,,,,,,2,중부산,3,동천,동천1,광무교,1992,1,동천,B,39000000.0,1,0
199201,207,7.7,127.2,67.9,,78.0,6.1,1.025,40000000.0,,10.0,,0.0,,,,,,,,,,10.878,,,,,,2,중부산,3,동천,동천2,범4호교,1992,1,동천,B,40000000.0,1,0
199201,208,7.6,90.3,47.9,,37.0,5.2,1.095,84000000.0,,10.0,,0.0,,,,,,,,,,10.036,,,,,,2,중부산,3,동천,동천3,범일교,1992,1,동천,B,84000000.0,1,0
199201,215,7.3,109.4,47.9,,38.1,8.5,1.382,22000000.0,,9.0,,0.0,,,,,,,,,,12.496,,,,,,1,수영강,29,온천천,온천천1(태광산업),태광산업 앞,1992,1,온천천,A,22000000.0,1,0
199201,216,7.2,118.0,58.4,,28.3,3.0,1.182,17000000.0,,11.0,,0.0,,,,,,,,,,11.158,,,,,,1,수영강,29,온천천,온천천2(연안교),연안교,1992,1,온천천,A,17000000.0,1,0
199202,206,7.7,112.8,43.1,,65.0,5.8,0.966,3400000.0,,11.0,,0.0,,,,,,,,,,9.277,,,,,,2,중부산,3,동천,동천1,광무교,1992,2,동천,B,3400000.0,1,0
199202,207,7.3,131.3,50.1,,73.8,5.6,0.87,3900000.0,,11.0,,0.0,,,,,,,,,,10.683,,,,,,2,중부산,3,동천,동천2,범4호교,1992,2,동천,B,3900000.0,1,0
199202,208,7.5,59.5,36.1,,60.6,3.4,1.245,33000000.0,,11.0,,0.0,,,,,,,,,,9.261,,,,,,2,중부산,3,동천,동천3,범일교,1992,2,동천,B,33000000.0,1,0
199202,215,7.3,106.7,52.1,,40.9,7.3,1.934,17000000.0,,11.0,,0.0,,,,,,,,,,11.164,,,,,,1,수영강,29,온천천,온천천1(태광산업),태광산업 앞,1992,2,온천천,A,17000000.0,1,0
199202,216,7.4,213.4,49.4,,63.4,2.4,1.385,27000000.0,,12.0,,0.0,,,,,,,,,,10.369,,,,,,1,수영강,29,온천천,온천천2(연안교),연안교,1992,2,온천천,A,27000000.0,1,1
199203,206,7.6,82.1,29.7,,63.8,3.9,0.728,40000000.0,,13.0,,0.0,0.0,0.0,0.0,0.0,0.03,0.0,,,,6.574,,,0.8,,,2,중부산,3,동천,동천1,광무교,1992,3,동천,B,40000000.0,1,0
199203,207,7.5,113.2,46.1,,62.1,3.7,0.741,84000000.0,,13.0,,0.0,0.0,0.0,0.0,0.0,0.03,0.0,,,,7.008,,,0.8,,,2,중부산,3,동천,동천2,범4호교,1992,3,동천,B,84000000.0,1,0
199203,208,7.4,101.2,31.4,,89.6,2.8,1.398,48000000.0,,13.0,,0.0,0.0,0.0,0.0,0.0,0.03,0.0,,,,7.628,,,0.8,,,2,중부산,3,동천,동천3,범일교,1992,3,동천,B,48000000.0,1,1
199203,215,7.4,67.7,21.8,,44.0,6.8,1.538,33000000.0,,13.0,,0.0,0.0,0.0,0.0,0.0,0.03,0.0,,,,11.025,,,0.9,,,1,수영강,29,온천천,온천천1(태광산업),태광산업 앞,1992,3,온천천,A,33000000.0,1,0
199203,216,7.5,180.5,57.4,,41.6,2.3,1.363,39000000.0,,13.0,,0.0,0.0,0.0,0.0,0.0,0.03,0.0,,,,9.011,,,0.7,,,1,수영강,29,온천천,온천천2(연안교),연안교,1992,3,온천천,A,39000000.0,1,1
199204,207,7.9,123.1,49.1,,67.5,3.6,0.704,16000000.0,,15.0,,0.0,,,,,,,,,,6.74,,,,,,2,중부산,3,동천,동천2,범4호교,1992,4,동천,B,16000000.0,1,0
199204,208,7.1,80.0,47.1,,63.5,2.6,0.717,5000000.0,,15.0,,0.0,,,,,,,,,,6.475,,,,,,2,중부산,3,동천,동천3,범일교,1992,4,동천,B,5000000.0,1,1
199204,215,7.0,61.6,26.1,,26.5,6.5,1.419,3700000.0,,15.0,,0.0,,,,,,,,,,7.58,,,,,,1,수영강,29,온천천,온천천1(태광산업),태광산업 앞,1992,4,온천천,A,3700000.0,1,0
199204,216,7.3,174.4,60.1,,55.5,1.5,1.229,17000000.0,,16.0,,0.0,,,,,,,,,,8.221,,,,,,1,수영강,29,온천천,온천천2(연안교),연안교,1992,4,온천천,A,17000000.0,1,1
199205,207,7.0,123.1,31.6,,48.0,0.6,1.005,21000000.0,,21.0,,0.0,,,,,,,,,,7.403,,,,,,2,중부산,3,동천,동천2,범4호교,1992,5,동천,B,21000000.0,1,1
199205,208,7.4,97.1,33.6,,54.0,0.3,1.011,25000000.0,,22.0,,0.0,,,,,,,,,,7.271,,,,,,2,중부산,3,동천,동천3,범일교,1992,5,동천,B,25000000.0,1,1
199205,215,7.1,67.7,20.4,,18.7,3.7,1.398,32000000.0,,23.0,,0.0,,,,,,,,,,8.773,,,,,,1,수영강,29,온천천,온천천1(태광산업),태광산업 앞,1992,5,온천천,A,32000000.0,1,0
199205,216,7.2,149.5,40.8,,35.0,0.3,1.397,27000000.0,,23.0,,0.0,,,,,,,,,,8.884,,,,,,1,수영강,29,온천천,온천천2(연안교),연안교,1992,5,온천천,A,27000000.0,1,1
199206,206,7.1,98.0,30.2,,58.0,0.5,0.66,94000000.0,,23.0,,0.0,0.0,0.0,0.0,0.0,0.03,0.0,,,,6.598,,,0.5,,,2,중부산,3,동천,동천1,광무교,1992,6,동천,B,94000000.0,1,1
199206,207,7.1,114.3,31.6,,55.0,0.4,0.996,34000000.0,,23.0,,0.0,0.0,0.0,0.0,0.0,0.0,0.0,,,,7.288,,,0.5,,,2,중부산,3,동천,동천2,범4호교,1992,6,동천,B,34000000.0,1,1
199206,208,7.2,89.8,32.1,,72.0,0.4,0.999,40000000.0,,24.0,,0.0,0.0,0.0,0.0,0.0,0.0,0.0,,,,7.137,,,0.5,,,2,중부산,3,동천,동천3,범일교,1992,6,동천,B,40000000.0,1,1
199206,215,7.1,53.1,21.9,,42.0,4.4,0.986,70000000.0,,27.0,,0.0,0.0,0.0,0.0,0.0,0.0,0.0,,,,8.582,,,0.7,,,1,수영강,29,온천천,온천천1(태광산업),태광산업 앞,1992,6,온천천,A,70000000.0,1,0
199206,216,7.1,148.7,34.6,,38.0,0.4,1.25,58000000.0,,25.0,,0.0,0.0,0.0,0.0,0.0,0.0,0.0,,,,8.647,,,0.5,,,1,수영강,29,온천천,온천천2(연안교),연안교,1992,6,온천천,A,58000000.0,1,1
199207,207,7.2,72.5,31.2,,72.6,0.2,1.243,27000000.0,,26.0,,0.0,,,,,,,,,,7.592,,,,,,2,중부산,3,동천,동천2,범4호교,1992,7,동천,B,27000000.0,1,1
199207,208,7.2,71.2,28.4,,52.1,0.2,1.912,46000000.0,,27.0,,0.0,,,,,,,,,,7.822,,,,,,2,중부산,3,동천,동천3,범일교,1992,7,동천,B,46000000.0,1,1
199207,215,7.2,45.2,22.4,,31.3,3.0,3.309,63000000.0,,29.0,,0.0,,,,,,,,,,13.036,,,,,,1,수영강,29,온천천,온천천1(태광산업),태광산업 앞,1992,7,온천천,A,63000000.0,1,0
199207,216,7.3,83.1,31.6,,29.6,0.2,1.966,39000000.0,,29.0,,0.0,,,,,,,,,,10.414,,,,,,1,수영강,29,온천천,온천천2(연안교),연안교,1992,7,온천천,A,39000000.0,1,1
199208,206,6.8,96.6,33.4,,58.2,2.7,0.638,17000000.0,,24.0,,0.0,,,,,,,,,,6.57,,,,,,2,중부산,3,동천,동천1,광무교,1992,8,동천,B,17000000.0,1,1
199208,207,6.9,102.1,31.6,,61.6,1.2,1.208,4600000.0,,24.0,,0.0,,,,,,,,,,6.756,,,,,,2,중부산,3,동천,동천2,범4호교,1992,8,동천,B,4600000.0,1,1
199208,208,7.2,77.6,31.6,,58.2,0.6,1.184,7000000.0,,24.0,,0.0,,,,,,,,,,6.843,,,,,,2,중부산,3,동천,동천3,범일교,1992,8,동천,B,7000000.0,1,1
199208,215,7.1,49.0,21.9,,33.2,6.3,1.888,14000000.0,,25.0,,0.0,,,,,,,,,,9.967,,,,,,1,수영강,29,온천천,온천천1(태광산업),태광산업 앞,1992,8,온천천,A,14000000.0,1,0
199208,216,6.9,85.8,34.0,,30.3,1.7,1.238,13000000.0,,25.0,,0.0,,,,,,,,,,9.636,,,,,,1,수영강,29,온천천,온천천2(연안교),연안교,1992,8,온천천,A,13000000.0,1,1
199209,206,7.4,92.6,32.6,,64.9,2.1,1.023,4600000.0,,23.0,,0.0,0.0,0.0,0.0,0.0,0.0,0.0,,,,6.454,,,0.5,,,2,중부산,3,동천,동천1,광무교,1992,9,동천,B,4600000.0,1,1
199209,207,7.3,96.6,34.2,,64.8,1.8,1.148,2600000.0,,24.0,,0.0,0.0,0.0,0.0,0.0,0.0,0.0,,,,6.719,,,0.6,,,2,중부산,3,동천,동천2,범4호교,1992,9,동천,B,2600000.0,1,1
199209,208,7.3,59.2,27.9,,31.9,1.0,1.205,4900000.0,,23.0,,0.0,0.0,0.0,0.0,0.0,0.0,0.0,,,,6.366,,,0.7,,,2,중부산,3,동천,동천3,범일교,1992,9,동천,B,4900000.0,1,1
199209,215,7.2,44.2,24.5,,30.9,4.6,1.264,9400000.0,,25.0,,0.0,0.0,0.0,0.0,0.0,0.0,0.0,,,,6.958,,,0.6,,,1,수영강,29,온천천,온천천1(태광산업),태광산업 앞,1992,9,온천천,A,9400000.0,1,0
199209,216,7.4,70.8,31.2,,47.8,1.6,1.156,3300000.0,,23.0,,0.0,0.0,0.0,0.0,0.0,0.0,0.0,,,,6.87,,,0.5,,,1,수영강,29,온천천,온천천2(연안교),연안교,1992,9,온천천,A,3300000.0,1,1
199210,206,7.4,98.0,34.2,,75.9,2.2,1.037,3100000.0,,20.0,,0.0,,,,,,,,,,6.784,,,,,,2,중부산,3,동천,동천1,광무교,1992,10,동천,B,3100000.0,1,1
199210,207,7.5,88.5,37.7,,66.2,1.5,1.23,1100000.0,,20.0,,0.0,,,,,,,,,,7.357,,,,,,2,중부산,3,동천,동천2,범4호교,1992,10,동천,B,1100000.0,1,1
199210,208,7.6,64.3,28.5,,43.0,0.7,1.24,6300000.0,,21.0,,0.0,,,,,,,,,,7.104,,,,,,2,중부산,3,동천,동천3,범일교,1992,10,동천,B,6300000.0,1,1
199210,215,7.6,47.0,25.1,,27.1,6.2,1.259,2600000.0,,23.0,,0.0,,,,,,,,,,7.243,,,,,,1,수영강,29,온천천,온천천1(태광산업),태광산업 앞,1992,10,온천천,A,2600000.0,1,0
199210,216,7.4,74.9,31.9,,59.1,1.1,1.247,1400000.0,,22.0,,0.0,,,,,,,,,,7.256,,,,,,1,수영강,29,온천천,온천천2(연안교),연안교,1992,10,온천천,A,1400000.0,1,1
199412,208,7.3,53.6,12.6,,28.5,3.1,1.012,1100000.0,,12.0,,0.0,0.0,0.0,0.0,0.0,0.0,0.0,,,,13.151,,,0.9,,,2,중부산,3,동천,동천3,범일교,1994,12,동천,B,1100000.0,1,0
199412,215,7.5,108.2,25.3,,25.5,5.0,2.167,3100000.0,,13.0,,0.0,0.0,0.0,0.0,0.0,0.0,0.0,,,,28.032,,,1.2,,,1,수영강,29,온천천,온천천1(태광산업),태광산업 앞,1994,12,온천천,A,3100000.0,1,0
199412,216,7.6,99.5,28.5,,88.3,1.9,1.82,2300000.0,,13.0,,0.0,0.0,0.0,0.0,0.0,0.0,0.0,,,,20.071,,,0.8,,,1,수영강,29,온천천,온천천2(연안교),연안교,1994,12,온천천,A,2300000.0,1,1
199501,206,7.8,75.5,28.5,,69.2,8.6,2.152,3100000.0,,7.0,940.0,0.0,,,,,,,,,,24.649,,,,,,2,중부산,3,동천,동천1,광무교,1995,1,동천,B,3100000.0,1,0
199501,207,7.7,67.4,26.5,,76.1,8.3,1.806,3300000.0,,7.0,810.0,0.0,,,,,,,,,,27.315,,,,,,2,중부산,3,동천,동천2,범4호교,1995,1,동천,B,3300000.0,1,0
199501,208,7.4,38.8,14.8,,43.7,8.4,0.998,2300000.0,,5.0,1090.0,0.0,,,,,,,,,,16.909,,,,,,2,중부산,3,동천,동천3,범일교,1995,1,동천,B,2300000.0,1,0
199501,215,7.7,79.6,31.8,,51.7,7.4,2.634,4900000.0,,8.0,850.0,0.0,,,,,,,,,,31.653,,,,,,1,수영강,29,온천천,온천천1(태광산업),태광산업 앞,1995,1,온천천,A,4900000.0,1,0
199501,216,7.8,68.9,27.7,,195.5,6.3,2.278,1200000.0,,6.0,860.0,0.0,,,,,,,,,,30.909,,,,,,1,수영강,29,온천천,온천천2(연안교),연안교,1995,1,온천천,A,1200000.0,1,0
199502,206,8.1,128.6,48.9,,122.9,6.7,2.633,1700000.0,,6.0,980.0,0.0,,,,,,,,,,23.653,,,,,,2,중부산,3,동천,동천1,광무교,1995,2,동천,B,1700000.0,1,0
199502,207,8.1,89.8,38.7,,109.0,6.7,2.417,2200000.0,,6.0,970.0,0.0,,,,,,,,,,22.273,,,,,,2,중부산,3,동천,동천2,범4호교,1995,2,동천,B,2200000.0,1,0
199502,208,7.7,48.0,17.3,,20.6,7.4,0.877,310000.0,,5.0,980.0,0.0,,,,,,,,,,14.895,,,,,,2,중부산,3,동천,동천3,범일교,1995,2,동천,B,310000.0,1,0
199502,215,7.8,101.1,38.3,,41.7,6.3,2.714,1100000.0,,12.0,990.0,0.0,,,,,,,,,,26.7,,,,,,1,수영강,29,온천천,온천천1(태광산업),태광산업 앞,1995,2,온천천,A,1100000.0,1,0
199502,216,7.7,110.2,36.7,,40.1,3.9,2.475,1400000.0,,7.0,980.0,0.0,,,,,,,,,,22.647,,,,,,1,수영강,29,온천천,온천천2(연안교),연안교,1995,2,온천천,A,1400000.0,1,0
199503,206,7.5,85.7,43.6,,206.5,5.0,2.339,4300000.0,,11.0,1430.0,0.0,0.0,0.0,0.0,0.0,0.0,0.0,,,,23.637,,,1.1,,,2,중부산,3,동천,동천1,광무교,1995,3,동천,B,4300000.0,1,0
199503,207,7.6,64.3,39.6,,102.3,4.1,2.425,3300000.0,,11.0,960.0,0.0,0.0,0.0,0.0,0.0,0.0,0.0,,,,24.882,,,0.6,,,2,중부산,3,동천,동천2,범4호교,1995,3,동천,B,3300000.0,1,0
199503,208,7.4,36.7,24.6,,88.6,4.0,1.322,700000.0,,11.0,1840.0,0.0,0.0,0.0,0.0,0.0,0.0,0.0,,,,19.068,,,0.6,,,2,중부산,3,동천,동천3,범일교,1995,3,동천,B,700000.0,1,0
199503,215,7.6,76.6,44.0,,70.7,5.3,3.02,2300000.0,,15.0,830.0,0.0,0.0,0.0,0.0,0.0,0.0,0.0,,,,27.189,,,1.5,,,1,수영강,29,온천천,온천천1(태광산업),태광산업 앞,1995,3,온천천,A,2300000.0,1,0
199503,216,7.4,87.8,46.2,,94.9,1.6,1.965,3300000.0,,13.0,980.0,0.0,0.0,0.0,0.0,0.0,0.0,0.0,,,,21.373,,,2.5,,,1,수영강,29,온천천,온천천2(연안교),연안교,1995,3,온천천,A,3300000.0,1,1
199504,206,7.5,64.9,30.7,,33.3,1.5,2.079,5800000.0,,13.0,1190.0,0.0,,,,,,,,,,27.182,,,,,,2,중부산,3,동천,동천1,광무교,1995,4,동천,B,5800000.0,1,1
199504,207,7.5,64.9,33.7,,65.5,2.7,1.94,4900000.0,,13.0,900.0,0.0,,,,,,,,,,22.436,,,,,,2,중부산,3,동천,동천2,범4호교,1995,4,동천,B,4900000.0,1,1
199504,208,7.1,34.5,19.8,,20.8,2.7,0.879,4600000.0,,12.0,1810.0,0.0,,,,,,,,,,15.261,,,,,,2,중부산,3,동천,동천3,범일교,1995,4,동천,B,4600000.0,1,1
199504,215,7.3,68.9,35.2,,30.3,3.8,2.807,6300000.0,,18.0,740.0,0.0,,,,,,,,,,24.274,,,,,,1,수영강,29,온천천,온천천1(태광산업),태광산업 앞,1995,4,온천천,A,6300000.0,1,0
199504,216,7.2,72.0,36.3,,53.1,0.6,2.183,2300000.0,,17.0,1050.0,0.0,,,,,,,,,,23.436,,,,,,1,수영강,29,온천천,온천천2(연안교),연안교,1995,4,온천천,A,2300000.0,1,1
199505,206,7.2,50.2,25.0,,56.0,0.6,1.331,4900000.0,,19.0,1210.0,0.0,,,,,,,,,,21.729,,,,,,2,중부산,3,동천,동천1,광무교,1995,5,동천,B,4900000.0,1,1
199505,207,7.4,61.2,36.0,,105.3,0.5,2.102,3300000.0,,19.0,770.0,0.0,,,,,,,,,,26.868,,,,,,2,중부산,3,동천,동천2,범4호교,1995,5,동천,B,3300000.0,1,1
199505,208,7.4,60.0,36.0,,84.0,0.5,1.688,4300000.0,,19.0,750.0,0.0,,,,,,,,,,25.286,,,,,,2,중부산,3,동천,동천3,범일교,1995,5,동천,B,4300000.0,1,1
199505,215,7.3,85.7,54.7,,38.5,3.0,2.603,8400000.0,,23.0,690.0,0.0,,,,,,,,,,21.744,,,,,,1,수영강,29,온천천,온천천1(태광산업),태광산업 앞,1995,5,온천천,A,8400000.0,1,0
199505,216,7.3,89.3,51.1,,65.7,0.5,2.138,3100000.0,,23.0,890.0,0.0,,,,,,,,,,25.71,,,,,,1,수영강,29,온천천,온천천2(연안교),연안교,1995,5,온천천,A,3100000.0,1,1
199506,206,7.3,41.9,25.3,,52.2,3.8,0.986,4600000.0,,20.0,630.0,0.0,0.0,0.0,0.0,0.0,0.0,0.0,,,,16.74,,,0.8,,,2,중부산,3,동천,동천1,광무교,1995,6,동천,B,4600000.0,1,0
199506,207,7.3,47.0,25.6,,53.3,3.3,1.607,6300000.0,,20.0,640.0,0.0,0.0,0.0,0.0,0.0,0.0,0.0,,,,20.724,,,0.6,,,2,중부산,3,동천,동천2,범4호교,1995,6,동천,B,6300000.0,1,0
199506,208,7.1,39.8,21.6,,30.9,2.3,1.212,12000000.0,,20.0,660.0,0.0,0.0,0.0,0.0,0.0,0.0,0.0,,,,16.626,,,0.5,,,2,중부산,3,동천,동천3,범일교,1995,6,동천,B,12000000.0,1,1
199506,215,7.2,61.2,33.0,,22.3,5.6,1.794,7000000.0,,22.0,460.0,0.0,0.0,0.0,0.0,0.0,0.0,0.0,,,,17.703,,,1.1,,,1,수영강,29,온천천,온천천1(태광산업),태광산업 앞,1995,6,온천천,A,7000000.0,1,0
199506,216,7.3,59.7,31.2,,36.8,1.4,1.458,3300000.0,,22.0,620.0,0.0,0.0,0.0,0.0,0.0,0.0,0.0,,,,19.301,,,1.7,,,1,수영강,29,온천천,온천천2(연안교),연안교,1995,6,온천천,A,3300000.0,1,1
199507,206,7.6,51.0,31.2,,68.5,0.5,1.684,3100000.0,,24.0,720.0,0.0,,,,,,,,,,25.579,,,,,,2,중부산,3,동천,동천1,광무교,1995,7,동천,B,3100000.0,1,1
199507,207,7.5,57.2,28.8,,58.7,0.6,1.275,4900000.0,,23.0,780.0,0.0,,,,,,,,,,17.689,,,,,,2,중부산,3,동천,동천2,범4호교,1995,7,동천,B,4900000.0,1,1
199507,208,7.3,38.8,19.2,,14.5,0.5,0.797,3300000.0,,23.0,1390.0,0.0,,,,,,,,,,20.65,,,,,,2,중부산,3,동천,동천3,범일교,1995,7,동천,B,3300000.0,1,1
199507,215,7.6,48.0,29.0,,23.2,3.0,1.177,9400000.0,,23.0,460.0,0.0,,,,,,,,,,25.302,,,,,,1,수영강,29,온천천,온천천1(태광산업),태광산업 앞,1995,7,온천천,A,9400000.0,1,0
199507,216,7.6,57.6,28.0,,41.9,0.5,1.491,4900000.0,,23.0,720.0,0.0,,,,,,,,,,20.734,,,,,,1,수영강,29,온천천,온천천2(연안교),연안교,1995,7,온천천,A,4900000.0,1,1
199508,206,7.4,50.5,40.0,,52.8,0.6,2.022,1500000.0,,27.0,1020.0,0.0,,,,,,,,,,21.684,,,,,,2,중부산,3,동천,동천1,광무교,1995,8,동천,B,1500000.0,1,1
199508,207,7.4,53.6,32.0,,53.7,0.8,1.923,4600000.0,,27.0,950.0,0.0,,,,,,,,,,22.28,,,,,,2,중부산,3,동천,동천2,범4호교,1995,8,동천,B,4600000.0,1,1
199508,208,7.3,43.9,30.4,,41.4,0.5,1.447,9300000.0,,28.0,1550.0,0.0,,,,,,,,,,12.923,,,,,,2,중부산,3,동천,동천3,범일교,1995,8,동천,B,9300000.0,1,1
199508,215,7.4,45.9,28.7,,37.2,4.3,2.596,46000000.0,,27.0,580.0,0.0,,,,,,,,,,26.906,,,,,,1,수영강,29,온천천,온천천1(태광산업),태광산업 앞,1995,8,온천천,A,46000000.0,1,0
199508,216,7.5,55.1,30.7,,33.6,0.4,1.884,9300000.0,,29.0,790.0,0.0,,,,,,,,,,24.235,,,,,,1,수영강,29,온천천,온천천2(연안교),연안교,1995,8,온천천,A,9300000.0,1,1
199509,206,7.4,51.0,26.0,,34.6,0.8,2.01,3500000.0,,22.0,660.0,0.0,0.0,0.0,0.0,0.0,0.0,0.0,,,,22.051,,,0.4,,,2,중부산,3,동천,동천1,광무교,1995,9,동천,B,3500000.0,1,1
199509,207,7.5,34.7,26.0,,16.7,0.9,1.85,79000.0,,21.0,660.0,0.0,0.0,0.0,0.0,0.0,0.0,0.0,,,,21.188,,,0.4,,,2,중부산,3,동천,동천2,범4호교,1995,9,동천,B,79000.0,1,1
199509,208,7.4,15.9,11.5,,8.6,0.6,0.991,46000.0,,21.0,950.0,0.0,0.0,0.0,0.0,0.0,0.0,0.0,,,,8.912,,,0.5,,,2,중부산,3,동천,동천3,범일교,1995,9,동천,B,46000.0,1,1
199509,215,7.6,22.2,22.7,,15.5,4.6,3.0,2800000.0,,21.0,700.0,0.0,0.0,0.0,0.0,0.0,0.0,0.0,,,,18.467,,,0.5,,,1,수영강,29,온천천,온천천1(태광산업),태광산업 앞,1995,9,온천천,A,2800000.0,1,0
199509,216,7.6,30.6,14.5,,37.8,0.9,2.009,350000.0,,21.0,810.0,0.0,0.0,0.0,0.0,0.0,0.0,0.0,,,,24.396,,,0.6,,,1,수영강,29,온천천,온천천2(연안교),연안교,1995,9,온천천,A,350000.0,1,1
199510,206,7.5,41.9,25.3,,36.5,0.9,1.412,5300000.0,,20.0,870.0,0.0,,,,,,,,,,26.682,,,,,,2,중부산,3,동천,동천1,광무교,1995,10,동천,B,5300000.0,1,1
199510,207,7.5,48.0,27.0,,34.2,1.7,1.697,750000.0,,20.0,860.0,0.0,,,,,,,,,,24.478,,,,,,2,중부산,3,동천,동천2,범4호교,1995,10,동천,B,750000.0,1,1
199510,208,7.4,20.8,17.0,,14.0,0.7,1.127,53000.0,,20.0,6000.0,0.0,,,,,,,,,,15.509,,,,,,2,중부산,3,동천,동천3,범일교,1995,10,동천,B,53000.0,1,1
199510,215,7.4,20.4,23.4,,18.8,5.5,1.577,14000000.0,,22.0,660.0,0.0,,,,,,,,,,21.323,,,,,,1,수영강,29,온천천,온천천1(태광산업),태광산업 앞,1995,10,온천천,A,14000000.0,1,0
199510,216,7.6,37.8,32.0,,35.6,0.9,1.979,4300000.0,,21.0,1150.0,0.0,,,,,,,,,,32.966,,,,,,1,수영강,29,온천천,온천천2(연안교),연안교,1995,10,온천천,A,4300000.0,1,1
199511,206,7.6,64.3,34.4,,39.1,3.9,2.984,16000000.0,,13.0,890.0,0.0,,,,,,,,,,18.263,,,,,,2,중부산,3,동천,동천1,광무교,1995,11,동천,B,16000000.0,1,0
199511,207,7.6,56.7,23.2,,24.1,3.2,3.073,150000.0,,13.0,930.0,0.0,,,,,,,,,,17.677,,,,,,2,중부산,3,동천,동천2,범4호교,1995,11,동천,B,150000.0,1,0
199511,208,7.6,23.9,22.0,,14.1,3.1,2.284,360000.0,,12.0,1000.0,0.0,,,,,,,,,,10.821,,,,,,2,중부산,3,동천,동천3,범일교,1995,11,동천,B,360000.0,1,0
199511,215,7.6,37.8,26.0,,23.4,7.1,2.68,1200000.0,,13.0,670.0,0.0,,,,,,,,,,13.969,,,,,,1,수영강,29,온천천,온천천1(태광산업),태광산업 앞,1995,11,온천천,A,1200000.0,1,0
199511,216,7.9,65.8,37.0,,48.3,1.7,2.481,290000.0,,14.0,1120.0,0.0,,,,,,,,,,27.947,,,,,,1,수영강,29,온천천,온천천2(연안교),연안교,1995,11,온천천,A,290000.0,1,1
199512,206,7.7,14.1,16.8,,9.5,4.9,0.847,2200000.0,,6.0,810.0,0.0,0.0,0.0,0.0,0.0,0.0,0.0,,,,14.384,,,0.2,,,2,중부산,3,동천,동천1,광무교,1995,12,동천,B,2200000.0,1,0
199512,207,7.6,68.9,35.0,,45.4,3.2,2.278,2700000.0,,10.0,1060.0,0.0,0.0,0.0,0.0,0.0,0.0,0.0,,,,22.859,,,0.8,,,2,중부산,3,동천,동천2,범4호교,1995,12,동천,B,2700000.0,1,0
199512,208,7.5,35.7,28.7,,31.8,4.8,1.164,2200000.0,,9.0,1320.0,0.0,0.0,0.0,0.0,0.0,0.0,0.0,,,,16.013,,,0.8,,,2,중부산,3,동천,동천3,범일교,1995,12,동천,B,2200000.0,1,0
199512,215,7.4,45.9,27.3,,32.0,6.5,2.654,2300000.0,,13.0,940.0,0.0,0.0,0.0,0.0,0.0,0.0,0.0,,,,16.083,,,1.1,,,1,수영강,29,온천천,온천천1(태광산업),태광산업 앞,1995,12,온천천,A,2300000.0,1,0
199512,216,7.6,65.8,42.0,,57.2,2.5,2.567,2500000.0,,10.0,1460.0,0.0,0.0,0.0,0.0,0.0,0.0,0.0,,,,24.742,,,1.0,,,1,수영강,29,온천천,온천천2(연안교),연안교,1995,12,온천천,A,2500000.0,1,1
199601,206,7.2,110.2,34.7,,49.2,8.2,3.726,7000000.0,,5.0,870.0,0.0,,,,,,,,,,22.939,,,,,,2,중부산,3,동천,동천1,광무교,1996,1,동천,B,7000000.0,1,0
199601,207,7.1,87.3,28.0,,47.7,8.6,1.689,8400000.0,,5.0,850.0,0.0,,,,,,,,,,19.388,,,,,,2,중부산,3,동천,동천2,범4호교,1996,1,동천,B,8400000.0,1,0
199601,208,7.1,31.6,17.3,,12.3,8.6,0.696,1300000.0,,5.0,1720.0,0.0,,,,,,,,,,13.459,,,,,,2,중부산,3,동천,동천3,범일교,1996,1,동천,B,1300000.0,1,0
199601,215,7.2,72.3,32.7,,51.8,8.5,2.862,5800000.0,,9.0,950.0,0.0,,,,,,,,,,20.436,,,,,,1,수영강,29,온천천,온천천1(태광산업),태광산업 앞,1996,1,온천천,A,5800000.0,1,0
199601,216,7.1,107.2,39.0,,78.7,4.2,1.595,4600000.0,,7.0,940.0,0.0,,,,,,,,,,23.895,,,,,,1,수영강,29,온천천,온천천2(연안교),연안교,1996,1,온천천,A,4600000.0,1,0
199602,206,7.3,100.0,45.0,,62.7,7.0,1.99,4600000.0,,9.0,910.0,0.0,,,,,,,,,,35.196,,,,,,2,중부산,3,동천,동천1,광무교,1996,2,동천,B,4600000.0,1,0
199602,207,7.2,138.8,41.0,,38.0,6.5,1.883,4300000.0,,8.0,920.0,0.0,,,,,,,,,,31.831,,,,,,2,중부산,3,동천,동천2,범4호교,1996,2,동천,B,4300000.0,1,0
199602,208,7.2,89.8,37.0,,25.6,4.3,2.029,1700000.0,,12.0,1090.0,0.0,,,,,,,,,,28.177,,,,,,2,중부산,3,동천,동천3,범일교,1996,2,동천,B,1700000.0,1,0
199602,215,7.1,75.6,44.0,,47.6,6.1,3.718,2600000.0,,11.0,1010.0,0.0,,,,,,,,,,27.896,,,,,,1,수영강,29,온천천,온천천1(태광산업),태광산업 앞,1996,2,온천천,A,2600000.0,1,0
199602,216,7.1,75.5,32.0,,42.1,4.7,2.903,1100000.0,,8.0,1040.0,0.0,,,,,,,,,,44.998,,,,,,1,수영강,29,온천천,온천천2(연안교),연안교,1996,2,온천천,A,1100000.0,1,0
199603,206,7.3,91.9,46.0,,64.7,5.5,2.425,5300000.0,,10.0,830.0,0.0,0.0,0.0,0.0,0.0,0.0,0.0,,,,20.541,,,5.0,,,2,중부산,3,동천,동천1,광무교,1996,3,동천,B,5300000.0,1,0
199603,207,7.4,89.8,42.0,,63.6,4.6,1.062,2500000.0,,9.0,860.0,0.0,0.0,0.0,0.0,0.0,0.0,0.0,,,,12.881,,,3.9,,,2,중부산,3,동천,동천2,범4호교,1996,3,동천,B,2500000.0,1,0
199603,208,7.2,48.0,21.3,,15.8,6.0,0.658,750000.0,,8.0,980.0,0.0,0.0,0.0,0.0,0.0,0.0,0.0,,,,82.401,,,0.4,,,2,중부산,3,동천,동천3,범일교,1996,3,동천,B,750000.0,1,0
199603,215,7.4,77.6,44.0,,33.8,7.5,0.621,2400000.0,,11.0,760.0,0.0,0.0,0.0,0.0,0.0,0.0,0.0,,,,75.649,,,6.1,,,1,수영강,29,온천천,온천천1(태광산업),태광산업 앞,1996,3,온천천,A,2400000.0,1,0
199603,216,7.5,79.6,43.0,,48.0,2.5,2.406,9300000.0,,11.0,970.0,0.0,0.0,0.0,0.0,0.0,0.0,0.0,,,,38.889,,,6.3,,,1,수영강,29,온천천,온천천2(연안교),연안교,1996,3,온천천,A,9300000.0,1,1
199604,206,7.4,116.4,52.0,,67.0,2.3,3.088,2600000.0,,13.0,930.0,0.0,,,,,,,,,,39.929,,,,,,2,중부산,3,동천,동천1,광무교,1996,4,동천,B,2600000.0,1,1
199604,207,7.3,91.9,44.0,,54.5,2.0,2.485,3200000.0,,12.0,1030.0,0.0,,,,,,,,,,34.777,,,,,,2,중부산,3,동천,동천2,범4호교,1996,4,동천,B,3200000.0,1,1
199604,208,7.4,51.4,34.0,,64.1,3.7,1.519,2200000.0,,13.0,18000.0,0.0,,,,,,,,,,23.261,,,,,,2,중부산,3,동천,동천3,범일교,1996,4,동천,B,2200000.0,1,0
199604,215,7.4,69.4,51.0,,50.6,5.7,3.666,940000.0,,13.0,890.0,0.0,,,,,,,,,,34.178,,,,,,1,수영강,29,온천천,온천천1(태광산업),태광산업 앞,1996,4,온천천,A,940000.0,1,0
199604,216,7.6,75.5,43.0,,42.9,3.5,2.752,1700000.0,,12.0,940.0,0.0,,,,,,,,,,29.843,,,,,,1,수영강,29,온천천,온천천2(연안교),연안교,1996,4,온천천,A,1700000.0,1,0
199605,206,7.4,113.3,48.0,,105.0,1.1,3.863,540000.0,,17.0,900.0,0.0,,,,,,,,,,34.58,,,,,,2,중부산,3,동천,동천1,광무교,1996,5,동천,B,540000.0,1,1
199605,207,7.3,79.6,46.0,,73.5,0.6,2.613,680000.0,,18.0,920.0,0.0,,,,,,,,,,32.784,,,,,,2,중부산,3,동천,동천2,범4호교,1996,5,동천,B,680000.0,1,1
199605,208,7.2,33.1,26.1,,28.1,0.8,0.891,760000.0,,17.0,980.0,0.0,,,,,,,,,,24.1,,,,,,2,중부산,3,동천,동천3,범일교,1996,5,동천,B,760000.0,1,1
199605,215,7.5,59.2,31.0,,26.1,3.7,3.089,1100000.0,,18.0,1050.0,0.0,,,,,,,,,,32.489,,,,,,1,수영강,29,온천천,온천천1(태광산업),태광산업 앞,1996,5,온천천,A,1100000.0,1,0
199605,216,7.4,73.5,42.0,,42.9,0.7,2.844,660000.0,,19.0,980.0,0.0,,,,,,,,,,31.729,,,,,,1,수영강,29,온천천,온천천2(연안교),연안교,1996,5,온천천,A,660000.0,1,1
199606,206,7.8,98.0,44.0,,2300.2,0.8,1.947,890000.0,,24.0,1310.0,0.0,0.0,0.0,0.0,0.0,0.0,0.0,,,,18.674,,,1.0,,,2,중부산,3,동천,동천1,광무교,1996,6,동천,B,890000.0,1,1
199606,207,7.3,24.5,44.0,,75.2,1.7,2.488,1500000.0,,24.0,970.0,0.0,0.0,0.0,0.0,0.0,0.0,0.0,,,,24.536,,,1.3,,,2,중부산,3,동천,동천2,범4호교,1996,6,동천,B,1500000.0,1,1
199606,208,7.1,15.3,22.0,,25.4,0.7,0.847,1300000.0,,19.0,2450.0,0.0,0.0,0.0,0.0,0.0,0.0,0.0,,,,10.204,,,0.2,,,2,중부산,3,동천,동천3,범일교,1996,6,동천,B,1300000.0,1,1
199606,215,7.2,23.0,36.0,,29.7,2.9,2.455,6900000.0,,20.0,770.0,0.0,0.0,0.0,0.0,0.0,0.0,0.0,,,,18.012,,,1.2,,,1,수영강,29,온천천,온천천1(태광산업),태광산업 앞,1996,6,온천천,A,6900000.0,1,1
199606,216,7.3,77.6,33.0,,51.2,0.6,2.047,1200000.0,,24.0,1280.0,0.0,0.0,0.0,0.0,0.0,0.0,0.0,,,,25.004,,,0.6,,,1,수영강,29,온천천,온천천2(연안교),연안교,1996,6,온천천,A,1200000.0,1,1
199607,206,7.4,52.1,30.7,,44.1,2.2,0.95,3300000.0,,24.0,590.0,0.0,,,,,,,,,,18.758,,,,,,2,중부산,3,동천,동천1,광무교,1996,7,동천,B,3300000.0,1,1
199607,207,7.2,34.3,29.3,,17.1,1.1,1.618,4000000.0,,25.0,680.0,0.0,,,,,,,,,,16.12,,,,,,2,중부산,3,동천,동천2,범4호교,1996,7,동천,B,4000000.0,1,1
199607,208,7.2,23.1,24.7,,9.5,1.3,0.978,32.0,,26.0,1410.0,0.0,,,,,,,,,,12.494,,,,,,2,중부산,3,동천,동천3,범일교,1996,7,동천,B,32.0,0,1
199607,215,7.3,29.4,22.7,,9.2,5.6,1.799,1700000.0,,27.0,490.0,0.0,,,,,,,,,,15.54,,,,,,1,수영강,29,온천천,온천천1(태광산업),태광산업 앞,1996,7,온천천,A,1700000.0,1,0
199607,216,7.0,16.5,18.7,,7.0,8.4,0.221,110000.0,,25.0,290.0,0.0,,,,,,,,,,6.545,,,,,,1,수영강,29,온천천,온천천2(연안교),연안교,1996,7,온천천,A,110000.0,1,0
199608,206,7.2,49.0,32.0,,36.9,0.8,2.433,700000.0,,29.0,720.0,0.0,,,,,,,,,,24.469,,,,,,2,중부산,3,동천,동천1,광무교,1996,8,동천,B,700000.0,1,1
199608,207,7.3,49.0,30.0,,60.7,0.6,2.553,1100000.0,,29.0,750.0,0.0,,,,,,,,,,22.906,,,,,,2,중부산,3,동천,동천2,범4호교,1996,8,동천,B,1100000.0,1,1
199608,208,7.2,19.9,18.0,,12.0,0.5,1.225,840000.0,,30.0,1650.0,0.0,,,,,,,,,,12.419,,,,,,2,중부산,3,동천,동천3,범일교,1996,8,동천,B,840000.0,1,1
199608,215,7.3,30.6,27.0,,20.1,3.5,2.358,1400000.0,,29.0,590.0,0.0,,,,,,,,,,20.199,,,,,,1,수영강,29,온천천,온천천1(태광산업),태광산업 앞,1996,8,온천천,A,1400000.0,1,0
199608,216,7.2,67.4,53.3,,23.8,0.4,1.618,1700000.0,,29.0,1260.0,0.0,,,,,,,,,,23.132,,,,,,1,수영강,29,온천천,온천천2(연안교),연안교,1996,8,온천천,A,1700000.0,1,1
199609,206,7.3,36.7,27.0,,142.8,3.3,1.941,630000.0,,25.0,510.0,0.0,0.0,0.0,0.0,0.0,0.0,0.0,,,,18.147,,,1.5,,,2,중부산,3,동천,동천1,광무교,1996,9,동천,B,630000.0,1,0
199609,207,7.4,33.7,21.3,,38.5,2.0,1.595,1700000.0,,25.0,530.0,0.0,0.0,0.0,0.0,0.0,0.0,0.0,,,,23.283,,,1.6,,,2,중부산,3,동천,동천2,범4호교,1996,9,동천,B,1700000.0,1,1
199404,215,7.4,63.6,36.7,,30.2,3.3,0.716,3100000.0,,21.0,,0.0,,,,,,,,,,17.412,,,,,,1,수영강,29,온천천,온천천1(태광산업),태광산업 앞,1994,4,온천천,A,3100000.0,1,0
199404,216,7.5,102.6,42.8,,91.3,0.5,1.22,2300000.0,,21.0,,0.0,,,,,,,,,,20.045,,,,,,1,수영강,29,온천천,온천천2(연안교),연안교,1994,4,온천천,A,2300000.0,1,1
199405,206,8.1,69.8,34.7,,114.0,1.2,0.867,1800000.0,,21.0,,0.0,,,,,,,,,,23.669,,,,,,2,중부산,3,동천,동천1,광무교,1994,5,동천,B,1800000.0,1,1
199405,207,7.8,59.5,30.6,,68.0,0.6,0.842,1100000.0,,21.0,,0.0,,,,,,,,,,23.002,,,,,,2,중부산,3,동천,동천2,범4호교,1994,5,동천,B,1100000.0,1,1
199405,208,7.3,25.6,21.4,,11.5,0.4,0.583,1400000.0,,20.0,,0.0,,,,,,,,,,21.821,,,,,,2,중부산,3,동천,동천3,범일교,1994,5,동천,B,1400000.0,1,1
199405,215,7.4,49.2,23.5,,12.0,3.1,0.729,700000.0,,26.0,,0.0,,,,,,,,,,21.004,,,,,,1,수영강,29,온천천,온천천1(태광산업),태광산업 앞,1994,5,온천천,A,700000.0,1,0
199405,216,7.5,47.2,29.6,,149.0,0.4,1.004,3300000.0,,25.0,,0.0,,,,,,,,,,20.87,,,,,,1,수영강,29,온천천,온천천2(연안교),연안교,1994,5,온천천,A,3300000.0,1,1
199406,206,7.4,82.1,51.1,,58.8,0.9,0.819,460000.0,,23.0,,0.0,0.0,0.0,0.0,0.0,0.0,0.0,,,,27.405,,,1.5,,,2,중부산,3,동천,동천1,광무교,1994,6,동천,B,460000.0,1,1
199406,207,7.4,92.3,59.1,,56.6,0.8,0.81,330000.0,,23.0,,0.0,0.0,0.0,0.0,0.0,0.0,0.0,,,,24.971,,,1.3,,,2,중부산,3,동천,동천2,범4호교,1994,6,동천,B,330000.0,1,1
199406,208,7.5,48.2,20.0,,40.4,1.0,0.525,460000.0,,22.0,,0.0,0.0,0.0,0.0,0.0,0.0,0.0,,,,14.966,,,0.6,,,2,중부산,3,동천,동천3,범일교,1994,6,동천,B,460000.0,1,1
199406,215,7.4,75.4,46.1,,21.2,2.6,0.688,230000.0,,28.0,,0.0,0.0,0.0,0.0,0.0,0.0,0.0,,,,10.892,,,0.8,,,1,수영강,29,온천천,온천천1(태광산업),태광산업 앞,1994,6,온천천,A,230000.0,1,1
199406,216,7.5,84.1,30.1,,20.2,0.6,1.122,700000.0,,27.0,,0.0,0.0,0.0,0.0,0.0,0.0,0.0,,,,17.912,,,1.0,,,1,수영강,29,온천천,온천천2(연안교),연안교,1994,6,온천천,A,700000.0,1,1
199407,206,7.4,75.9,39.1,,36.8,0.5,1.09,6300000.0,,28.0,,0.0,,,,,,,,,,31.212,,,,,,2,중부산,3,동천,동천1,광무교,1994,7,동천,B,6300000.0,1,1
199407,207,7.5,71.8,34.1,,47.2,0.8,0.9,3100000.0,,28.0,,0.0,,,,,,,,,,28.011,,,,,,2,중부산,3,동천,동천2,범4호교,1994,7,동천,B,3100000.0,1,1
199407,208,7.4,56.9,28.5,,91.4,0.5,0.897,12000000.0,,29.0,,0.0,,,,,,,,,,18.258,,,,,,2,중부산,3,동천,동천3,범일교,1994,7,동천,B,12000000.0,1,1
199407,215,7.4,67.7,34.1,,36.3,2.7,0.86,7000000.0,,31.0,,0.0,,,,,,,,,,11.003,,,,,,1,수영강,29,온천천,온천천1(태광산업),태광산업 앞,1994,7,온천천,A,7000000.0,1,1
199407,216,7.6,75.9,26.1,,48.7,1.1,0.932,11000000.0,,31.0,,0.0,,,,,,,,,,23.592,,,,,,1,수영강,29,온천천,온천천2(연안교),연안교,1994,7,온천천,A,11000000.0,1,1
199408,206,7.5,65.7,29.6,,39.5,0.6,0.749,1400000.0,,26.0,,0.0,,,,,,,,,,22.29,,,,,,2,중부산,3,동천,동천1,광무교,1994,8,동천,B,1400000.0,1,1
199408,207,7.7,53.9,22.4,,56.3,0.5,0.823,700000.0,,26.0,,0.0,,,,,,,,,,19.046,,,,,,2,중부산,3,동천,동천2,범4호교,1994,8,동천,B,700000.0,1,1
199408,208,7.3,49.2,26.5,,62.7,0.4,0.773,4600000.0,,26.0,,0.0,,,,,,,,,,12.797,,,,,,2,중부산,3,동천,동천3,범일교,1994,8,동천,B,4600000.0,1,1
199408,215,7.4,43.1,21.7,,54.7,3.4,1.201,4900000.0,,27.0,,0.0,,,,,,,,,,19.969,,,,,,1,수영강,29,온천천,온천천1(태광산업),태광산업 앞,1994,8,온천천,A,4900000.0,1,0
199408,216,7.5,65.7,27.2,,46.1,1.7,1.025,3300000.0,,28.0,,0.0,,,,,,,,,,20.415,,,,,,1,수영강,29,온천천,온천천2(연안교),연안교,1994,8,온천천,A,3300000.0,1,1
199409,206,7.6,63.6,21.7,,44.6,1.5,0.839,1400000.0,,26.0,,0.0,0.0,0.0,0.0,0.0,0.0,0.0,,,,18.85,,,1.2,,,2,중부산,3,동천,동천1,광무교,1994,9,동천,B,1400000.0,1,1
199409,207,7.6,50.8,21.4,,36.3,0.4,0.97,3300000.0,,26.0,,0.0,0.0,0.0,0.0,0.0,0.0,0.0,,,,17.163,,,1.0,,,2,중부산,3,동천,동천2,범4호교,1994,9,동천,B,3300000.0,1,1
199409,208,7.7,46.2,18.9,,52.6,0.5,1.003,3100000.0,,27.0,,0.0,0.0,0.0,0.0,0.0,0.0,0.0,,,,17.88,,,0.6,,,2,중부산,3,동천,동천3,범일교,1994,9,동천,B,3100000.0,1,1
199409,215,7.6,40.0,21.7,,55.7,3.6,1.62,4600000.0,,27.0,,0.0,0.0,0.0,0.0,0.0,0.0,0.0,,,,23.537,,,0.8,,,1,수영강,29,온천천,온천천1(태광산업),태광산업 앞,1994,9,온천천,A,4600000.0,1,0
199409,216,7.8,63.6,25.5,,42.8,0.2,1.292,7000000.0,,26.0,,0.0,0.0,0.0,0.0,0.0,0.0,0.0,,,,19.788,,,1.3,,,1,수영강,29,온천천,온천천2(연안교),연안교,1994,9,온천천,A,7000000.0,1,1
199410,206,7.5,58.5,24.5,,45.7,2.0,0.996,1300000.0,,20.0,,0.0,,,,,,,,,,22.261,,,,,,2,중부산,3,동천,동천1,광무교,1994,10,동천,B,1300000.0,1,1
199410,207,7.5,64.6,25.1,,41.6,1.1,0.963,2700000.0,,21.0,,0.0,,,,,,,,,,19.765,,,,,,2,중부산,3,동천,동천2,범4호교,1994,10,동천,B,2700000.0,1,1
199410,208,7.4,34.3,15.0,,39.9,0.6,0.847,2600000.0,,20.0,,0.0,,,,,,,,,,15.313,,,,,,2,중부산,3,동천,동천3,범일교,1994,10,동천,B,2600000.0,1,1
199410,215,7.4,40.6,23.4,,44.9,3.1,1.571,4300000.0,,23.0,,0.0,,,,,,,,,,21.759,,,,,,1,수영강,29,온천천,온천천1(태광산업),태광산업 앞,1994,10,온천천,A,4300000.0,1,0
199410,216,7.4,55.4,29.1,,32.2,0.5,1.328,6300000.0,,22.0,,0.0,,,,,,,,,,21.26,,,,,,1,수영강,29,온천천,온천천2(연안교),연안교,1994,10,온천천,A,6300000.0,1,1
199411,206,7.4,102.6,41.1,,108.3,1.9,1.567,1200000.0,,16.0,,0.0,,,,,,,,,,22.52,,,,,,2,중부산,3,동천,동천1,광무교,1994,11,동천,B,1200000.0,1,1
199411,207,7.4,88.2,37.1,,97.3,1.1,1.579,2400000.0,,16.0,,0.0,,,,,,,,,,20.209,,,,,,2,중부산,3,동천,동천2,범4호교,1994,11,동천,B,2400000.0,1,1
199411,208,7.2,49.2,10.5,,24.1,2.1,1.025,2600000.0,,15.0,,0.0,,,,,,,,,,11.759,,,,,,2,중부산,3,동천,동천3,범일교,1994,11,동천,B,2600000.0,1,1
199411,215,7.3,61.6,32.1,,52.9,4.4,1.911,7900000.0,,18.0,,0.0,,,,,,,,,,30.292,,,,,,1,수영강,29,온천천,온천천1(태광산업),태광산업 앞,1994,11,온천천,A,7900000.0,1,0
199411,216,7.4,82.1,42.8,,481.5,0.5,1.883,3300000.0,,18.0,,0.0,,,,,,,,,,24.055,,,,,,1,수영강,29,온천천,온천천2(연안교),연안교,1994,11,온천천,A,3300000.0,1,1
199412,206,7.4,106.2,32.6,,80.2,3.7,1.334,1800000.0,,13.0,,0.0,0.0,0.0,0.0,0.0,0.0,0.0,,,,16.357,,,2.1,,,2,중부산,3,동천,동천1,광무교,1994,12,동천,B,1800000.0,1,0
199412,207,7.4,98.0,33.6,,74.8,3.0,1.674,2400000.0,,13.0,,0.0,0.0,0.0,0.0,0.0,0.0,0.0,,,,15.536,,,1.2,,,2,중부산,3,동천,동천2,범4호교,1994,12,동천,B,2400000.0,1,0
199705,206,7.2,44.3,28.7,,31.0,0.7,1.542,640000.0,,22.0,640.0,0.0,,,,,,,,,,25.804,,,,,,2,중부산,3,동천,동천1,광무교,1997,5,동천,B,640000.0,1,1
199705,207,7.2,38.3,32.0,,52.4,0.3,2.581,950000.0,,22.0,680.0,0.0,,,,,,,,,,50.137,,,,,,2,중부산,3,동천,동천2,범4호교,1997,5,동천,B,950000.0,1,1
199705,208,7.4,28.7,15.2,,4.2,0.4,1.368,750000.0,,22.0,1940.0,0.0,,,,,,,,,,15.693,,,,,,2,중부산,3,동천,동천3,범일교,1997,5,동천,B,750000.0,1,1
199705,215,7.4,27.2,30.0,,6.6,1.9,0.645,750000.0,,22.0,700.0,0.0,,,,,,,,,,21.104,,,,,,1,수영강,29,온천천,온천천1(태광산업),태광산업 앞,1997,5,온천천,A,750000.0,1,1
199705,216,7.5,46.3,31.3,,18.6,0.7,2.274,950000.0,,26.0,700.0,0.0,,,,,,,,,,28.233,,,,,,1,수영강,29,온천천,온천천2(연안교),연안교,1997,5,온천천,A,950000.0,1,1
199706,206,7.3,12.4,14.5,,7.8,0.6,1.124,6300000.0,,23.0,1450.0,0.0,0.0,0.0,0.0,0.0,0.0,0.0,,,,11.658,,,2.7,,,2,중부산,3,동천,동천1,광무교,1997,6,동천,B,6300000.0,1,1
199706,207,7.3,43.5,25.3,,41.4,0.8,2.424,8400000.0,,22.0,610.0,0.0,0.0,0.0,0.0,0.0,0.0,0.0,,,,21.342,,,0.8,,,2,중부산,3,동천,동천2,범4호교,1997,6,동천,B,8400000.0,1,1
199706,208,7.4,26.2,18.5,,12.6,1.2,2.109,2500000.0,,22.0,580.0,0.0,0.0,0.0,0.0,0.0,0.0,0.0,,,,22.819,,,0.3,,,2,중부산,3,동천,동천3,범일교,1997,6,동천,B,2500000.0,1,1
199706,215,7.4,28.5,16.0,,6.0,4.2,1.911,2100000.0,,25.0,520.0,0.0,0.0,0.0,0.0,0.0,0.0,0.0,,,,15.309,,,0.7,,,1,수영강,29,온천천,온천천1(태광산업),태광산업 앞,1997,6,온천천,A,2100000.0,1,0
199706,216,7.4,65.0,33.6,,23.0,0.7,1.845,7600000.0,,24.0,600.0,0.0,0.0,0.0,0.0,0.0,0.0,0.0,,,,18.237,,,2.3,,,1,수영강,29,온천천,온천천2(연안교),연안교,1997,6,온천천,A,7600000.0,1,1
199707,206,7.6,10.2,7.0,,16.0,0.8,1.071,1200000.0,,22.0,4900.0,0.0,,,,,,,,,,12.368,,,,,,2,중부산,3,동천,동천1,광무교,1997,7,동천,B,1200000.0,1,1
199707,207,7.8,19.9,20.7,,24.0,0.8,1.559,150000.0,,22.0,510.0,0.0,,,,,,,,,,18.626,,,,,,2,중부산,3,동천,동천2,범4호교,1997,7,동천,B,150000.0,1,1
199707,208,7.6,24.2,23.3,,36.0,1.3,1.409,420000.0,,22.0,440.0,0.0,,,,,,,,,,16.637,,,,,,2,중부산,3,동천,동천3,범일교,1997,7,동천,B,420000.0,1,1
199707,215,7.8,16.6,16.8,,20.0,4.0,1.604,2400000.0,,22.0,390.0,0.0,,,,,,,,,,13.008,,,,,,1,수영강,29,온천천,온천천1(태광산업),태광산업 앞,1997,7,온천천,A,2400000.0,1,0
199707,216,7.6,18.1,18.7,,22.0,0.8,1.415,4300000.0,,22.0,420.0,0.0,,,,,,,,,,16.005,,,,,,1,수영강,29,온천천,온천천2(연안교),연안교,1997,7,온천천,A,4300000.0,1,1
199708,206,7.3,37.5,27.0,,38.5,0.7,2.831,95000.0,,26.0,4600.0,0.0,,,,,,,,,,20.392,,,,,,2,중부산,3,동천,동천1,광무교,1997,8,동천,B,95000.0,1,1
199708,207,7.3,25.7,21.0,,45.0,0.6,4.314,190000.0,,26.0,540.0,0.0,,,,,,,,,,18.84,,,,,,2,중부산,3,동천,동천2,범4호교,1997,8,동천,B,190000.0,1,1
199708,208,7.2,22.1,16.7,,28.0,0.6,1.127,93000.0,,27.0,490.0,0.0,,,,,,,,,,7.804,,,,,,2,중부산,3,동천,동천3,범일교,1997,8,동천,B,93000.0,1,1
199708,215,7.4,23.5,16.6,,25.0,5.1,2.012,29000.0,,28.0,360.0,0.0,,,,,,,,,,13.067,,,,,,1,수영강,29,온천천,온천천1(태광산업),태광산업 앞,1997,8,온천천,A,29000.0,1,0
199708,216,7.4,18.9,17.0,,31.0,0.7,1.89,46000.0,,29.0,410.0,0.0,,,,,,,,,,15.135,,,,,,1,수영강,29,온천천,온천천2(연안교),연안교,1997,8,온천천,A,46000.0,1,1
199709,206,7.3,64.3,27.3,,93.1,0.6,2.64,110000.0,,26.0,650.0,0.0,0.0,0.0,0.0,0.0,0.0,0.0,,,,25.129,,,1.6,,,2,중부산,3,동천,동천1,광무교,1997,9,동천,B,110000.0,1,1
199709,207,7.3,59.7,19.0,,80.0,0.7,2.433,200000.0,,26.0,790.0,0.0,0.0,0.0,0.0,0.0,0.0,0.0,,,,20.196,,,1.1,,,2,중부산,3,동천,동천2,범4호교,1997,9,동천,B,200000.0,1,1
199709,208,7.0,19.9,17.2,,44.7,0.7,1.354,91000.0,,26.0,12500.0,0.0,0.0,0.0,0.0,0.0,0.0,0.0,,,,9.243,,,0.8,,,2,중부산,3,동천,동천3,범일교,1997,9,동천,B,91000.0,1,1
199709,215,7.4,23.9,14.8,,20.6,4.3,1.813,120000.0,,25.0,710.0,0.0,0.0,0.0,0.0,0.0,0.0,0.0,,,,13.242,,,0.9,,,1,수영강,29,온천천,온천천1(태광산업),태광산업 앞,1997,9,온천천,A,120000.0,1,0
199709,216,7.4,30.6,20.7,,26.9,0.7,1.874,150000.0,,24.0,740.0,0.0,0.0,0.0,0.0,0.0,0.0,0.0,,,,12.095,,,1.4,,,1,수영강,29,온천천,온천천2(연안교),연안교,1997,9,온천천,A,150000.0,1,1
199710,206,7.8,61.9,22.0,,46.2,1.7,2.012,110000.0,,20.0,540.0,0.0,,,,,,,,,,22.654,,,,,,2,중부산,3,동천,동천1,광무교,1997,10,동천,B,110000.0,1,1
199710,207,7.1,58.9,24.7,,58.8,1.3,2.493,150000.0,,20.0,630.0,0.0,,,,,,,,,,23.099,,,,,,2,중부산,3,동천,동천2,범4호교,1997,10,동천,B,150000.0,1,1
199710,208,6.8,19.4,17.2,,51.4,0.7,1.586,360000.0,,18.0,5600.0,0.0,,,,,,,,,,12.827,,,,,,2,중부산,3,동천,동천3,범일교,1997,10,동천,B,360000.0,1,1
199710,215,7.4,45.3,23.0,,34.3,4.5,2.259,530000.0,,22.0,470.0,0.0,,,,,,,,,,13.263,,,,,,1,수영강,29,온천천,온천천1(태광산업),태광산업 앞,1997,10,온천천,A,530000.0,1,0
199710,216,7.5,61.9,25.3,,62.6,1.2,2.539,440000.0,,20.0,560.0,0.0,,,,,,,,,,17.704,,,,,,1,수영강,29,온천천,온천천2(연안교),연안교,1997,10,온천천,A,440000.0,1,1
199711,206,7.7,12.7,19.5,,29.1,4.4,2.255,75000.0,,13.0,400.0,0.0,,,,,,,,,,26.769,,,,,,2,중부산,3,동천,동천1,광무교,1997,11,동천,B,75000.0,1,0
199711,207,7.7,17.4,19.0,,32.5,4.1,1.356,36000.0,,13.0,670.0,0.0,,,,,,,,,,18.865,,,,,,2,중부산,3,동천,동천2,범4호교,1997,11,동천,B,36000.0,1,0
199711,208,7.7,12.1,13.3,,43.1,4.3,0.935,27000.0,,11.0,2980.0,0.0,,,,,,,,,,14.336,,,,,,2,중부산,3,동천,동천3,범일교,1997,11,동천,B,27000.0,1,0
199711,215,7.7,31.4,22.5,,29.2,6.3,2.091,12000.0,,17.0,760.0,0.0,,,,,,,,,,24.007,,,,,,1,수영강,29,온천천,온천천1(태광산업),태광산업 앞,1997,11,온천천,A,12000.0,1,0
199711,216,7.6,35.5,24.5,,57.4,3.8,2.473,62000.0,,15.0,700.0,0.0,,,,,,,,,,27.206,,,,,,1,수영강,29,온천천,온천천2(연안교),연안교,1997,11,온천천,A,62000.0,1,0
199712,206,7.3,42.3,18.5,,41.4,8.3,1.651,120000.0,,11.0,3710.0,0.0,0.0,0.0,0.0,0.0,0.0,0.0,,,,24.026,,,1.9,,,2,중부산,3,동천,동천1,광무교,1997,12,동천,B,120000.0,1,0
199712,207,7.4,47.3,16.5,,52.2,7.1,1.775,230000.0,,12.0,930.0,0.0,0.0,0.0,0.0,0.0,0.0,0.0,,,,22.724,,,1.8,,,2,중부산,3,동천,동천2,범4호교,1997,12,동천,B,230000.0,1,0
199712,208,7.1,18.1,14.4,,43.0,7.9,0.872,58000.0,,10.0,9800.0,0.0,0.0,0.0,0.0,0.0,0.0,0.0,,,,12.937,,,1.7,,,2,중부산,3,동천,동천3,범일교,1997,12,동천,B,58000.0,1,0
199712,215,7.5,39.3,21.5,,40.8,8.4,1.774,84000.0,,12.0,680.0,0.0,0.0,0.0,0.0,0.0,0.0,0.0,,,,16.305,,,2.2,,,1,수영강,29,온천천,온천천1(태광산업),태광산업 앞,1997,12,온천천,A,84000.0,1,0
199712,216,7.2,61.9,33.0,,39.1,8.0,1.045,11000.0,,10.0,520.0,0.0,0.0,0.0,0.0,0.0,0.0,0.0,,,,12.569,,,2.3,,,1,수영강,29,온천천,온천천2(연안교),연안교,1997,12,온천천,A,11000.0,1,0
199801,206,7.6,33.2,28.0,,49.1,7.5,1.686,290000.0,,10.0,560.0,0.0,,,,,,,,,,26.066,,,,,,2,중부산,3,동천,동천1,광무교,1998,1,동천,B,290000.0,1,0
199801,207,7.7,30.2,24.7,,67.9,7.1,1.66,7500000.0,,10.0,640.0,0.0,,,,,,,,,,20.943,,,,,,2,중부산,3,동천,동천2,범4호교,1998,1,동천,B,7500000.0,1,0
199801,208,7.6,24.2,16.4,,38.4,6.9,0.891,9300000.0,,9.0,3780.0,0.0,,,,,,,,,,18.132,,,,,,2,중부산,3,동천,동천3,범일교,1998,1,동천,B,9300000.0,1,0
199801,215,7.9,31.0,23.5,,79.1,8.8,1.383,350000.0,,11.0,280.0,0.0,,,,,,,,,,15.357,,,,,,1,수영강,29,온천천,온천천1(태광산업),태광산업 앞,1998,1,온천천,A,350000.0,1,0
199801,216,8.2,39.3,26.0,,170.5,7.4,1.558,530000.0,,11.0,320.0,0.0,,,,,,,,,,15.483,,,,,,1,수영강,29,온천천,온천천2(연안교),연안교,1998,1,온천천,A,530000.0,1,0
199802,206,7.9,99.7,36.8,,62.1,7.5,2.178,3600000.0,,8.0,1210.0,0.0,,,,,,,,,,27.45,,,,,,2,중부산,3,동천,동천1,광무교,1998,2,동천,B,3600000.0,1,0
199802,207,7.8,44.3,21.3,,41.6,7.8,1.26,1900000.0,,7.0,890.0,0.0,,,,,,,,,,15.112,,,,,,2,중부산,3,동천,동천2,범4호교,1998,2,동천,B,1900000.0,1,0
199802,208,7.4,36.3,17.0,,65.7,4.5,1.123,2300000.0,,7.0,12100.0,0.0,,,,,,,,,,14.127,,,,,,2,중부산,3,동천,동천3,범일교,1998,2,동천,B,2300000.0,1,0
199802,215,7.9,49.5,23.5,,41.1,8.7,0.081,930000.0,,10.0,630.0,0.0,,,,,,,,,,19.233,,,,,,1,수영강,29,온천천,온천천1(태광산업),태광산업 앞,1998,2,온천천,A,930000.0,1,0
199802,216,7.4,21.1,17.5,,49.9,6.4,1.265,340000.0,,10.0,710.0,0.0,,,,,,,,,,12.634,,,,,,1,수영강,29,온천천,온천천2(연안교),연안교,1998,2,온천천,A,340000.0,1,0
199803,206,7.4,69.5,34.0,,66.6,2.7,2.93,840000.0,,13.0,670.0,0.0,0.0,0.0,0.0,0.0,0.0,0.0,,,,27.092,,,0.4,,,2,중부산,3,동천,동천1,광무교,1998,3,동천,B,840000.0,1,1
199803,207,7.3,60.4,25.3,,68.5,2.5,2.573,2100000.0,,13.0,700.0,0.0,0.0,0.0,0.0,0.0,0.0,0.0,,,,24.529,,,0.5,,,2,중부산,3,동천,동천2,범4호교,1998,3,동천,B,2100000.0,1,1
199803,208,7.3,26.0,13.2,,116.0,0.8,1.004,17000000.0,,13.0,9700.0,0.0,0.0,0.0,0.0,0.0,0.0,0.0,,,,7.973,,,0.4,,,2,중부산,3,동천,동천3,범일교,1998,3,동천,B,17000000.0,1,1
199803,215,7.7,46.3,23.0,,45.2,5.6,1.843,2200000.0,,16.0,870.0,0.0,0.0,0.0,0.0,0.0,0.0,0.0,,,,17.471,,,0.5,,,1,수영강,29,온천천,온천천1(태광산업),태광산업 앞,1998,3,온천천,A,2200000.0,1,0
199803,216,8.2,61.9,25.5,,54.5,2.1,2.376,120000.0,,15.0,710.0,0.0,0.0,0.0,0.0,0.0,0.0,0.0,,,,22.02,,,1.1,,,1,수영강,29,온천천,온천천2(연안교),연안교,1998,3,온천천,A,120000.0,1,1
199804,206,6.9,61.9,22.0,,53.6,2.8,2.244,25000.0,,16.0,580.0,0.0,,,,,,,,,,25.591,,,,,,2,중부산,3,동천,동천1,광무교,1998,4,동천,B,25000.0,1,1
199804,207,6.8,48.3,22.7,,31.4,2.7,2.076,1100000.0,,16.0,790.0,0.0,,,,,,,,,,19.594,,,,,,2,중부산,3,동천,동천2,범4호교,1998,4,동천,B,1100000.0,1,1
199804,208,7.1,27.8,14.2,,42.6,0.9,1.212,2200000.0,,16.0,4720.0,0.0,,,,,,,,,,13.759,,,,,,2,중부산,3,동천,동천3,범일교,1998,4,동천,B,2200000.0,1,1
199804,215,7.4,33.2,20.5,,20.6,4.3,2.223,49000.0,,21.0,640.0,0.0,,,,,,,,,,16.276,,,,,,1,수영강,29,온천천,온천천1(태광산업),태광산업 앞,1998,4,온천천,A,49000.0,1,0
199804,216,7.2,24.2,16.8,,22.1,2.8,1.761,170000.0,,20.0,510.0,0.0,,,,,,,,,,18.227,,,,,,1,수영강,29,온천천,온천천2(연안교),연안교,1998,4,온천천,A,170000.0,1,1
199805,206,7.5,15.9,17.0,,27.2,3.1,2.319,1100000.0,,19.0,550.0,0.0,,,,,,,,,,19.377,,,,,,2,중부산,3,동천,동천1,광무교,1998,5,동천,B,1100000.0,1,0
199805,207,7.4,22.4,15.0,,7.5,1.9,1.708,630000.0,,19.0,630.0,0.0,,,,,,,,,,15.285,,,,,,2,중부산,3,동천,동천2,범4호교,1998,5,동천,B,630000.0,1,1
199805,208,7.5,11.5,7.6,,40.9,2.6,0.605,170000.0,,18.0,9150.0,0.0,,,,,,,,,,5.537,,,,,,2,중부산,3,동천,동천3,범일교,1998,5,동천,B,170000.0,1,1
199805,215,7.5,21.1,14.4,,26.6,6.1,1.911,330000.0,,20.0,490.0,0.0,,,,,,,,,,13.552,,,,,,1,수영강,29,온천천,온천천1(태광산업),태광산업 앞,1998,5,온천천,A,330000.0,1,0
199805,216,7.5,18.1,12.8,,11.2,3.0,1.928,140000.0,,19.0,440.0,0.0,,,,,,,,,,13.846,,,,,,1,수영강,29,온천천,온천천2(연안교),연안교,1998,5,온천천,A,140000.0,1,0
199806,206,7.5,37.0,18.5,,67.0,2.1,1.854,7900000.0,,21.0,940.0,0.0,0.0,0.0,0.0,0.0,0.0,0.0,,,,20.811,,,0.1,,,2,중부산,3,동천,동천1,광무교,1998,6,동천,B,7900000.0,1,1
199806,207,7.4,29.5,18.0,,16.5,0.8,1.867,70000.0,,21.0,770.0,0.0,0.0,0.0,0.0,0.0,0.0,0.0,,,,18.17,,,0.1,,,2,중부산,3,동천,동천2,범4호교,1998,6,동천,B,70000.0,1,1
199806,208,7.2,25.4,16.4,,30.9,0.5,1.09,9400000.0,,20.0,6200.0,0.0,0.0,0.0,0.0,0.0,0.0,0.0,,,,12.67,,,0.1,,,2,중부산,3,동천,동천3,범일교,1998,6,동천,B,9400000.0,1,1
199806,215,7.4,29.5,19.5,,59.5,4.8,1.784,1400000.0,,21.0,560.0,0.0,0.0,0.0,0.0,0.0,0.0,0.0,,,,16.096,,,0.1,,,1,수영강,29,온천천,온천천1(태광산업),태광산업 앞,1998,6,온천천,A,1400000.0,1,0
199806,216,7.6,19.4,15.2,,31.2,3.6,1.777,350000.0,,23.0,640.0,0.0,0.0,0.0,0.0,0.0,0.0,0.0,,,,15.553,,,0.1,,,1,수영강,29,온천천,온천천2(연안교),연안교,1998,6,온천천,A,350000.0,1,0
199807,206,7.5,45.9,28.7,,59.4,1.4,1.962,2800000.0,,24.0,530.0,0.0,,,,,,,,,,19.016,,,,,,2,중부산,3,동천,동천1,광무교,1998,7,동천,B,2800000.0,1,1
199807,207,7.5,55.1,30.0,,55.4,0.7,2.191,1800000.0,,24.0,580.0,0.0,,,,,,,,,,15.263,,,,,,2,중부산,3,동천,동천2,범4호교,1998,7,동천,B,1800000.0,1,1
199807,208,7.4,20.2,17.0,,39.5,0.9,1.321,7900000.0,,24.0,5700.0,0.0,,,,,,,,,,14.231,,,,,,2,중부산,3,동천,동천3,범일교,1998,7,동천,B,7900000.0,1,1
199807,215,7.6,31.6,20.0,,72.8,3.6,1.855,1800000.0,,25.0,510.0,0.0,,,,,,,,,,13.641,,,,,,1,수영강,29,온천천,온천천1(태광산업),태광산업 앞,1998,7,온천천,A,1800000.0,1,0
199807,216,7.7,28.6,20.5,,22.8,3.2,0.51,1400000.0,,28.0,560.0,0.0,,,,,,,,,,14.33,,,,,,1,수영강,29,온천천,온천천2(연안교),연안교,1998,7,온천천,A,1400000.0,1,0
199808,206,7.2,22.1,20.0,,14.0,3.2,1.15,18000000.0,,24.0,570.0,0.0,,,,,,,,,,16.162,,,,,,2,중부산,3,동천,동천1,광무교,1998,8,동천,B,18000000.0,1,0
199808,207,7.1,16.1,16.0,,6.1,1.7,1.001,4900000.0,,24.0,610.0,0.0,,,,,,,,,,11.322,,,,,,2,중부산,3,동천,동천2,범4호교,1998,8,동천,B,4900000.0,1,1
199808,208,7.1,8.8,11.2,,6.8,0.7,0.485,7000000.0,,23.0,32400.0,0.0,,,,,,,,,,5.681,,,,,,2,중부산,3,동천,동천3,범일교,1998,8,동천,B,7000000.0,1,1
199808,215,7.4,18.1,18.0,,49.5,5.0,1.577,1400000.0,,26.0,490.0,0.0,,,,,,,,,,15.317,,,,,,1,수영강,29,온천천,온천천1(태광산업),태광산업 앞,1998,8,온천천,A,1400000.0,1,0
199808,216,7.3,19.6,14.0,,14.2,1.2,1.178,2100000.0,,25.0,480.0,0.0,,,,,,,,,,11.899,,,,,,1,수영강,29,온천천,온천천2(연안교),연안교,1998,8,온천천,A,2100000.0,1,1
199809,206,7.3,33.2,33.0,,45.7,0.9,1.729,2200000.0,,25.0,650.0,0.0,0.0,0.0,0.0,0.0,0.0,0.0,,,,12.908,,,2.4,,,2,중부산,3,동천,동천1,광무교,1998,9,동천,B,2200000.0,1,1
199809,207,7.3,24.2,22.0,,6.5,0.6,1.592,7900000.0,,25.0,750.0,0.0,0.0,0.0,0.0,0.0,0.0,0.0,,,,12.711,,,1.7,,,2,중부산,3,동천,동천2,범4호교,1998,9,동천,B,7900000.0,1,1
199809,208,7.2,16.9,22.0,,6.1,0.4,1.241,1300000.0,,24.0,15700.0,0.0,0.0,0.0,0.0,0.0,0.0,0.0,,,,5.846,,,1.1,,,2,중부산,3,동천,동천3,범일교,1998,9,동천,B,1300000.0,1,1
199809,215,7.4,23.2,27.0,,31.8,3.4,1.902,490000.0,,28.0,770.0,0.0,0.0,0.0,0.0,0.0,0.0,0.0,,,,9.393,,,0.3,,,1,수영강,29,온천천,온천천1(태광산업),태광산업 앞,1998,9,온천천,A,490000.0,1,0
199809,216,7.6,19.9,21.3,,11.4,3.0,1.394,940000.0,,28.0,690.0,0.0,0.0,0.0,0.0,0.0,0.0,0.0,,,,12.63,,,0.3,,,1,수영강,29,온천천,온천천2(연안교),연안교,1998,9,온천천,A,940000.0,1,0
199810,206,8.0,21.9,21.5,,24.9,5.3,1.092,1400000.0,,21.0,560.0,0.0,,,,,,,,,,15.017,,,,,,2,중부산,3,동천,동천1,광무교,1998,10,동천,B,1400000.0,1,0
199810,207,7.4,12.9,15.5,,11.9,3.8,0.93,1700000.0,,21.0,590.0,0.0,,,,,,,,,,10.641,,,,,,2,중부산,3,동천,동천2,범4호교,1998,10,동천,B,1700000.0,1,0
199810,208,7.3,8.2,13.5,,15.6,1.8,0.619,1300000.0,,21.0,5100.0,0.0,,,,,,,,,,9.872,,,,,,2,중부산,3,동천,동천3,범일교,1998,10,동천,B,1300000.0,1,1
199810,215,8.0,16.5,20.7,,55.7,7.5,1.147,940000.0,,21.0,410.0,0.0,,,,,,,,,,7.984,,,,,,1,수영강,29,온천천,온천천1(태광산업),태광산업 앞,1998,10,온천천,A,940000.0,1,0
199810,216,7.6,15.3,16.5,,10.7,4.4,0.923,1100000.0,,20.0,410.0,0.0,,,,,,,,,,10.187,,,,,,1,수영강,29,온천천,온천천2(연안교),연안교,1998,10,온천천,A,1100000.0,1,0
199811,206,7.5,74.5,36.0,,85.4,1.9,1.835,1400000.0,,16.0,740.0,0.0,,,,,,,,,,22.817,,,,,,2,중부산,3,동천,동천1,광무교,1998,11,동천,B,1400000.0,1,1
199811,207,7.3,38.5,22.7,,24.5,1.9,1.373,1100000.0,,16.0,810.0,0.0,,,,,,,,,,16.48,,,,,,2,중부산,3,동천,동천2,범4호교,1998,11,동천,B,1100000.0,1,1
199811,208,7.2,14.5,19.3,,5.0,0.7,1.214,790000.0,,15.0,12900.0,0.0,,,,,,,,,,13.036,,,,,,2,중부산,3,동천,동천3,범일교,1998,11,동천,B,790000.0,1,1
199811,215,7.5,33.0,27.3,,62.4,5.4,1.843,1200000.0,,17.0,730.0,0.0,,,,,,,,,,15.935,,,,,,1,수영강,29,온천천,온천천1(태광산업),태광산업 앞,1998,11,온천천,A,1200000.0,1,0
199811,216,7.5,25.4,21.3,,16.5,1.4,1.478,110000.0,,17.0,690.0,0.0,,,,,,,,,,21.815,,,,,,1,수영강,29,온천천,온천천2(연안교),연안교,1998,11,온천천,A,110000.0,1,1
199812,206,7.4,64.9,31.3,,48.4,3.4,2.023,1100000.0,,14.0,870.0,0.0,0.0,0.0,0.0,0.0,0.0,0.0,,,,21.842,,,0.9,,,2,중부산,3,동천,동천1,광무교,1998,12,동천,B,1100000.0,1,0
199812,207,7.2,61.9,27.3,,30.4,1.8,2.104,2800000.0,,15.0,3300.0,0.0,0.0,0.0,0.0,0.0,0.0,0.0,,,,23.034,,,1.0,,,2,중부산,3,동천,동천2,범4호교,1998,12,동천,B,2800000.0,1,1
199812,208,7.2,14.5,10.8,,5.1,1.6,1.066,760000.0,,14.0,39000.0,0.0,0.0,0.0,0.0,0.0,0.0,0.0,,,,11.814,,,0.7,,,2,중부산,3,동천,동천3,범일교,1998,12,동천,B,760000.0,1,1
199812,215,7.7,94.6,39.0,,90.8,5.4,2.836,6300000.0,,15.0,1330.0,0.0,0.0,0.0,0.0,0.0,0.0,0.0,,,,24.404,,,1.1,,,1,수영강,29,온천천,온천천1(태광산업),태광산업 앞,1998,12,온천천,A,6300000.0,1,0
199812,216,7.5,38.7,24.0,,39.8,1.3,2.068,1800000.0,,13.0,900.0,0.0,0.0,0.0,0.0,0.0,0.0,0.0,,,,20.958,,,0.7,,,1,수영강,29,온천천,온천천2(연안교),연안교,1998,12,온천천,A,1800000.0,1,1
199901,206,7.6,67.7,39.2,,27.4,6.4,2.456,4600000.0,,7.0,800.0,0.0,,,,,,,,,,26.184,,,,,,2,중부산,3,동천,동천1,광무교,1999,1,동천,B,4600000.0,1,0
199901,207,7.4,49.3,27.3,,14.7,6.2,1.611,1700000.0,,7.0,750.0,0.0,,,,,,,,,,20.816,,,,,,2,중부산,3,동천,동천2,범4호교,1999,1,동천,B,1700000.0,1,0
199901,208,7.1,22.7,15.5,,8.2,1.8,1.366,2200000.0,,7.0,13500.0,0.0,,,,,,,,,,16.359,,,,,,2,중부산,3,동천,동천3,범일교,1999,1,동천,B,2200000.0,1,1
199901,215,7.8,52.3,44.0,,162.4,8.6,2.421,1300000.0,,10.0,1070.0,0.0,,,,,,,,,,22.234,,,,,,1,수영강,29,온천천,온천천1(태광산업),태광산업 앞,1999,1,온천천,A,1300000.0,1,0
199901,216,8.1,60.4,35.2,,61.4,7.3,2.234,1200000.0,,8.0,940.0,0.0,,,,,,,,,,23.892,,,,,,1,수영강,29,온천천,온천천2(연안교),연안교,1999,1,온천천,A,1200000.0,1,0
199609,208,7.3,27.6,17.3,,12.9,0.6,1.34,4600000.0,,25.0,600.0,0.0,0.0,0.0,0.0,0.0,0.0,0.0,,,,14.897,,,0.2,,,2,중부산,3,동천,동천3,범일교,1996,9,동천,B,4600000.0,1,1
199609,215,7.5,32.2,23.3,,17.5,4.7,2.581,1400000.0,,26.0,420.0,0.0,0.0,0.0,0.0,0.0,0.0,0.0,,,,16.989,,,0.3,,,1,수영강,29,온천천,온천천1(태광산업),태광산업 앞,1996,9,온천천,A,1400000.0,1,0
199609,216,7.4,87.8,46.0,,44.5,0.7,1.414,2100000.0,,24.0,830.0,0.0,0.0,0.0,0.0,0.0,0.0,0.0,,,,16.902,,,0.4,,,1,수영강,29,온천천,온천천2(연안교),연안교,1996,9,온천천,A,2100000.0,1,1
199610,206,7.4,42.9,36.0,,65.1,1.6,2.144,120000.0,,20.0,640.0,0.0,,,,,,,,,,30.294,,,,,,2,중부산,3,동천,동천1,광무교,1996,10,동천,B,120000.0,1,1
199610,207,7.4,29.1,31.3,,34.1,1.1,1.806,7000000.0,,20.0,610.0,0.0,,,,,,,,,,24.063,,,,,,2,중부산,3,동천,동천2,범4호교,1996,10,동천,B,7000000.0,1,1
199610,208,7.4,21.4,25.0,,15.5,0.9,1.201,7900000.0,,20.0,2200.0,0.0,,,,,,,,,,13.448,,,,,,2,중부산,3,동천,동천3,범일교,1996,10,동천,B,7900000.0,1,1
199610,215,7.5,47.5,28.7,,26.4,5.7,2.654,4600000.0,,21.0,530.0,0.0,,,,,,,,,,22.851,,,,,,1,수영강,29,온천천,온천천1(태광산업),태광산업 앞,1996,10,온천천,A,4600000.0,1,0
199610,216,7.4,156.2,62.0,,47.7,0.5,1.727,14000000.0,,22.0,1000.0,0.0,,,,,,,,,,25.313,,,,,,1,수영강,29,온천천,온천천2(연안교),연안교,1996,10,온천천,A,14000000.0,1,1
199611,206,7.4,40.8,27.3,,25.4,1.1,2.254,2000000.0,,17.0,650.0,0.0,,,,,,,,,,28.808,,,,,,2,중부산,3,동천,동천1,광무교,1996,11,동천,B,2000000.0,1,1
199611,207,7.4,20.2,18.7,,12.7,1.0,1.814,3400000.0,,17.0,610.0,0.0,,,,,,,,,,22.793,,,,,,2,중부산,3,동천,동천2,범4호교,1996,11,동천,B,3400000.0,1,1
199611,208,7.5,19.0,20.7,,9.1,1.0,1.098,4200000.0,,16.0,3280.0,0.0,,,,,,,,,,16.393,,,,,,2,중부산,3,동천,동천3,범일교,1996,11,동천,B,4200000.0,1,1
199611,215,7.3,42.9,21.0,,18.1,4.8,2.78,3400000.0,,18.0,490.0,0.0,,,,,,,,,,22.909,,,,,,1,수영강,29,온천천,온천천1(태광산업),태광산업 앞,1996,11,온천천,A,3400000.0,1,0
199611,216,6.9,143.9,66.7,,65.8,0.9,2.085,4200000.0,,18.0,660.0,0.0,,,,,,,,,,29.014,,,,,,1,수영강,29,온천천,온천천2(연안교),연안교,1996,11,온천천,A,4200000.0,1,1
199612,206,7.3,81.2,34.4,,55.6,5.1,3.26,4400000.0,,11.0,780.0,0.0,0.0,0.0,0.0,0.0,0.0,0.0,,,,26.892,,,0.6,,,2,중부산,3,동천,동천1,광무교,1996,12,동천,B,4400000.0,1,0
199612,207,7.4,76.6,32.0,,62.2,3.5,3.653,2700000.0,,11.0,770.0,0.0,0.0,0.0,0.0,0.0,0.0,0.0,,,,29.331,,,0.5,,,2,중부산,3,동천,동천2,범4호교,1996,12,동천,B,2700000.0,1,0
199612,208,7.4,30.0,18.5,,29.3,5.5,1.363,1400000.0,,10.0,1560.0,0.0,0.0,0.0,0.0,0.0,0.0,0.0,,,,17.879,,,0.5,,,2,중부산,3,동천,동천3,범일교,1996,12,동천,B,1400000.0,1,0
199612,215,7.4,42.9,26.0,,37.4,5.5,2.379,1100000.0,,14.0,620.0,0.0,0.0,0.0,0.0,0.0,0.0,0.0,,,,17.171,,,0.4,,,1,수영강,29,온천천,온천천1(태광산업),태광산업 앞,1996,12,온천천,A,1100000.0,1,0
199612,216,7.1,168.4,92.0,,96.4,2.7,2.762,1600000.0,,13.0,860.0,0.0,0.0,0.0,0.0,0.0,0.0,0.0,,,,24.777,,,3.9,,,1,수영강,29,온천천,온천천2(연안교),연안교,1996,12,온천천,A,1600000.0,1,1
199701,206,7.1,108.2,44.0,,80.4,6.2,3.136,9300000.0,,9.0,630.0,0.0,,,,,,,,,,25.574,,,,,,2,중부산,3,동천,동천1,광무교,1997,1,동천,B,9300000.0,1,0
199701,207,7.0,79.6,43.0,,54.0,5.1,2.943,2300000.0,,10.0,690.0,0.0,,,,,,,,,,23.424,,,,,,2,중부산,3,동천,동천2,범4호교,1997,1,동천,B,2300000.0,1,0
199701,208,6.9,39.2,15.5,,65.9,5.3,1.419,230000.0,,10.0,11400.0,0.0,,,,,,,,,,13.202,,,,,,2,중부산,3,동천,동천3,범일교,1997,1,동천,B,230000.0,1,0
199701,215,7.3,77.6,39.2,,45.0,6.0,2.584,530000.0,,11.0,720.0,0.0,,,,,,,,,,18.864,,,,,,1,수영강,29,온천천,온천천1(태광산업),태광산업 앞,1997,1,온천천,A,530000.0,1,0
199701,216,7.3,180.7,104.0,,88.8,4.2,2.521,640000.0,,11.0,740.0,0.0,,,,,,,,,,29.749,,,,,,1,수영강,29,온천천,온천천2(연안교),연안교,1997,1,온천천,A,640000.0,1,0
199702,206,7.2,51.8,40.0,,67.4,5.2,1.996,9200.0,,9.0,620.0,0.0,,,,,,,,,,27.782,,,,,,2,중부산,3,동천,동천1,광무교,1997,2,동천,B,9200.0,1,0
199702,207,7.2,72.0,44.0,,46.7,4.7,2.083,19000.0,,10.0,630.0,0.0,,,,,,,,,,28.116,,,,,,2,중부산,3,동천,동천2,범4호교,1997,2,동천,B,19000.0,1,0
199702,208,7.3,73.5,23.0,,91.9,3.7,2.243,7300.0,,9.0,1200.0,0.0,,,,,,,,,,24.457,,,,,,2,중부산,3,동천,동천3,범일교,1997,2,동천,B,7300.0,1,0
199702,215,7.3,36.7,41.6,,44.8,5.5,2.535,9100.0,,13.0,740.0,0.0,,,,,,,,,,28.487,,,,,,1,수영강,29,온천천,온천천1(태광산업),태광산업 앞,1997,2,온천천,A,9100.0,1,0
199702,216,7.6,87.8,74.0,,54.7,2.0,2.901,12000.0,,10.0,750.0,0.0,,,,,,,,,,33.682,,,,,,1,수영강,29,온천천,온천천2(연안교),연안교,1997,2,온천천,A,12000.0,1,1
199703,206,7.0,73.5,43.0,,60.3,4.5,2.631,1500000.0,,13.0,720.0,0.0,0.0,0.0,0.0,0.0,0.0,0.0,,,,26.177,,,3.7,,,2,중부산,3,동천,동천1,광무교,1997,3,동천,B,1500000.0,1,0
199703,207,7.0,87.8,45.0,,68.1,4.4,2.615,1100000.0,,13.0,760.0,0.0,0.0,0.0,0.0,0.0,0.0,0.0,,,,27.777,,,1.0,,,2,중부산,3,동천,동천2,범4호교,1997,3,동천,B,1100000.0,1,0
199703,208,7.3,43.9,45.3,,48.1,3.6,1.329,3900000.0,,13.0,11000.0,0.0,0.0,0.0,0.0,0.0,0.0,0.0,,,,15.953,,,1.1,,,2,중부산,3,동천,동천3,범일교,1997,3,동천,B,3900000.0,1,0
199703,215,7.1,58.2,23.3,,48.8,5.4,1.794,640000.0,,16.0,860.0,0.0,0.0,0.0,0.0,0.0,0.0,0.0,,,,21.933,,,1.1,,,1,수영강,29,온천천,온천천1(태광산업),태광산업 앞,1997,3,온천천,A,640000.0,1,0
199703,216,7.1,85.7,31.0,,56.9,2.0,2.129,440000.0,,15.0,790.0,0.0,0.0,0.0,0.0,0.0,0.0,0.0,,,,25.644,,,4.1,,,1,수영강,29,온천천,온천천2(연안교),연안교,1997,3,온천천,A,440000.0,1,1
199704,206,7.0,38.3,26.7,,36.4,1.8,2.417,530000.0,,15.0,550.0,0.0,,,,,,,,,,26.513,,,,,,2,중부산,3,동천,동천1,광무교,1997,4,동천,B,530000.0,1,1
199704,207,6.8,26.6,37.3,,58.2,1.6,2.526,230000.0,,14.0,650.0,0.0,,,,,,,,,,25.867,,,,,,2,중부산,3,동천,동천2,범4호교,1997,4,동천,B,230000.0,1,1
199704,208,6.9,10.9,16.7,,36.3,1.7,1.074,1900000.0,,14.0,820.0,0.0,,,,,,,,,,12.892,,,,,,2,중부산,3,동천,동천3,범일교,1997,4,동천,B,1900000.0,1,1
199704,215,6.9,39.3,27.3,,36.4,4.2,2.091,160000.0,,17.0,460.0,0.0,,,,,,,,,,21.22,,,,,,1,수영강,29,온천천,온천천1(태광산업),태광산업 앞,1997,4,온천천,A,160000.0,1,0
199704,216,6.9,38.8,38.7,,39.0,0.7,2.786,210000.0,,18.0,560.0,0.0,,,,,,,,,,26.871,,,,,,1,수영강,29,온천천,온천천2(연안교),연안교,1997,4,온천천,A,210000.0,1,1
199910,206,7.3,44.3,27.0,,65.1,1.9,2.597,1300000.0,,20.0,540.0,0.0,,,,,,,,,,22.773,,,,,,2,중부산,3,동천,동천1,광무교,1999,10,동천,B,1300000.0,1,1
199910,207,7.2,32.0,21.0,,56.3,1.6,1.96,2200000.0,,20.0,650.0,0.0,,,,,,,,,,16.708,,,,,,2,중부산,3,동천,동천2,범4호교,1999,10,동천,B,2200000.0,1,1
199910,208,7.2,14.2,11.6,,11.5,0.7,1.256,1100000.0,,20.0,11500.0,0.0,,,,,,,,,,10.239,,,,,,2,중부산,3,동천,동천3,범일교,1999,10,동천,B,1100000.0,1,1
199910,215,7.6,2.5,5.6,,2.4,4.6,0.314,460000.0,,18.0,380.0,0.0,,,,,,,,,,7.964,,,,,,1,수영강,29,온천천,온천천1(태광산업),태광산업 앞,1999,10,온천천,A,460000.0,1,0
199910,216,7.5,4.8,8.3,,6.1,6.4,1.47,79000.0,,19.0,480.0,0.0,,,,,,,,,,9.286,,,,,,1,수영강,29,온천천,온천천2(연안교),연안교,1999,10,온천천,A,79000.0,1,0
199911,206,7.4,41.5,30.0,,58.2,1.1,2.442,1700000.0,,16.0,610.0,0.0,,,,,,,,,,23.943,,,,,,2,중부산,3,동천,동천1,광무교,1999,11,동천,B,1700000.0,1,1
199911,207,7.4,17.7,15.5,,18.6,0.9,1.578,1300000.0,,16.0,670.0,0.0,,,,,,,,,,16.138,,,,,,2,중부산,3,동천,동천2,범4호교,1999,11,동천,B,1300000.0,1,1
199911,208,7.3,17.3,12.4,,7.8,0.3,1.194,790000.0,,15.0,,0.0,,,,,,,,,,9.634,,,,,,2,중부산,3,동천,동천3,범일교,1999,11,동천,B,790000.0,1,1
199911,215,7.9,8.0,9.0,,5.7,9.0,1.214,94000.0,,14.0,490.0,0.0,,,,,,,,,,9.976,,,,,,1,수영강,29,온천천,온천천1(태광산업),태광산업 앞,1999,11,온천천,A,94000.0,1,0
199911,216,7.2,39.3,22.0,,47.7,0.8,1.92,49000.0,,17.0,880.0,0.0,,,,,,,,,,21.503,,,,,,1,수영강,29,온천천,온천천2(연안교),연안교,1999,11,온천천,A,49000.0,1,1
199912,206,7.5,50.3,29.3,,53.4,3.7,2.689,940000.0,,11.0,730.0,0.0,0.0,0.0,0.0,0.0,0.0,0.0,,,,25.839,,,1.3,,,2,중부산,3,동천,동천1,광무교,1999,12,동천,B,940000.0,1,0
199912,207,7.4,34.4,20.0,,34.1,2.7,2.134,700000.0,,11.0,730.0,0.0,0.0,0.0,0.0,0.0,0.0,0.0,,,,24.32,,,1.1,,,2,중부산,3,동천,동천2,범4호교,1999,12,동천,B,700000.0,1,1
199912,208,7.3,10.3,10.0,,7.5,1.3,0.668,350000.0,,12.0,40500.0,0.0,0.0,0.0,0.0,0.0,0.0,0.0,,,,6.515,,,0.4,,,2,중부산,3,동천,동천3,범일교,1999,12,동천,B,350000.0,1,1
199912,215,7.8,44.3,30.0,,37.7,11.1,2.23,22000.0,,8.0,690.0,0.0,0.0,0.0,0.0,0.0,0.0,0.0,,,,23.514,,,0.9,,,1,수영강,29,온천천,온천천1(태광산업),태광산업 앞,1999,12,온천천,A,22000.0,1,0
199912,216,7.9,12.1,11.0,,10.4,10.9,0.683,17000.0,,8.0,1860.0,0.0,0.0,0.0,0.0,0.0,0.0,0.0,,,,7.536,,,0.2,,,1,수영강,29,온천천,온천천2(연안교),연안교,1999,12,온천천,A,17000.0,1,0
200001,206,7.2,41.3,42.2,,108.9,4.5,3.75,93000000.0,,10.0,680.0,0.0,,,,,,,,,,27.232,,,,,,2,중부산,3,동천,동천1,광무교,2000,1,동천,B,93000000.0,1,0
200001,207,7.1,39.5,29.6,,68.6,5.4,3.395,93000000.0,,10.0,790.0,0.0,,,,,,,,,,16.855,,,,,,2,중부산,3,동천,동천2,범4호교,2000,1,동천,B,93000000.0,1,0
200001,208,6.9,18.9,14.4,,15.7,1.2,1.669,4300000.0,,11.0,24000.0,0.0,,,,,,,,,,10.308,,,,,,2,중부산,3,동천,동천3,범일교,2000,1,동천,B,4300000.0,1,1
200001,215,8.2,23.4,29.6,,24.6,14.5,2.596,9300000.0,,7.0,450.0,0.0,,,,,,,,,,14.905,,,,,,1,수영강,29,온천천,온천천1(태광산업),태광산업 앞,2000,1,온천천,A,9300000.0,1,0
200001,216,7.4,11.9,11.7,,11.2,8.1,1.034,43000.0,,8.0,1270.0,0.0,,,,,,,,,,8.706,,,,,,1,수영강,29,온천천,온천천2(연안교),연안교,2000,1,온천천,A,43000.0,1,0
200002,206,7.3,47.3,41.0,,74.7,6.4,2.016,43000000.0,,8.0,610.0,0.0,,,,,,,,,,22.32,,,,,,2,중부산,3,동천,동천1,광무교,2000,2,동천,B,43000000.0,1,0
200002,207,7.3,43.3,29.6,,42.7,6.6,1.344,21000000.0,,8.0,690.0,0.0,,,,,,,,,,15.36,,,,,,2,중부산,3,동천,동천2,범4호교,2000,2,동천,B,21000000.0,1,0
200002,208,7.1,25.7,19.2,,17.3,1.1,1.536,4300000.0,,9.0,25000.0,0.0,,,,,,,,,,12.24,,,,,,2,중부산,3,동천,동천3,범일교,2000,2,동천,B,4300000.0,1,1
200002,215,8.0,19.3,22.0,,14.0,15.1,2.064,93000.0,,8.0,540.0,0.0,,,,,,,,,,17.76,,,,,,1,수영강,29,온천천,온천천1(태광산업),태광산업 앞,2000,2,온천천,A,93000.0,1,0
200002,216,7.4,10.9,15.6,,12.0,9.6,1.152,240000.0,,6.0,3000.0,0.0,,,,,,,,,,10.8,,,,,,1,수영강,29,온천천,온천천2(연안교),연안교,2000,2,온천천,A,240000.0,1,0
200003,206,7.3,41.6,49.3,,78.3,4.3,2.4,340000000.0,,10.0,640.0,0.0,0.0,0.0,0.0,0.0,0.0,0.0,,,,22.56,,,1.4,,,2,중부산,3,동천,동천1,광무교,2000,3,동천,B,340000000.0,1,0
200003,207,7.2,28.0,24.8,,21.5,3.3,2.112,4000000.0,,10.0,1270.0,0.0,0.0,0.0,0.0,0.0,0.0,0.0,,,,23.213,,,0.7,,,2,중부산,3,동천,동천2,범4호교,2000,3,동천,B,4000000.0,1,0
200003,208,7.0,27.9,16.8,,10.5,2.2,1.872,3300000.0,,10.0,10000.0,0.0,0.0,0.0,0.0,0.0,0.0,0.0,,,,15.974,,,1.1,,,2,중부산,3,동천,동천3,범일교,2000,3,동천,B,3300000.0,1,1
200003,215,8.1,17.0,15.3,,13.0,16.2,1.92,2200.0,,9.0,610.0,0.0,0.0,0.0,0.0,0.0,0.0,0.0,,,,15.6,,,0.4,,,1,수영강,29,온천천,온천천1(태광산업),태광산업 앞,2000,3,온천천,A,2200.0,1,0
200003,216,7.4,9.5,16.4,,9.2,9.3,1.248,1100.0,,8.0,5250.0,0.0,0.0,0.0,0.0,0.0,0.0,0.0,,,,10.733,,,0.3,,,1,수영강,29,온천천,온천천2(연안교),연안교,2000,3,온천천,A,1100.0,1,0
200004,206,7.3,28.7,36.0,,59.2,0.8,2.323,3300000.0,,15.0,770.0,0.0,,,,,,,,,,15.811,,,,,,2,중부산,3,동천,동천1,광무교,2000,4,동천,B,3300000.0,1,1
200004,207,7.1,26.2,25.6,,28.3,0.4,2.213,11000000.0,,15.0,5600.0,0.0,,,,,,,,,,14.76,,,,,,2,중부산,3,동천,동천2,범4호교,2000,4,동천,B,11000000.0,1,1
200004,208,7.0,32.2,20.4,,19.7,0.6,1.8,13000000.0,,15.0,17000.0,0.0,,,,,,,,,,11.664,,,,,,2,중부산,3,동천,동천3,범일교,2000,4,동천,B,13000000.0,1,1
200004,215,8.1,21.1,24.7,,21.2,13.9,2.554,49000.0,,14.0,640.0,0.0,,,,,,,,,,15.542,,,,,,1,수영강,29,온천천,온천천1(태광산업),태광산업 앞,2000,4,온천천,A,49000.0,1,0
200004,216,7.3,11.0,14.4,,15.6,4.4,1.67,22000.0,,14.0,1950.0,0.0,,,,,,,,,,7.858,,,,,,1,수영강,29,온천천,온천천2(연안교),연안교,2000,4,온천천,A,22000.0,1,0
200005,206,7.4,49.7,30.0,,106.2,0.3,3.6,22000000.0,,20.0,680.0,0.0,,,,,,,,,,22.992,,,,,,2,중부산,3,동천,동천1,광무교,2000,5,동천,B,22000000.0,1,1
200005,207,7.4,37.4,23.2,,52.1,0.4,3.221,46000000.0,,21.0,1040.0,0.0,,,,,,,,,,21.6,,,,,,2,중부산,3,동천,동천2,범4호교,2000,5,동천,B,46000000.0,1,1
200005,208,7.2,48.3,22.0,,21.2,0.4,2.16,9400000.0,,22.0,6750.0,0.0,,,,,,,,,,22.872,,,,,,2,중부산,3,동천,동천3,범일교,2000,5,동천,B,9400000.0,1,1
200005,215,8.1,19.1,18.7,,12.4,10.6,2.376,240000.0,,23.0,620.0,0.0,,,,,,,,,,20.664,,,,,,1,수영강,29,온천천,온천천1(태광산업),태광산업 앞,2000,5,온천천,A,240000.0,1,0
200005,216,7.8,13.8,15.6,,9.5,4.6,1.867,33000.0,,25.0,700.0,0.0,,,,,,,,,,9.192,,,,,,1,수영강,29,온천천,온천천2(연안교),연안교,2000,5,온천천,A,33000.0,1,0
200006,206,7.4,22.1,34.0,,58.9,0.8,1.824,940000.0,,21.0,780.0,0.0,0.0,0.0,0.0,0.0,0.0,0.0,,,,21.6,,,2.2,,,2,중부산,3,동천,동천1,광무교,2000,6,동천,B,940000.0,1,1
200006,207,7.3,35.7,29.6,,41.4,0.5,1.856,,,22.0,820.0,0.0,0.0,0.0,0.0,0.0,0.0,0.0,,,,20.352,,,3.0,,,2,중부산,3,동천,동천2,범4호교,2000,6,동천,B,,0,1
200006,208,7.2,24.6,20.0,,17.9,0.4,1.488,7000000.0,,20.0,21750.0,0.0,0.0,0.0,0.0,0.0,0.0,0.0,,,,14.928,,,1.7,,,2,중부산,3,동천,동천3,범일교,2000,6,동천,B,7000000.0,1,1
200006,215,8.2,16.1,20.7,,7.7,9.9,1.963,79000.0,,22.0,680.0,0.0,0.0,0.0,0.0,0.0,0.0,0.0,,,,18.48,,,0.2,,,1,수영강,29,온천천,온천천1(태광산업),태광산업 앞,2000,6,온천천,A,79000.0,1,0
200006,216,8.9,5.6,13.6,,16.6,14.2,0.677,7900.0,,27.0,740.0,0.0,0.0,0.0,0.0,0.0,0.0,0.0,,,,3.744,,,0.1,,,1,수영강,29,온천천,온천천2(연안교),연안교,2000,6,온천천,A,7900.0,1,0
200007,206,8.7,24.9,20.7,,38.7,0.5,2.318,1700000.0,,25.0,460.0,0.0,,,,,,,,,,16.824,,,,,,2,중부산,3,동천,동천1,광무교,2000,7,동천,B,1700000.0,1,1
200007,207,7.5,12.5,17.3,,12.5,0.5,1.747,500000000.0,,26.0,440.0,0.0,,,,,,,,,,14.424,,,,,,2,중부산,3,동천,동천2,범4호교,2000,7,동천,B,500000000.0,1,1
200007,208,7.4,15.8,12.4,,13.3,0.1,1.286,23000000.0,,27.0,30000.0,0.0,,,,,,,,,,10.68,,,,,,2,중부산,3,동천,동천3,범일교,2000,7,동천,B,23000000.0,1,1
200007,215,7.4,8.3,12.8,,7.9,5.8,1.214,30000.0,,28.0,340.0,0.0,,,,,,,,,,9.432,,,,,,1,수영강,29,온천천,온천천1(태광산업),태광산업 앞,2000,7,온천천,A,30000.0,1,0
200007,216,7.6,9.6,16.0,,23.8,1.4,1.589,23000.0,,31.0,360.0,0.0,,,,,,,,,,12.288,,,,,,1,수영강,29,온천천,온천천2(연안교),연안교,2000,7,온천천,A,23000.0,1,1
200008,206,7.5,11.6,12.0,,14.6,2.0,1.45,900000.0,,26.0,630.0,0.0,,,,,,,,,,17.04,,,,,,2,중부산,3,동천,동천1,광무교,2000,8,동천,B,900000.0,1,1
200008,207,7.4,12.4,10.5,,11.2,1.5,1.315,700000000.0,,25.0,530.0,0.0,,,,,,,,,,14.496,,,,,,2,중부산,3,동천,동천2,범4호교,2000,8,동천,B,700000000.0,1,1
200008,208,7.3,15.8,11.0,,11.4,0.1,1.037,11000000.0,,28.0,14250.0,0.0,,,,,,,,,,9.696,,,,,,2,중부산,3,동천,동천3,범일교,2000,8,동천,B,11000000.0,1,1
200008,215,7.9,7.0,6.7,,4.3,7.6,0.941,21000.0,,28.0,300.0,0.0,,,,,,,,,,9.552,,,,,,1,수영강,29,온천천,온천천1(태광산업),태광산업 앞,2000,8,온천천,A,21000.0,1,0
200008,216,7.5,6.6,9.2,,10.8,1.8,1.133,11000.0,,29.0,480.0,0.0,,,,,,,,,,10.512,,,,,,1,수영강,29,온천천,온천천2(연안교),연안교,2000,8,온천천,A,11000.0,1,1
200009,206,7.6,9.1,12.3,,16.7,2.1,1.555,900000.0,,23.0,420.0,0.0,0.0,0.0,0.0,0.0,0.0,0.0,,,,11.074,,,1.1,,,2,중부산,3,동천,동천1,광무교,2000,9,동천,B,900000.0,1,1
200009,207,7.6,9.1,11.3,,6.4,1.7,1.469,110000000.0,,24.0,440.0,0.0,0.0,0.0,0.0,0.0,0.0,0.0,,,,11.294,,,1.3,,,2,중부산,3,동천,동천2,범4호교,2000,9,동천,B,110000000.0,1,1
200009,208,7.5,14.4,10.0,,8.6,0.3,1.344,30000000.0,,24.0,7500.0,0.0,0.0,0.0,0.0,0.0,0.0,0.0,,,,8.664,,,0.8,,,2,중부산,3,동천,동천3,범일교,2000,9,동천,B,30000000.0,1,1
200009,215,8.3,5.6,8.4,,4.4,10.0,0.835,700000.0,,25.0,300.0,0.0,0.0,0.0,0.0,0.0,0.0,0.0,,,,7.906,,,0.3,,,1,수영강,29,온천천,온천천1(태광산업),태광산업 앞,2000,9,온천천,A,700000.0,1,0
200009,216,7.8,4.8,8.3,,5.6,5.6,1.085,300000.0,,29.0,430.0,0.0,0.0,0.0,0.0,0.0,0.0,0.0,,,,7.176,,,0.5,,,1,수영강,29,온천천,온천천2(연안교),연안교,2000,9,온천천,A,300000.0,1,0
200010,206,7.8,18.4,18.5,,29.6,1.5,2.918,2400000.0,,20.0,520.0,0.0,,,,,,,,,,9.024,,,,,,2,중부산,3,동천,동천1,광무교,2000,10,동천,B,2400000.0,1,1
200010,207,7.4,17.4,12.8,,9.9,0.6,3.331,4000000.0,,20.0,8500.0,0.0,,,,,,,,,,17.448,,,,,,2,중부산,3,동천,동천2,범4호교,2000,10,동천,B,4000000.0,1,1
200010,208,7.3,17.4,10.0,,11.5,0.6,1.526,110000000.0,,19.0,25250.0,0.0,,,,,,,,,,6.648,,,,,,2,중부산,3,동천,동천3,범일교,2000,10,동천,B,110000000.0,1,1
200010,215,8.2,8.8,8.6,,3.3,8.8,1.661,1600000.0,,16.0,340.0,0.0,,,,,,,,,,3.024,,,,,,1,수영강,29,온천천,온천천1(태광산업),태광산업 앞,2000,10,온천천,A,1600000.0,1,0
200010,216,8.4,8.4,11.1,,7.5,14.3,1.915,300000.0,,20.0,760.0,0.0,,,,,,,,,,5.28,,,,,,1,수영강,29,온천천,온천천2(연안교),연안교,2000,10,온천천,A,300000.0,1,0
200011,206,7.5,21.7,24.5,,46.6,3.1,0.163,1600000.0,,14.0,560.0,0.0,,,,,,,,,,13.464,,,,,,2,중부산,3,동천,동천1,광무교,2000,11,동천,B,1600000.0,1,0
200011,207,7.3,31.8,19.2,,38.4,2.0,0.24,3500000.0,,14.0,1090.0,0.0,,,,,,,,,,9.888,,,,,,2,중부산,3,동천,동천2,범4호교,2000,11,동천,B,3500000.0,1,1
200011,208,7.1,29.4,16.0,,19.9,0.6,0.096,90000000.0,,14.0,18800.0,0.0,,,,,,,,,,6.708,,,,,,2,중부산,3,동천,동천3,범일교,2000,11,동천,B,90000000.0,1,1
200011,215,8.0,7.2,6.6,,2.0,10.7,0.149,17000.0,,10.0,300.0,0.0,,,,,,,,,,5.388,,,,,,1,수영강,29,온천천,온천천1(태광산업),태광산업 앞,2000,11,온천천,A,17000.0,1,0
200011,216,7.7,7.5,8.3,,10.7,7.7,0.288,28000.0,,13.0,460.0,0.0,,,,,,,,,,7.164,,,,,,1,수영강,29,온천천,온천천2(연안교),연안교,2000,11,온천천,A,28000.0,1,0
200012,206,7.4,33.8,33.5,,42.6,2.2,0.758,160000.0,,11.0,380.0,0.0,0.0,0.0,0.0,0.0,0.0,0.0,,,,12.384,,,1.3,,,2,중부산,3,동천,동천1,광무교,2000,12,동천,B,160000.0,1,1
200012,207,6.9,23.0,22.4,,17.7,1.7,0.408,300000.0,,11.0,2350.0,0.0,0.0,0.0,0.0,0.0,0.0,0.0,,,,14.904,,,1.1,,,2,중부산,3,동천,동천2,범4호교,2000,12,동천,B,300000.0,1,1
200012,208,7.2,7.3,4.6,,6.6,2.6,0.048,40000.0,,12.0,20000.0,0.0,0.0,0.0,0.0,0.0,0.0,0.0,,,,4.584,,,0.5,,,2,중부산,3,동천,동천3,범일교,2000,12,동천,B,40000.0,1,1
200012,215,7.6,10.7,10.8,,7.3,13.1,0.83,5000.0,,4.0,190.0,0.0,0.0,0.0,0.0,0.0,0.0,0.0,,,,5.58,,,0.5,,,1,수영강,29,온천천,온천천1(태광산업),태광산업 앞,2000,12,온천천,A,5000.0,1,0
200012,216,7.6,8.3,11.4,,6.8,14.6,0.874,9000.0,,5.0,1560.0,0.0,0.0,0.0,0.0,0.0,0.0,0.0,,,,5.46,,,0.1,,,1,수영강,29,온천천,온천천2(연안교),연안교,2000,12,온천천,A,9000.0,1,0
200101,206,7.2,30.2,29.0,,27.6,7.4,2.496,1600000.0,,7.0,540.0,0.0,,,,,,,,,,19.104,,,,,,2,중부산,3,동천,동천1,광무교,2001,1,동천,B,1600000.0,1,0
200101,207,7.1,24.2,22.0,,26.1,6.3,2.069,1600000.0,,8.0,600.0,0.0,,,,,,,,,,17.976,,,,,,2,중부산,3,동천,동천2,범4호교,2001,1,동천,B,1600000.0,1,0
200101,208,6.7,27.2,16.0,,21.7,3.4,1.555,16000.0,,6.0,7400.0,0.0,,,,,,,,,,10.188,,,,,,2,중부산,3,동천,동천3,범일교,2001,1,동천,B,16000.0,1,0
200101,215,7.1,14.8,13.3,,8.1,10.3,1.291,1600.0,,1.0,240.0,0.0,,,,,,,,,,8.694,,,,,,1,수영강,29,온천천,온천천1(태광산업),태광산업 앞,2001,1,온천천,A,1600.0,1,0
200101,216,7.3,6.7,13.6,,7.2,8.9,0.811,5000.0,,3.0,1810.0,0.0,,,,,,,,,,8.664,,,,,,1,수영강,29,온천천,온천천2(연안교),연안교,2001,1,온천천,A,5000.0,1,0
200102,206,7.8,29.0,40.0,,50.0,3.1,3.614,2200000.0,,11.0,920.0,0.0,,,,,,,,,,27.936,,,,,,2,중부산,3,동천,동천1,광무교,2001,2,동천,B,2200000.0,1,0
200102,207,7.2,38.3,20.7,,25.0,2.5,1.853,1600000.0,,11.0,12200.0,0.0,,,,,,,,,,17.112,,,,,,2,중부산,3,동천,동천2,범4호교,2001,2,동천,B,1600000.0,1,1
200102,208,7.1,29.0,20.0,,19.4,0.8,1.286,160000.0,,12.0,31800.0,0.0,,,,,,,,,,12.672,,,,,,2,중부산,3,동천,동천3,범일교,2001,2,동천,B,160000.0,1,1
200102,215,8.2,15.5,22.7,,18.5,10.4,2.52,16000.0,,9.0,610.0,0.0,,,,,,,,,,18.432,,,,,,1,수영강,29,온천천,온천천1(태광산업),태광산업 앞,2001,2,온천천,A,16000.0,1,0
200102,216,7.7,8.1,9.0,,5.6,8.0,0.653,16000.0,,9.0,880.0,0.0,,,,,,,,,,7.32,,,,,,1,수영강,29,온천천,온천천2(연안교),연안교,2001,2,온천천,A,16000.0,1,0
200103,206,7.2,34.2,26.0,,33.2,2.2,2.04,9000000.0,,12.0,820.0,0.0,0.0,0.0,0.0,0.0,0.0,0.0,,,,18.768,1.153,,1.2,7.1,,2,중부산,3,동천,동천1,광무교,2001,3,동천,B,9000000.0,1,1
200103,207,6.9,34.7,25.0,,25.6,1.6,1.867,9000000.0,,12.0,16130.0,0.0,0.0,0.0,0.0,0.0,0.0,0.0,,,,16.416,0.898,,1.1,5.4,,2,중부산,3,동천,동천2,범4호교,2001,3,동천,B,9000000.0,1,1
200103,208,7.0,18.1,14.0,,12.6,0.8,0.984,90000.0,,12.0,37800.0,0.0,0.0,0.0,0.0,0.0,0.0,0.0,,,,10.32,0.25,,0.8,3.1,,2,중부산,3,동천,동천3,범일교,2001,3,동천,B,90000.0,1,1
200103,215,7.1,18.5,22.7,,13.5,6.3,1.91,160000.0,,18.0,630.0,0.0,0.0,0.0,0.0,0.0,0.0,0.0,,,,12.288,1.6,,0.4,7.5,,1,수영강,29,온천천,온천천1(태광산업),태광산업 앞,2001,3,온천천,A,160000.0,1,0
200103,216,8.2,5.8,9.0,,5.3,15.3,0.965,1700.0,,17.0,1200.0,,0.0,0.0,0.0,0.0,0.0,0.0,,,,5.48,0.668,,0.3,10.0,,1,수영강,29,온천천,온천천2(연안교),연안교,2001,3,온천천,A,1700.0,1,0
200103,327,,7.8,7.5,,5.4,,1.186,,,,,,,,,,,,,,,9.584,,,,,,1,수영강,29,온천천,온천천(청룡),청룡2호교,2001,3,온천천,A,,0,0
200103,328,,5.2,9.8,,3.3,,1.253,,,,,,,,,,,,,,,7.136,,,,,,1,수영강,29,온천천,온천천(온천),온천교,2001,3,온천천,A,,0,0
200104,206,7.5,36.2,27.3,,31.6,0.8,2.842,9000000.0,,18.0,830.0,0.0,,,,,,,,,,20.736,,,,,,2,중부산,3,동천,동천1,광무교,2001,4,동천,B,9000000.0,1,1
200104,207,7.4,37.6,25.3,,25.9,1.2,2.275,2400000.0,,21.0,950.0,0.0,,,,,,,,,,19.68,,,,,,2,중부산,3,동천,동천2,범4호교,2001,4,동천,B,2400000.0,1,1
200104,208,7.1,23.0,18.7,,15.0,0.4,1.046,3500000.0,,19.0,28200.0,0.0,,,,,,,,,,10.615,,,,,,2,중부산,3,동천,동천3,범일교,2001,4,동천,B,3500000.0,1,1
200104,215,8.7,18.6,21.3,,12.8,14.1,1.2,16000.0,,24.0,590.0,0.0,,,,,,,,,,12.672,,,,,,1,수영강,29,온천천,온천천1(태광산업),태광산업 앞,2001,4,온천천,A,16000.0,1,0
200104,216,8.2,15.3,20.5,,14.0,8.3,1.498,16000.0,,27.0,1660.0,0.0,,,,,,,,,,8.621,,,,,,1,수영강,29,온천천,온천천2(연안교),연안교,2001,4,온천천,A,16000.0,1,0
200104,327,,9.3,9.0,,7.2,,0.797,,,,,,,,,,,,,,,5.264,,,,,,1,수영강,29,온천천,온천천(청룡),청룡2호교,2001,4,온천천,A,,0,0
200104,328,,5.6,10.8,,3.8,,0.696,,,,,,,,,,,,,,,3.101,,,,,,1,수영강,29,온천천,온천천(온천),온천교,2001,4,온천천,A,,0,0
200105,206,7.5,26.2,19.3,,20.2,1.0,2.112,300000.0,,20.0,920.0,0.0,,,,,,,,,,19.728,,,,,,2,중부산,3,동천,동천1,광무교,2001,5,동천,B,300000.0,1,1
200105,207,7.3,28.2,22.0,,14.3,0.3,1.79,1600000.0,,20.0,1840.0,0.0,,,,,,,,,,16.992,,,,,,2,중부산,3,동천,동천2,범4호교,2001,5,동천,B,1600000.0,1,1
200105,208,7.3,12.8,8.7,,13.6,0.4,0.83,1300000.0,,19.0,31700.0,0.0,,,,,,,,,,7.752,,,,,,2,중부산,3,동천,동천3,범일교,2001,5,동천,B,1300000.0,1,1
200105,215,8.6,15.1,16.5,,9.0,8.5,0.941,3000.0,,30.0,800.0,0.0,,,,,,,,,,13.776,,,,,,1,수영강,29,온천천,온천천1(태광산업),태광산업 앞,2001,5,온천천,A,3000.0,1,0
199902,206,7.4,60.4,40.0,,57.8,2.8,2.92,4900000.0,,10.0,790.0,0.0,,,,,,,,,,28.766,,,,,,2,중부산,3,동천,동천1,광무교,1999,2,동천,B,4900000.0,1,1
199902,207,7.4,40.3,26.4,,33.5,3.5,1.865,3300000.0,,10.0,790.0,0.0,,,,,,,,,,20.908,,,,,,2,중부산,3,동천,동천2,범4호교,1999,2,동천,B,3300000.0,1,0
199902,208,7.3,32.2,18.4,,12.1,0.8,2.051,6300000.0,,10.0,16500.0,0.0,,,,,,,,,,15.02,,,,,,2,중부산,3,동천,동천3,범일교,1999,2,동천,B,6300000.0,1,1
199902,215,8.5,88.6,57.3,,241.8,7.6,2.674,1800000.0,,11.0,750.0,0.0,,,,,,,,,,27.374,,,,,,1,수영강,29,온천천,온천천1(태광산업),태광산업 앞,1999,2,온천천,A,1800000.0,1,0
199902,216,8.1,39.3,32.8,,86.6,3.3,2.234,330000.0,,11.0,910.0,0.0,,,,,,,,,,23.442,,,,,,1,수영강,29,온천천,온천천2(연안교),연안교,1999,2,온천천,A,330000.0,1,0
199903,206,7.3,74.0,46.0,,87.9,2.3,2.977,3500000.0,,12.0,780.0,0.0,0.0,0.0,0.0,0.0,0.0,0.0,,,,35.723,,,2.3,,,2,중부산,3,동천,동천1,광무교,1999,3,동천,B,3500000.0,1,1
199903,207,7.4,45.3,39.0,,67.5,2.5,2.667,330000.0,,12.0,850.0,0.0,0.0,0.0,0.0,0.0,0.0,0.0,,,,35.349,,,1.8,,,2,중부산,3,동천,동천2,범4호교,1999,3,동천,B,330000.0,1,1
199903,208,7.1,26.0,16.0,,4.6,0.7,1.44,4900000.0,,12.0,20000.0,0.0,0.0,0.0,0.0,0.0,0.0,0.0,,,,14.473,,,0.6,,,2,중부산,3,동천,동천3,범일교,1999,3,동천,B,4900000.0,1,1
199903,215,8.7,67.7,34.7,,313.6,6.5,3.23,9400000.0,,13.0,700.0,0.0,0.0,0.0,0.0,0.0,0.0,0.0,,,,28.074,,,1.5,,,1,수영강,29,온천천,온천천1(태광산업),태광산업 앞,1999,3,온천천,A,9400000.0,1,0
199903,216,7.8,40.3,39.0,,104.5,2.3,2.368,790000.0,,14.0,850.0,0.0,0.0,0.0,0.0,0.0,0.0,0.0,,,,22.408,,,1.2,,,1,수영강,29,온천천,온천천2(연안교),연안교,1999,3,온천천,A,790000.0,1,1
199904,206,7.3,43.3,28.7,,41.7,3.5,1.933,4900000.0,,15.0,640.0,0.0,,,,,,,,,,21.948,,,,,,2,중부산,3,동천,동천1,광무교,1999,4,동천,B,4900000.0,1,0
199904,207,7.3,34.2,25.3,,24.6,2.7,1.56,460000.0,,16.0,690.0,0.0,,,,,,,,,,18.915,,,,,,2,중부산,3,동천,동천2,범4호교,1999,4,동천,B,460000.0,1,1
199904,208,7.1,20.5,14.4,,36.8,2.1,1.231,1000000.0,,17.0,5300.0,0.0,,,,,,,,,,13.379,,,,,,2,중부산,3,동천,동천3,범일교,1999,4,동천,B,1000000.0,1,1
199904,215,7.2,45.3,26.7,,14.7,3.4,1.702,940000.0,,20.0,510.0,0.0,,,,,,,,,,15.482,,,,,,1,수영강,29,온천천,온천천1(태광산업),태광산업 앞,1999,4,온천천,A,940000.0,1,0
199904,216,7.3,22.3,20.0,,24.5,2.5,1.356,330000.0,,20.0,490.0,0.0,,,,,,,,,,15.827,,,,,,1,수영강,29,온천천,온천천2(연안교),연안교,1999,4,온천천,A,330000.0,1,1
199905,206,7.4,54.4,35.0,,36.5,1.3,2.404,4900000.0,,19.0,590.0,0.0,,,,,,,,,,24.877,,,,,,2,중부산,3,동천,동천1,광무교,1999,5,동천,B,4900000.0,1,1
199905,207,7.4,60.4,35.0,,44.1,0.5,2.516,790000.0,,19.0,660.0,0.0,,,,,,,,,,28.539,,,,,,2,중부산,3,동천,동천2,범4호교,1999,5,동천,B,790000.0,1,1
199905,208,7.0,17.1,16.0,,6.3,0.4,1.281,3300000.0,,19.0,24500.0,0.0,,,,,,,,,,13.791,,,,,,2,중부산,3,동천,동천3,범일교,1999,5,동천,B,3300000.0,1,1
199905,215,9.1,24.2,23.3,,20.5,16.3,1.423,1300000.0,,24.0,440.0,0.0,,,,,,,,,,15.472,,,,,,1,수영강,29,온천천,온천천1(태광산업),태광산업 앞,1999,5,온천천,A,1300000.0,1,0
199905,216,7.8,25.4,24.0,,13.4,6.4,1.677,790000.0,,23.0,580.0,0.0,,,,,,,,,,19.072,,,,,,1,수영강,29,온천천,온천천2(연안교),연안교,1999,5,온천천,A,790000.0,1,0
199906,206,7.3,58.9,34.4,,54.0,0.3,2.564,2200000.0,,24.0,770.0,0.0,0.0,0.0,0.0,0.0,0.0,0.0,,,,26.194,,,1.2,,,2,중부산,3,동천,동천1,광무교,1999,6,동천,B,2200000.0,1,1
199906,207,7.3,63.4,37.0,,55.5,0.3,2.643,1300000.0,,25.0,910.0,0.0,0.0,0.0,0.0,0.0,0.0,0.0,,,,24.182,,,1.3,,,2,중부산,3,동천,동천2,범4호교,1999,6,동천,B,1300000.0,1,1
199906,208,7.1,33.8,18.5,,37.9,0.5,1.579,940000.0,,25.0,12500.0,0.0,0.0,0.0,0.0,0.0,0.0,0.0,,,,17.113,,,0.7,,,2,중부산,3,동천,동천3,범일교,1999,6,동천,B,940000.0,1,1
199906,215,8.1,31.2,24.7,,37.8,9.8,1.445,700000.0,,30.0,480.0,0.0,0.0,0.0,0.0,0.0,0.0,0.0,,,,16.286,,,0.6,,,1,수영강,29,온천천,온천천1(태광산업),태광산업 앞,1999,6,온천천,A,700000.0,1,0
199906,216,7.5,28.2,20.7,,41.7,4.7,1.55,94000.0,,30.0,660.0,0.0,0.0,0.0,0.0,0.0,0.0,0.0,,,,14.999,,,1.0,,,1,수영강,29,온천천,온천천2(연안교),연안교,1999,6,온천천,A,94000.0,1,0
199907,206,7.7,34.2,30.0,,64.8,0.7,1.968,4900000.0,,24.0,620.0,0.0,,,,,,,,,,19.89,,,,,,2,중부산,3,동천,동천1,광무교,1999,7,동천,B,4900000.0,1,1
199907,207,7.6,14.5,16.7,,13.5,0.5,1.431,1800000.0,,24.0,1520.0,0.0,,,,,,,,,,15.85,,,,,,2,중부산,3,동천,동천2,범4호교,1999,7,동천,B,1800000.0,1,1
199907,208,7.4,12.7,12.4,,8.4,0.4,1.387,2200000.0,,25.0,7000.0,0.0,,,,,,,,,,11.55,,,,,,2,중부산,3,동천,동천3,범일교,1999,7,동천,B,2200000.0,1,1
199907,215,8.5,11.6,17.0,,8.6,10.7,1.528,790000.0,,26.0,380.0,0.0,,,,,,,,,,19.188,,,,,,1,수영강,29,온천천,온천천1(태광산업),태광산업 앞,1999,7,온천천,A,790000.0,1,0
199907,216,8.0,8.5,17.3,,12.4,9.4,1.557,140000.0,,26.0,530.0,0.0,,,,,,,,,,9.234,,,,,,1,수영강,29,온천천,온천천2(연안교),연안교,1999,7,온천천,A,140000.0,1,0
199908,206,7.2,35.2,26.4,,55.3,1.7,1.731,3300000.0,,25.0,510.0,0.0,,,,,,,,,,47.671,,,,,,2,중부산,3,동천,동천1,광무교,1999,8,동천,B,3300000.0,1,1
199908,207,7.2,18.1,14.0,,8.4,0.5,1.142,1100000.0,,25.0,1610.0,0.0,,,,,,,,,,13.957,,,,,,2,중부산,3,동천,동천2,범4호교,1999,8,동천,B,1100000.0,1,1
199908,208,7.1,9.1,11.2,,5.6,0.9,0.936,1800000.0,,26.0,9000.0,0.0,,,,,,,,,,11.763,,,,,,2,중부산,3,동천,동천3,범일교,1999,8,동천,B,1800000.0,1,1
199908,215,9.0,10.9,13.2,,8.9,13.2,0.83,400000.0,,28.0,400.0,0.0,,,,,,,,,,11.425,,,,,,1,수영강,29,온천천,온천천1(태광산업),태광산업 앞,1999,8,온천천,A,400000.0,1,0
199908,216,7.4,12.5,14.5,,11.3,2.6,1.156,180000.0,,29.0,480.0,0.0,,,,,,,,,,12.224,,,,,,1,수영강,29,온천천,온천천2(연안교),연안교,1999,8,온천천,A,180000.0,1,1
199909,206,7.3,21.7,16.8,,28.3,3.0,1.244,2400000.0,,24.0,490.0,0.0,0.0,0.0,0.0,0.0,0.0,0.0,,,,19.924,,,0.2,,,2,중부산,3,동천,동천1,광무교,1999,9,동천,B,2400000.0,1,0
199909,207,7.2,14.1,16.0,,12.8,2.5,1.359,1700000.0,,24.0,490.0,0.0,0.0,0.0,0.0,0.0,0.0,0.0,,,,13.942,,,0.1,,,2,중부산,3,동천,동천2,범4호교,1999,9,동천,B,1700000.0,1,1
199909,208,7.6,10.0,10.0,,7.5,0.7,0.79,1300000.0,,24.0,5000.0,0.0,0.0,0.0,0.0,0.0,0.0,0.0,,,,8.822,,,0.1,,,2,중부산,3,동천,동천3,범일교,1999,9,동천,B,1300000.0,1,1
199909,215,7.6,11.8,12.4,,7.5,6.3,0.915,330000.0,,24.0,310.0,0.0,0.0,0.0,0.0,0.0,0.0,0.0,,,,7.943,,,0.1,,,1,수영강,29,온천천,온천천1(태광산업),태광산업 앞,1999,9,온천천,A,330000.0,1,0
199909,216,7.3,14.5,13.6,,7.6,1.7,0.999,220000.0,,26.0,390.0,0.0,0.0,0.0,0.0,0.0,0.0,0.0,,,,9.646,,,0.2,,,1,수영강,29,온천천,온천천2(연안교),연안교,1999,9,온천천,A,220000.0,1,1
200111,206,7.3,28.7,14.3,,23.1,2.1,1.464,500000.0,,15.0,801.0,0.0,,,,,,,,,,15.48,,,,,,2,중부산,3,동천,동천1,광무교,2001,11,동천,B,500000.0,1,1
200111,207,7.3,27.4,12.8,,16.8,1.0,1.218,1600000.0,,15.0,16450.0,0.0,,,,,,,,,,11.07,,,,,,2,중부산,3,동천,동천2,범4호교,2001,11,동천,B,1600000.0,1,1
200111,208,7.6,11.9,6.8,,9.0,0.6,0.432,160000.0,,15.0,35500.0,0.0,,,,,,,,,,5.07,,,,,,2,중부산,3,동천,동천3,범일교,2001,11,동천,B,160000.0,1,1
200111,215,7.6,21.7,19.0,,7.2,9.8,2.364,16000.0,,12.0,688.0,0.0,,,,,,,,,,16.74,,,,,,1,수영강,29,온천천,온천천1(태광산업),태광산업 앞,2001,11,온천천,A,16000.0,1,0
200111,216,8.1,8.1,8.6,,11.9,13.0,0.234,9000.0,,13.0,3380.0,0.0,,,,,,,,,,1.962,,,,,,1,수영강,29,온천천,온천천2(연안교),연안교,2001,11,온천천,A,9000.0,1,0
200111,327,,12.3,7.3,,14.3,,0.9,,,,,,,,,,,,,,,3.96,,,,,,1,수영강,29,온천천,온천천(청룡),청룡2호교,2001,11,온천천,A,,0,0
200111,328,,5.6,6.4,,4.4,,0.474,,,,,,,,,,,,,,,6.762,,,,,,1,수영강,29,온천천,온천천(온천),온천교,2001,11,온천천,A,,0,0
200112,206,7.3,18.1,13.2,,9.7,5.2,1.032,26000.0,,11.0,770.0,0.0,0.0,0.0,0.0,0.0,0.0,0.0,,,,14.13,0.813,,1.0,4.4,,2,중부산,3,동천,동천1,광무교,2001,12,동천,B,26000.0,1,0
200112,207,7.4,27.9,16.0,,21.7,2.2,1.032,33000.0,,11.0,15500.0,0.0,0.0,0.0,0.0,0.0,0.0,0.0,,,,10.68,0.668,,1.4,2.3,,2,중부산,3,동천,동천2,범4호교,2001,12,동천,B,33000.0,1,1
200112,208,7.7,10.2,5.2,,11.0,2.0,0.21,17000.0,,13.0,37500.0,0.0,0.0,0.0,0.0,0.0,0.0,0.0,,,,3.03,0.148,,0.9,85.0,,2,중부산,3,동천,동천3,범일교,2001,12,동천,B,17000.0,1,1
200112,215,7.5,18.4,14.7,,6.1,10.0,1.482,11000.0,,7.0,730.0,0.0,0.0,0.0,0.0,0.0,0.0,0.0,,,,15.72,1.213,,2.0,2.8,,1,수영강,29,온천천,온천천1(태광산업),태광산업 앞,2001,12,온천천,A,11000.0,1,0
200112,216,7.9,5.7,8.8,,6.2,5.8,0.588,5000.0,,9.0,11090.0,0.0,0.0,0.0,0.0,0.0,0.0,0.0,,,,8.394,0.275,,0.4,3.2,,1,수영강,29,온천천,온천천2(연안교),연안교,2001,12,온천천,A,5000.0,1,0
200112,327,,9.8,6.9,,9.7,,0.816,,,,,,,,,,,,,,,3.276,,,,,,1,수영강,29,온천천,온천천(청룡),청룡2호교,2001,12,온천천,A,,0,0
200112,328,,4.4,5.4,,2.1,,0.348,,,,,,,,,,,,,,,6.33,,,,,,1,수영강,29,온천천,온천천(온천),온천교,2001,12,온천천,A,,0,0
200201,206,7.4,20.6,16.4,,11.0,5.9,1.44,2200.0,,8.0,890.0,0.0,,,,,,,,,,15.66,,,,,,2,중부산,3,동천,동천1,광무교,2002,1,동천,B,2200.0,1,0
200201,207,7.2,29.8,17.0,,21.3,5.0,1.29,500.0,,8.0,2500.0,0.0,,,,,,,,,,12.24,,,,,,2,중부산,3,동천,동천2,범4호교,2002,1,동천,B,500.0,0,0
200201,208,7.2,13.9,7.2,,10.7,0.5,0.552,1700.0,,10.0,31200.0,0.0,,,,,,,,,,6.15,,,,,,2,중부산,3,동천,동천3,범일교,2002,1,동천,B,1700.0,1,1
200201,215,7.8,19.3,15.2,,6.8,10.7,1.242,9000.0,,7.0,570.0,0.0,,,,,,,,,,15.12,,,,,,1,수영강,29,온천천,온천천1(태광산업),태광산업 앞,2002,1,온천천,A,9000.0,1,0
200201,216,7.9,5.1,6.0,,6.0,9.7,0.432,1700.0,,6.0,5740.0,0.0,,,,,,,,,,10.44,,,,,,1,수영강,29,온천천,온천천2(연안교),연안교,2002,1,온천천,A,1700.0,1,0
200201,327,,9.1,6.3,,9.6,,0.534,,,,,,,,,,,,,,,4.44,,,,,,1,수영강,29,온천천,온천천(청룡),청룡2호교,2002,1,온천천,A,,0,0
200201,328,,4.2,4.8,,3.2,,0.264,,,,,,,,,,,,,,,5.652,,,,,,1,수영강,29,온천천,온천천(온천),온천교,2002,1,온천천,A,,0,0
200202,206,7.6,20.6,15.5,,9.3,4.8,1.961,5000.0,,8.0,1020.0,0.0,,,,,,,,,,13.433,,,,,,2,중부산,3,동천,동천1,광무교,2002,2,동천,B,5000.0,1,0
200202,207,7.3,21.1,14.0,,15.9,3.2,1.064,1100.0,,9.0,11160.0,0.0,,,,,,,,,,9.436,,,,,,2,중부산,3,동천,동천2,범4호교,2002,2,동천,B,1100.0,1,0
200202,208,7.3,9.7,9.2,,9.9,0.9,0.442,2600.0,,9.0,28000.0,0.0,,,,,,,,,,4.598,,,,,,2,중부산,3,동천,동천3,범일교,2002,2,동천,B,2600.0,1,1
200202,215,8.4,17.4,18.5,,6.8,12.5,1.758,2200.0,,6.0,815.0,0.0,,,,,,,,,,12.951,,,,,,1,수영강,29,온천천,온천천1(태광산업),태광산업 앞,2002,2,온천천,A,2200.0,1,0
200202,216,8.7,6.8,9.7,,5.6,14.5,0.349,3000.0,,7.0,6260.0,0.0,,,,,,,,,,3.501,,,,,,1,수영강,29,온천천,온천천2(연안교),연안교,2002,2,온천천,A,3000.0,1,0
200202,327,,14.4,9.0,,15.7,,0.788,,,,,,,,,,,,,,,6.531,,,,,,1,수영강,29,온천천,온천천(청룡),청룡2호교,2002,2,온천천,A,,0,0
200202,328,,3.5,6.2,,2.8,,0.516,,,,,,,,,,,,,,,4.205,,,,,,1,수영강,29,온천천,온천천(온천),온천교,2002,2,온천천,A,,0,0
200203,206,7.5,16.1,14.0,,11.2,3.9,1.765,9000.0,,13.0,980.0,0.0,0.0,0.0,0.0,0.0,0.0,0.0,,,,12.405,0.879,,0.9,6.2,,2,중부산,3,동천,동천1,광무교,2002,3,동천,B,9000.0,1,0
200203,207,7.4,28.7,13.6,,18.8,1.5,1.078,9000.0,,13.0,25000.0,0.0,0.0,0.0,0.0,0.0,0.0,0.0,,,,9.047,0.789,,0.7,5.5,,2,중부산,3,동천,동천2,범4호교,2002,3,동천,B,9000.0,1,1
200203,208,7.4,13.4,12.8,,10.1,1.2,0.859,16000.0,,13.0,37000.0,0.0,0.0,0.0,0.0,0.0,0.0,0.0,,,,6.202,0.657,,0.5,3.7,,2,중부산,3,동천,동천3,범일교,2002,3,동천,B,16000.0,1,1
200203,215,8.0,15.6,20.0,,9.1,6.6,2.088,9000.0,,14.0,860.0,0.0,0.0,0.0,0.0,0.0,0.0,0.0,,,,14.331,1.021,,0.3,12.3,,1,수영강,29,온천천,온천천1(태광산업),태광산업 앞,2002,3,온천천,A,9000.0,1,0
200203,216,7.6,7.7,12.7,,7.5,3.5,0.482,9000.0,,13.0,5600.0,0.0,0.0,0.0,0.0,0.0,0.0,0.0,,,,4.92,0.397,,0.2,7.5,,1,수영강,29,온천천,온천천2(연안교),연안교,2002,3,온천천,A,9000.0,1,0
200203,327,,19.0,12.4,,19.5,,0.849,,,,,,,,,,,,,,,8.775,,,,,,1,수영강,29,온천천,온천천(청룡),청룡2호교,2002,3,온천천,A,,0,0
200203,328,,5.0,8.0,,3.5,,0.666,,,,,,,,,,,,,,,5.355,,,,,,1,수영강,29,온천천,온천천(온천),온천교,2002,3,온천천,A,,0,0
200204,206,7.5,8.0,10.8,,6.6,2.5,1.083,9000.0,,17.0,1020.0,0.0,,,,,,,,,,10.387,,,,,,2,중부산,3,동천,동천1,광무교,2002,4,동천,B,9000.0,1,1
200204,207,7.4,14.8,11.6,,12.2,2.4,0.958,16000.0,,18.0,11160.0,0.0,,,,,,,,,,8.979,,,,,,2,중부산,3,동천,동천2,범4호교,2002,4,동천,B,16000.0,1,1
200204,208,7.5,7.4,7.8,,9.9,1.5,0.469,16000.0,,15.0,28000.0,0.0,,,,,,,,,,3.654,,,,,,2,중부산,3,동천,동천3,범일교,2002,4,동천,B,16000.0,1,1
200204,215,7.4,13.4,13.6,,4.7,4.5,1.668,9000.0,,22.0,815.0,0.0,,,,,,,,,,12.523,,,,,,1,수영강,29,온천천,온천천1(태광산업),태광산업 앞,2002,4,온천천,A,9000.0,1,0
200204,216,8.8,5.3,9.0,,5.3,16.5,0.388,5000.0,,24.0,6260.0,0.0,,,,,,,,,,4.742,,,,,,1,수영강,29,온천천,온천천2(연안교),연안교,2002,4,온천천,A,5000.0,1,0
200204,327,,11.6,8.3,,10.5,,0.451,,,,,,,,,,,,,,,4.426,,,,,,1,수영강,29,온천천,온천천(청룡),청룡2호교,2002,4,온천천,A,,0,0
200204,328,,4.8,7.7,,3.1,,0.515,,,,,,,,,,,,,,,4.895,,,,,,1,수영강,29,온천천,온천천(온천),온천교,2002,4,온천천,A,,0,0
200205,206,7.2,8.5,10.0,,5.1,5.6,1.264,9000.0,,19.0,640.0,0.0,,,,,,,,,,12.828,,,,,,2,중부산,3,동천,동천1,광무교,2002,5,동천,B,9000.0,1,0
200205,207,7.1,14.5,13.0,,9.0,1.2,1.233,3500.0,,21.0,1390.0,0.0,,,,,,,,,,10.495,,,,,,2,중부산,3,동천,동천2,범4호교,2002,5,동천,B,3500.0,1,1
200205,208,7.2,6.3,7.2,,7.1,5.1,0.518,16000.0,,19.0,38300.0,0.0,,,,,,,,,,2.433,,,,,,2,중부산,3,동천,동천3,범일교,2002,5,동천,B,16000.0,1,0
200205,215,7.8,10.1,11.0,,5.6,10.0,1.337,16000.0,,24.0,430.0,0.0,,,,,,,,,,10.905,,,,,,1,수영강,29,온천천,온천천1(태광산업),태광산업 앞,2002,5,온천천,A,16000.0,1,0
200205,216,7.1,30.8,20.0,,7.1,2.6,1.874,3500.0,,26.0,880.0,0.0,,,,,,,,,,11.24,,,,,,1,수영강,29,온천천,온천천2(연안교),연안교,2002,5,온천천,A,3500.0,1,1
200205,327,,8.3,9.0,,7.8,,0.63,,,,,,,,,,,,,,,5.898,,,,,,1,수영강,29,온천천,온천천(청룡),청룡2호교,2002,5,온천천,A,,0,0
200205,328,,6.2,9.7,,4.5,,0.491,,,,,,,,,,,,,,,3.317,,,,,,1,수영강,29,온천천,온천천(온천),온천교,2002,5,온천천,A,,0,0
200206,206,7.5,11.8,12.4,,12.7,2.1,1.563,16000.0,,24.0,710.0,0.0,0.0,0.0,0.0,0.0,0.0,0.0,,,,16.231,1.071,,0.9,6.8,,2,중부산,3,동천,동천1,광무교,2002,6,동천,B,16000.0,1,1
200206,207,7.5,23.7,16.5,,15.2,2.9,1.457,16000.0,,24.0,1530.0,0.0,0.0,0.0,0.0,0.0,0.0,0.0,,,,14.766,1.119,,1.0,13.5,,2,중부산,3,동천,동천2,범4호교,2002,6,동천,B,16000.0,1,1
200206,208,7.4,15.5,10.0,,8.9,1.0,0.82,9000.0,,22.0,28500.0,0.0,0.0,0.0,0.0,0.0,0.0,0.0,,,,8.161,0.402,,0.8,19.2,,2,중부산,3,동천,동천3,범일교,2002,6,동천,B,9000.0,1,1
200206,215,8.5,14.6,20.0,,12.1,6.6,1.728,160000.0,,28.0,730.0,0.0,0.0,0.0,0.0,0.0,0.0,0.0,,,,12.56,1.213,,1.3,46.3,,1,수영강,29,온천천,온천천1(태광산업),태광산업 앞,2002,6,온천천,A,160000.0,1,0
200206,216,9.4,51.3,45.0,,51.7,21.0,1.727,4000.0,,29.0,9330.0,0.0,0.0,0.0,0.0,0.0,0.0,0.0,,,,9.448,0.545,,0.3,843.9,,1,수영강,29,온천천,온천천2(연안교),연안교,2002,6,온천천,A,4000.0,1,0
200206,327,,7.2,8.5,,6.3,,1.075,,,,,,,,,,,,,,,6.159,,,,,,1,수영강,29,온천천,온천천(청룡),청룡2호교,2002,6,온천천,A,,0,0
200206,328,,6.9,11.7,,6.8,,0.353,,,,,,,,,,,,,,,3.486,,,,,,1,수영강,29,온천천,온천천(온천),온천교,2002,6,온천천,A,,0,0
201004,327,7.7,3.0,3.6,,11.3,10.6,0.057,790.0,,11.0,180.0,,,,,,,,,,,2.14,,,,,,1,수영강,29,온천천,온천천(청룡),청룡2호교,2010,4,온천천,A,790.0,0,0
201004,328,7.7,1.9,,,6.4,9.6,0.066,13000.0,,14.0,189.0,,,,,,,,,,,2.905,,,,,,1,수영강,29,온천천,온천천(온천),온천교,2010,4,온천천,A,13000.0,1,0
200207,206,7.6,8.6,8.8,,6.7,3.5,1.363,16000.0,,24.0,530.0,0.0,,,,,,,,,,10.951,,,,,,2,중부산,3,동천,동천1,광무교,2002,7,동천,B,16000.0,1,0
200207,207,7.5,12.3,9.1,,7.6,2.7,1.204,9000.0,,24.0,1200.0,0.0,,,,,,,,,,10.179,,,,,,2,중부산,3,동천,동천2,범4호교,2002,7,동천,B,9000.0,1,1
200207,208,7.1,8.7,5.6,,6.5,0.9,0.518,34000.0,,22.0,26500.0,0.0,,,,,,,,,,3.926,,,,,,2,중부산,3,동천,동천3,범일교,2002,7,동천,B,34000.0,1,1
200207,215,8.0,7.0,8.3,,6.3,10.0,0.796,80000.0,,24.0,280.0,0.0,,,,,,,,,,7.126,,,,,,1,수영강,29,온천천,온천천1(태광산업),태광산업 앞,2002,7,온천천,A,80000.0,1,0
200207,216,7.5,14.1,10.0,,7.1,1.2,0.975,16000.0,,26.0,950.0,0.0,,,,,,,,,,7.957,,,,,,1,수영강,29,온천천,온천천2(연안교),연안교,2002,7,온천천,A,16000.0,1,1
200207,327,,8.6,8.0,,17.9,,0.606,,,,,,,,,,,,,,,3.904,,,,,,1,수영강,29,온천천,온천천(청룡),청룡2호교,2002,7,온천천,A,,0,0
200207,328,,5.1,7.0,,5.3,,0.385,,,,,,,,,,,,,,,4.275,,,,,,1,수영강,29,온천천,온천천(온천),온천교,2002,7,온천천,A,,0,0
200208,206,7.9,11.3,9.1,,9.9,3.1,1.103,17000.0,,23.0,655.0,0.0,,,,,,,,,,12.049,,,,,,2,중부산,3,동천,동천1,광무교,2002,8,동천,B,17000.0,1,0
200208,207,7.6,14.2,10.8,,10.6,1.4,1.272,5000.0,,25.0,9910.0,0.0,,,,,,,,,,15.03,,,,,,2,중부산,3,동천,동천2,범4호교,2002,8,동천,B,5000.0,1,1
200208,208,7.3,4.7,5.2,,6.7,0.0,0.57,23000.0,,24.0,41200.0,0.0,,,,,,,,,,6.905,,,,,,2,중부산,3,동천,동천3,범일교,2002,8,동천,B,23000.0,1,1
200208,215,8.7,5.6,6.6,,4.3,13.2,0.513,90000.0,,26.0,416.0,0.0,,,,,,,,,,6.903,,,,,,1,수영강,29,온천천,온천천1(태광산업),태광산업 앞,2002,8,온천천,A,90000.0,1,0
200208,216,7.8,13.0,14.3,,9.9,3.2,1.296,5000.0,,30.0,695.0,0.0,,,,,,,,,,9.394,,,,,,1,수영강,29,온천천,온천천2(연안교),연안교,2002,8,온천천,A,5000.0,1,0
200208,327,,5.1,4.0,,6.8,,0.299,,,,,,,,,,,,,,,3.698,,,,,,1,수영강,29,온천천,온천천(청룡),청룡2호교,2002,8,온천천,A,,0,0
200208,328,,7.7,9.7,,7.8,,0.306,,,,,,,,,,,,,,,6.292,,,,,,1,수영강,29,온천천,온천천(온천),온천교,2002,8,온천천,A,,0,0
200209,206,7.6,16.5,10.7,,6.3,1.6,1.788,90000.0,,23.0,605.0,0.0,0.0,0.0,0.0,0.0,0.0,0.0,,,11.452,12.683,1.128,1.692,0.5,0.3,,2,중부산,3,동천,동천1,광무교,2002,9,동천,B,90000.0,1,1
200209,207,7.7,12.3,13.2,,7.5,1.0,1.291,17000.0,,23.0,12700.0,0.0,0.0,0.0,0.0,0.0,0.0,0.0,,,9.73,9.988,0.627,1.161,0.3,3.1,,2,중부산,3,동천,동천2,범4호교,2002,9,동천,B,17000.0,1,1
200209,208,7.3,4.5,4.0,,7.2,2.5,0.433,40000.0,,22.0,41400.0,0.0,0.0,0.0,0.0,0.0,0.0,0.0,,,3.019,3.588,0.185,0.363,0.1,0.5,,2,중부산,3,동천,동천3,범일교,2002,9,동천,B,40000.0,1,1
200209,215,8.7,3.9,6.6,,4.1,11.8,0.45,110000.0,,26.0,390.0,0.0,0.0,0.0,0.0,0.0,0.0,0.0,,,5.603,5.89,0.281,0.36,0.0,9.1,,1,수영강,29,온천천,온천천1(태광산업),태광산업 앞,2002,9,온천천,A,110000.0,1,0
200209,216,7.4,13.6,15.0,,13.7,3.3,1.244,9000.0,,22.0,4780.0,0.0,0.0,0.0,0.0,0.0,0.0,0.0,,,8.186,8.694,0.475,0.643,0.1,133.2,,1,수영강,29,온천천,온천천2(연안교),연안교,2002,9,온천천,A,9000.0,1,0
200209,327,,3.0,3.2,,2.5,,0.257,,,,,,,,,,,,,,,3.121,,,,,,1,수영강,29,온천천,온천천(청룡),청룡2호교,2002,9,온천천,A,,0,0
200209,328,,4.0,5.8,,3.5,,0.231,,,,,,,,,,,,,,,4.056,,,,,,1,수영강,29,온천천,온천천(온천),온천교,2002,9,온천천,A,,0,0
200210,206,7.4,10.9,10.0,,7.1,1.5,1.667,35000.0,,18.0,908.0,0.0,,,,,,,,,,11.926,,,,,,2,중부산,3,동천,동천1,광무교,2002,10,동천,B,35000.0,1,1
200210,207,7.2,11.3,14.0,,9.7,1.7,1.276,17000.0,,17.0,31900.0,0.0,,,,,,,,,,6.788,,,,,,2,중부산,3,동천,동천2,범4호교,2002,10,동천,B,17000.0,1,1
200210,208,7.2,5.8,5.2,,8.6,3.6,0.57,5000.0,,18.0,39100.0,0.0,,,,,,,,,,4.043,,,,,,2,중부산,3,동천,동천3,범일교,2002,10,동천,B,5000.0,1,0
200210,215,7.6,5.2,6.2,,4.2,10.3,0.395,24000.0,,15.0,424.0,0.0,,,,,,,,,,5.009,,,,,,1,수영강,29,온천천,온천천1(태광산업),태광산업 앞,2002,10,온천천,A,24000.0,1,0
200210,216,7.8,9.7,8.0,,10.6,5.2,0.646,8000.0,,15.0,1270.0,0.0,,,,,,,,,,5.956,,,,,,1,수영강,29,온천천,온천천2(연안교),연안교,2002,10,온천천,A,8000.0,1,0
200210,327,,4.1,3.8,,3.9,,0.318,,,,,,,,,,,,,,,2.293,,,,,,1,수영강,29,온천천,온천천(청룡),청룡2호교,2002,10,온천천,A,,0,0
200210,328,,3.0,5.8,,4.9,,0.264,,,,,,,,,,,,,,,5.69,,,,,,1,수영강,29,온천천,온천천(온천),온천교,2002,10,온천천,A,,0,0
200211,206,7.3,18.1,14.4,,25.3,4.2,1.736,90000.0,,13.0,1150.0,0.0,,,,,,,,,,12.393,,,,,,2,중부산,3,동천,동천1,광무교,2002,11,동천,B,90000.0,1,0
200211,207,7.2,10.3,12.8,,12.1,1.9,1.285,35000.0,,13.0,34600.0,0.0,,,,,,,,,,6.756,,,,,,2,중부산,3,동천,동천2,범4호교,2002,11,동천,B,35000.0,1,1
200211,208,7.2,4.2,4.8,,7.6,2.1,0.444,9000.0,,13.0,48800.0,0.0,,,,,,,,,,3.582,,,,,,2,중부산,3,동천,동천3,범일교,2002,11,동천,B,9000.0,1,1
200211,215,7.9,7.2,9.0,,3.9,12.2,0.682,17000.0,,11.0,610.0,0.0,,,,,,,,,,6.709,,,,,,1,수영강,29,온천천,온천천1(태광산업),태광산업 앞,2002,11,온천천,A,17000.0,1,0
200211,216,8.1,13.3,12.6,,15.6,14.7,0.795,11000.0,,9.0,17350.0,0.0,,,,,,,,,,6.36,,,,,,1,수영강,29,온천천,온천천2(연안교),연안교,2002,11,온천천,A,11000.0,1,0
200211,327,,11.3,7.4,,14.5,,1.84,,,,,,,,,,,,,,,4.747,,,,,,1,수영강,29,온천천,온천천(청룡),청룡2호교,2002,11,온천천,A,,0,0
200211,328,,3.0,4.6,,3.2,,0.16,,,,,,,,,,,,,,,4.191,,,,,,1,수영강,29,온천천,온천천(온천),온천교,2002,11,온천천,A,,0,0
200212,206,7.7,15.7,13.0,,8.6,4.1,1.358,34000.0,,12.0,1120.0,0.0,0.0,0.0,0.0,0.0,0.0,0.0,,,11.408,12.113,0.997,1.143,0.5,0.5,,2,중부산,3,동천,동천1,광무교,2002,12,동천,B,34000.0,1,0
200212,207,7.6,11.1,12.4,,10.8,1.8,1.048,220000.0,,12.0,31900.0,0.0,0.0,0.0,0.0,0.0,0.0,0.0,,,5.385,5.868,0.417,0.636,0.3,0.3,,2,중부산,3,동천,동천2,범4호교,2002,12,동천,B,220000.0,1,1
200212,208,7.9,4.0,4.8,,3.5,4.3,0.312,5000.0,,13.0,45500.0,0.0,0.0,0.0,0.0,0.0,0.0,0.0,,,2.44,3.126,0.119,0.286,0.1,0.0,,2,중부산,3,동천,동천3,범일교,2002,12,동천,B,5000.0,1,0
200212,215,8.2,10.8,14.8,,7.8,8.5,2.173,3400.0,,13.0,965.0,0.0,0.0,0.0,0.0,0.0,0.0,0.0,,,7.631,14.097,0.946,2.063,0.5,10.8,,1,수영강,29,온천천,온천천1(태광산업),태광산업 앞,2002,12,온천천,A,3400.0,1,0
200212,216,7.7,13.6,10.3,,7.8,5.6,0.659,5000.0,,10.0,12000.0,0.0,0.0,0.0,0.0,0.0,0.0,0.0,,,5.361,6.112,0.33,0.592,0.3,42.4,,1,수영강,29,온천천,온천천2(연안교),연안교,2002,12,온천천,A,5000.0,1,0
200212,327,,10.6,7.2,,8.6,,0.98,,,,,,,,,,,,,,,7.322,,,,,,1,수영강,29,온천천,온천천(청룡),청룡2호교,2002,12,온천천,A,,0,0
200212,328,,2.9,4.3,,3.5,,0.258,,,,,,,,,,,,,,,4.021,,,,,,1,수영강,29,온천천,온천천(온천),온천교,2002,12,온천천,A,,0,0
200301,206,7.7,17.7,15.6,,11.2,5.7,1.429,90000.0,,9.0,1050.0,0.0,,,,,,,,,,13.716,,,,,,2,중부산,3,동천,동천1,광무교,2003,1,동천,B,90000.0,1,0
200301,207,7.1,19.3,16.8,,8.9,1.8,1.089,700000.0,,9.0,27100.0,0.0,,,,,,,,,,9.512,,,,,,2,중부산,3,동천,동천2,범4호교,2003,1,동천,B,700000.0,1,1
200301,208,7.1,6.8,7.6,,4.1,1.5,0.482,35000.0,,9.0,43420.0,0.0,,,,,,,,,,5.476,,,,,,2,중부산,3,동천,동천3,범일교,2003,1,동천,B,35000.0,1,1
200301,215,7.7,10.5,11.0,,7.2,4.2,1.093,5000.0,,4.0,820.0,0.0,,,,,,,,,,8.971,,,,,,1,수영강,29,온천천,온천천1(태광산업),태광산업 앞,2003,1,온천천,A,5000.0,1,0
200301,216,7.2,15.6,17.6,,9.8,2.2,0.692,13000.0,,6.0,10300.0,0.0,,,,,,,,,,9.892,,,,,,1,수영강,29,온천천,온천천2(연안교),연안교,2003,1,온천천,A,13000.0,1,1
200105,216,8.2,16.4,21.0,,21.7,5.7,2.189,22000.0,,28.0,2250.0,0.0,,,,,,,,,,5.832,,,,,,1,수영강,29,온천천,온천천2(연안교),연안교,2001,5,온천천,A,22000.0,1,0
200105,327,,13.7,11.4,,11.9,,1.45,,,,,,,,,,,,,,,8.784,,,,,,1,수영강,29,온천천,온천천(청룡),청룡2호교,2001,5,온천천,A,,0,0
200105,328,,6.7,11.4,,4.1,,0.701,,,,,,,,,,,,,,,4.128,,,,,,1,수영강,29,온천천,온천천(온천),온천교,2001,5,온천천,A,,0,0
200106,206,7.6,18.3,14.0,,8.9,2.8,0.994,16000.0,,21.0,940.0,0.0,0.0,0.0,0.0,0.0,0.0,0.0,,,,13.056,0.7,,0.4,7.1,,2,중부산,3,동천,동천1,광무교,2001,6,동천,B,16000.0,1,1
200106,207,7.4,26.8,21.3,,15.5,1.1,2.347,16000.0,,22.0,1250.0,0.0,0.0,0.0,0.0,0.0,0.0,0.0,,,,15.84,1.218,,1.7,9.7,,2,중부산,3,동천,동천2,범4호교,2001,6,동천,B,16000.0,1,1
200106,208,7.3,13.9,9.2,,14.0,0.3,0.792,16000.0,,21.0,33400.0,0.0,0.0,0.0,0.0,0.0,0.0,0.0,,,,4.296,0.638,,0.9,1.8,,2,중부산,3,동천,동천3,범일교,2001,6,동천,B,16000.0,1,1
200106,215,8.0,11.6,20.0,,7.2,8.5,1.44,16000.0,,22.0,640.0,0.0,0.0,0.0,0.0,0.0,0.0,0.0,,,,12.696,1.17,,0.4,26.7,,1,수영강,29,온천천,온천천1(태광산업),태광산업 앞,2001,6,온천천,A,16000.0,1,0
200106,216,9.1,24.7,23.3,,53.8,16.4,1.483,4000.0,,23.0,5000.0,0.0,0.0,0.0,0.0,0.0,0.0,0.0,,,,6.648,0.595,,0.3,962.4,,1,수영강,29,온천천,온천천2(연안교),연안교,2001,6,온천천,A,4000.0,1,0
200106,327,,7.7,8.9,,6.0,,1.099,,,,,,,,,,,,,,,6.312,,,,,,1,수영강,29,온천천,온천천(청룡),청룡2호교,2001,6,온천천,A,,0,0
200106,328,,4.7,9.4,,3.0,,0.773,,,,,,,,,,,,,,,2.832,,,,,,1,수영강,29,온천천,온천천(온천),온천교,2001,6,온천천,A,,0,0
200107,206,7.5,13.5,14.8,,12.6,1.3,1.867,160000.0,,25.0,690.0,0.0,,,,,,,,,,11.75,,,,,,2,중부산,3,동천,동천1,광무교,2001,7,동천,B,160000.0,1,1
200107,207,7.5,30.7,23.3,,17.1,0.5,1.814,160000.0,,27.0,1360.0,0.0,,,,,,,,,,12.739,,,,,,2,중부산,3,동천,동천2,범4호교,2001,7,동천,B,160000.0,1,1
200107,208,7.1,14.4,13.6,,11.5,0.2,1.152,30000.0,,26.0,28800.0,0.0,,,,,,,,,,7.795,,,,,,2,중부산,3,동천,동천3,범일교,2001,7,동천,B,30000.0,1,1
200107,215,7.6,15.0,22.3,,11.9,6.0,1.176,900000.0,,29.0,390.0,0.0,,,,,,,,,,9.139,,,,,,1,수영강,29,온천천,온천천1(태광산업),태광산업 앞,2001,7,온천천,A,900000.0,1,0
200107,216,7.7,5.6,9.6,,13.5,6.3,0.816,16000.0,,30.0,3490.0,0.0,,,,,,,,,,5.17,,,,,,1,수영강,29,온천천,온천천2(연안교),연안교,2001,7,온천천,A,16000.0,1,0
200107,327,,19.5,22.3,,46.2,,2.472,,,,,,,,,,,,,,,6.461,,,,,,1,수영강,29,온천천,온천천(청룡),청룡2호교,2001,7,온천천,A,,0,0
200107,328,,7.1,13.1,,7.6,,1.166,,,,,,,,,,,,,,,7.608,,,,,,1,수영강,29,온천천,온천천(온천),온천교,2001,7,온천천,A,,0,0
200108,206,7.6,10.8,10.8,,5.9,2.3,1.411,23000.0,,25.0,670.0,0.0,,,,,,,,,,13.613,,,,,,2,중부산,3,동천,동천1,광무교,2001,8,동천,B,23000.0,1,1
200108,207,8.0,32.2,24.0,,18.0,0.1,2.146,30000.0,,26.0,1240.0,0.0,,,,,,,,,,13.925,,,,,,2,중부산,3,동천,동천2,범4호교,2001,8,동천,B,30000.0,1,1
200108,208,7.1,8.7,8.0,,5.8,0.1,0.48,5000.0,,23.0,36700.0,0.0,,,,,,,,,,7.766,,,,,,2,중부산,3,동천,동천3,범일교,2001,8,동천,B,5000.0,1,1
200108,215,7.8,7.8,8.5,,2.6,8.5,0.638,13000.0,,25.0,490.0,0.0,,,,,,,,,,9.302,,,,,,1,수영강,29,온천천,온천천1(태광산업),태광산업 앞,2001,8,온천천,A,13000.0,1,0
200108,216,9.2,11.9,20.0,,45.3,20.0,1.147,8000.0,,25.0,1800.0,0.0,,,,,,,,,,5.832,,,,,,1,수영강,29,온천천,온천천2(연안교),연안교,2001,8,온천천,A,8000.0,1,0
200108,327,,9.0,8.0,,5.3,,0.542,,,,,,,,,,,,,,,5.4,,,,,,1,수영강,29,온천천,온천천(청룡),청룡2호교,2001,8,온천천,A,,0,0
200108,328,,3.0,7.0,,3.2,,0.374,,,,,,,,,,,,,,,5.069,,,,,,1,수영강,29,온천천,온천천(온천),온천교,2001,8,온천천,A,,0,0
200109,206,7.5,10.9,12.3,,6.3,1.4,1.584,16000.0,,24.0,795.0,0.0,0.0,0.0,0.0,0.0,0.0,0.0,,,,13.334,1.04,,0.8,2.5,,2,중부산,3,동천,동천1,광무교,2001,9,동천,B,16000.0,1,1
200109,207,7.2,12.1,9.6,,8.6,0.1,1.368,160000.0,,25.0,20100.0,0.0,0.0,0.0,0.0,0.0,0.0,0.0,,,,8.957,0.703,,1.1,16.7,,2,중부산,3,동천,동천2,범4호교,2001,9,동천,B,160000.0,1,1
200109,208,7.2,7.8,6.8,,9.2,0.2,0.773,9000.0,,26.0,33500.0,0.0,0.0,0.0,0.0,0.0,0.0,0.0,,,,6.173,0.333,,1.4,4.4,,2,중부산,3,동천,동천3,범일교,2001,9,동천,B,9000.0,1,1
200109,215,8.0,10.7,11.3,,3.4,9.0,1.238,30000.0,,27.0,542.0,0.0,0.0,0.0,0.0,0.0,0.0,0.0,,,,9.49,1.195,,0.6,10.3,,1,수영강,29,온천천,온천천1(태광산업),태광산업 앞,2001,9,온천천,A,30000.0,1,0
200109,216,9.0,14.3,15.2,,28.3,15.7,0.59,16000.0,,26.0,2340.0,0.0,0.0,0.0,0.0,0.0,0.0,0.0,,,,4.795,0.45,,0.3,386.3,,1,수영강,29,온천천,온천천2(연안교),연안교,2001,9,온천천,A,16000.0,1,0
200109,327,,10.7,8.9,,16.1,,1.19,,,,,,,,,,,,,,,5.117,,,,,,1,수영강,29,온천천,온천천(청룡),청룡2호교,2001,9,온천천,A,,0,0
200109,328,,10.7,11.3,,3.4,,1.238,,,,,,,,,,,,,,,9.49,,,,,,1,수영강,29,온천천,온천천(온천),온천교,2001,9,온천천,A,,0,0
200110,206,7.4,11.4,11.7,,9.8,2.4,1.565,160000.0,,19.0,810.0,0.0,,,,,,,,,,10.32,,,,,,2,중부산,3,동천,동천1,광무교,2001,10,동천,B,160000.0,1,1
200110,207,7.4,14.6,11.6,,13.9,0.1,0.917,220000.0,,19.0,31500.0,0.0,,,,,,,,,,8.688,,,,,,2,중부산,3,동천,동천2,범4호교,2001,10,동천,B,220000.0,1,1
200110,208,7.6,6.4,4.8,,5.2,0.3,0.365,16000.0,,19.0,39100.0,0.0,,,,,,,,,,4.109,,,,,,2,중부산,3,동천,동천3,범일교,2001,10,동천,B,16000.0,1,1
200110,215,7.9,11.8,13.0,,4.1,9.9,0.931,9000.0,,17.0,574.0,0.0,,,,,,,,,,8.472,,,,,,1,수영강,29,온천천,온천천1(태광산업),태광산업 앞,2001,10,온천천,A,9000.0,1,0
200110,216,8.5,10.6,12.0,,19.0,13.9,0.403,8000.0,,18.0,3150.0,0.0,,,,,,,,,,1.872,,,,,,1,수영강,29,온천천,온천천2(연안교),연안교,2001,10,온천천,A,8000.0,1,0
200110,327,,7.9,6.6,,7.9,,0.518,,,,,,,,,,,,,,,0.984,,,,,,1,수영강,29,온천천,온천천(청룡),청룡2호교,2001,10,온천천,A,,0,0
200110,328,,1.8,5.4,,2.9,,0.259,,,,,,,,,,,,,,,1.56,,,,,,1,수영강,29,온천천,온천천(온천),온천교,2001,10,온천천,A,,0,0
200306,206,7.4,9.6,12.0,,10.5,3.3,1.014,340000.0,,17.0,1060.0,0.0,0.0,0.0,0.0,0.0,0.0,0.0,,,12.312,13.014,0.519,0.928,0.4,4.2,,2,중부산,3,동천,동천1,광무교,2003,6,동천,B,340000.0,1,0
200306,207,7.5,14.3,13.7,,8.4,1.5,0.963,900000.0,,17.0,3320.0,0.0,0.0,0.0,0.0,0.0,0.0,0.0,,,11.765,12.197,0.846,0.895,1.0,4.5,,2,중부산,3,동천,동천2,범4호교,2003,6,동천,B,900000.0,1,1
200306,208,7.5,4.0,5.2,,6.0,0.1,0.398,140000.0,,17.0,33100.0,0.0,0.0,0.0,0.0,0.0,0.0,0.0,,,4.457,4.614,0.332,0.367,0.5,6.0,,2,중부산,3,동천,동천3,범일교,2003,6,동천,B,140000.0,1,1
200306,215,8.4,5.9,6.2,,1.9,9.8,0.278,30000.0,,19.0,480.0,0.0,0.0,0.0,0.0,0.0,0.0,0.0,,,3.641,4.065,0.248,0.255,0.3,13.4,,1,수영강,29,온천천,온천천1(태광산업),태광산업 앞,2003,6,온천천,A,30000.0,1,0
200306,216,8.3,8.7,10.7,,6.7,10.2,0.289,8000.0,,20.0,730.0,0.0,0.0,0.0,0.0,0.0,0.0,0.0,,,3.334,3.683,0.131,0.218,0.2,8.5,,1,수영강,29,온천천,온천천2(연안교),연안교,2003,6,온천천,A,8000.0,1,0
200306,327,7.4,4.0,3.4,,9.9,6.8,0.41,9000.0,,16.0,266.0,0.0,0.0,,,0.0,0.0,0.0,,,5.628,5.949,0.345,0.39,0.1,9.7,,1,수영강,29,온천천,온천천(청룡),청룡2호교,2003,6,온천천,A,9000.0,1,0
200306,328,9.7,4.6,5.4,,2.9,19.0,0.102,11000.0,,18.0,570.0,0.0,0.0,,,0.0,0.0,0.0,,,4.845,4.938,0.087,0.094,0.1,28.1,,1,수영강,29,온천천,온천천(온천),온천교,2003,6,온천천,A,11000.0,1,0
200307,206,7.6,7.2,8.6,,39.1,6.2,0.812,260000.0,,21.0,467.0,0.0,,,,,,,,,,11.478,,,,,,2,중부산,3,동천,동천1,광무교,2003,7,동천,B,260000.0,1,0
200307,207,7.4,10.5,9.6,,11.4,3.9,0.64,700000.0,,22.0,2900.0,0.0,,,,,,,,,,6.054,,,,,,2,중부산,3,동천,동천2,범4호교,2003,7,동천,B,700000.0,1,0
200307,208,7.4,7.9,6.8,,6.6,1.7,0.425,340000.0,,21.0,15300.0,0.0,,,,,,,,,,3.448,,,,,,2,중부산,3,동천,동천3,범일교,2003,7,동천,B,340000.0,1,1
200307,215,7.2,11.5,9.0,,6.5,7.9,0.734,40000.0,,21.0,220.0,0.0,,,,,,,,,,8.958,,,,,,1,수영강,29,온천천,온천천1(태광산업),태광산업 앞,2003,7,온천천,A,40000.0,1,0
200307,216,7.3,14.0,13.0,,22.9,3.4,1.918,70000.0,,22.0,365.0,0.0,,,,,,,,,,21.614,,,,,,1,수영강,29,온천천,온천천2(연안교),연안교,2003,7,온천천,A,70000.0,1,0
200307,327,,1.3,2.8,,52.1,,0.151,,,,,,,,,,,,,,,1.435,,,,,,1,수영강,29,온천천,온천천(청룡),청룡2호교,2003,7,온천천,A,,0,0
200307,328,,12.4,10.8,,6.8,,0.945,,,,,,,,,,,,,,,10.676,,,,,,1,수영강,29,온천천,온천천(온천),온천교,2003,7,온천천,A,,0,0
200308,206,7.4,16.6,12.0,,11.7,2.7,0.743,340000.0,,25.0,517.0,0.0,,,,,,,,,,9.264,,,,,,2,중부산,3,동천,동천1,광무교,2003,8,동천,B,340000.0,1,1
200308,207,8.1,24.2,20.4,,17.8,1.5,1.028,1100000.0,,25.0,1820.0,0.0,,,,,,,,,,11.942,,,,,,2,중부산,3,동천,동천2,범4호교,2003,8,동천,B,1100000.0,1,1
200308,208,7.5,4.7,5.6,,4.8,2.9,0.277,800000.0,,25.0,41480.0,0.0,,,,,,,,,,3.181,,,,,,2,중부산,3,동천,동천3,범일교,2003,8,동천,B,800000.0,1,1
200308,215,7.6,7.9,9.8,,9.1,6.5,0.465,270000.0,,27.0,364.0,0.0,,,,,,,,,,5.628,,,,,,1,수영강,29,온천천,온천천1(태광산업),태광산업 앞,2003,8,온천천,A,270000.0,1,0
200308,216,7.6,11.8,16.3,,14.6,4.0,0.312,500000.0,,29.0,319.0,0.0,,,,,,,,,,4.13,,,,,,1,수영강,29,온천천,온천천2(연안교),연안교,2003,8,온천천,A,500000.0,1,0
200308,327,,6.8,7.4,,10.4,,0.243,,,,,,,,,,,,,,,3.49,,,,,,1,수영강,29,온천천,온천천(청룡),청룡2호교,2003,8,온천천,A,,0,0
200308,328,,7.9,8.8,,3.2,,0.231,,,,,,,,,,,,,,,4.984,,,,,,1,수영강,29,온천천,온천천(온천),온천교,2003,8,온천천,A,,0,0
200309,206,7.5,5.9,6.6,,10.3,5.1,0.592,900000.0,,23.0,458.0,0.0,0.0,0.0,0.0,0.0,0.0,0.0,,,7.508,7.72,0.464,0.52,0.3,2.2,,2,중부산,3,동천,동천1,광무교,2003,9,동천,B,900000.0,1,0
200309,207,7.2,8.5,7.6,,24.2,1.2,0.702,1400000.0,,23.0,16510.0,0.0,0.0,0.0,0.0,0.0,0.0,0.0,,,6.396,7.002,0.484,0.506,0.5,2.4,,2,중부산,3,동천,동천2,범4호교,2003,9,동천,B,1400000.0,1,1
200309,208,7.2,7.4,6.0,,6.3,0.7,0.456,300000.0,,23.0,35610.0,0.0,0.0,0.0,0.0,0.0,0.0,0.0,,,3.686,3.755,0.279,0.341,0.2,3.2,,2,중부산,3,동천,동천3,범일교,2003,9,동천,B,300000.0,1,1
200309,215,7.5,6.0,7.6,,6.0,8.2,0.588,110000.0,,23.0,276.0,0.0,0.0,0.0,0.0,0.0,0.0,0.0,,,7.126,7.532,0.247,0.521,0.0,7.1,,1,수영강,29,온천천,온천천1(태광산업),태광산업 앞,2003,9,온천천,A,110000.0,1,0
200309,216,7.3,11.8,10.5,,12.4,0.5,0.905,900000.0,,27.0,484.0,0.0,0.0,0.0,0.0,0.0,0.0,0.0,,,10.03,10.413,0.763,0.797,0.1,5.6,,1,수영강,29,온천천,온천천2(연안교),연안교,2003,9,온천천,A,900000.0,1,1
200309,327,,2.1,2.8,,4.1,,0.13,,,,,,0.0,,,0.0,0.0,0.0,,,,1.55,,,0.1,,,1,수영강,29,온천천,온천천(청룡),청룡2호교,2003,9,온천천,A,,0,0
200309,328,,4.0,6.8,,7.2,,0.421,,,,,,0.0,,,0.0,0.0,0.0,,,,5.382,,,0.1,,,1,수영강,29,온천천,온천천(온천),온천교,2003,9,온천천,A,,0,0
200310,206,7.4,14.2,8.8,,9.4,3.0,0.92,900000.0,,20.0,572.0,0.0,,,,,,,,,,9.806,,,,,,2,중부산,3,동천,동천1,광무교,2003,10,동천,B,900000.0,1,0
200310,207,7.3,10.1,5.6,,9.4,0.7,0.388,170000.0,,21.0,40630.0,0.0,,,,,,,,,,4.115,,,,,,2,중부산,3,동천,동천2,범4호교,2003,10,동천,B,170000.0,1,1
200310,208,7.6,5.6,4.0,,6.8,2.0,0.199,240000.0,,20.0,48930.0,0.0,,,,,,,,,,1.636,,,,,,2,중부산,3,동천,동천3,범일교,2003,10,동천,B,240000.0,1,1
200310,215,9.7,2.8,8.0,,7.4,14.7,0.273,140000.0,,23.0,474.0,0.0,,,,,,,,,,4.072,,,,,,1,수영강,29,온천천,온천천1(태광산업),태광산업 앞,2003,10,온천천,A,140000.0,1,0
200310,216,8.2,13.6,14.8,,13.5,10.5,0.596,170000.0,,20.0,11790.0,0.0,,,,,,,,,,8.407,,,,,,1,수영강,29,온천천,온천천2(연안교),연안교,2003,10,온천천,A,170000.0,1,0
200310,301,,36.3,16.4,,43.3,,1.331,,,,,,,,,,,,,,,14.261,,,,,,4,낙동강,22,괴정천,괴정천,하단초등학교 뒤,2003,10,괴정천,B,,0,0
200310,327,,6.0,8.9,,26.8,,0.396,,,,,,,,,,,,,,,2.829,,,,,,1,수영강,29,온천천,온천천(청룡),청룡2호교,2003,10,온천천,A,,0,0
200310,328,,3.1,10.0,,9.0,,0.388,,,,,,,,,,,,,,,4.523,,,,,,1,수영강,29,온천천,온천천(온천),온천교,2003,10,온천천,A,,0,0
200311,206,7.5,6.0,8.6,,3.2,3.2,0.915,300000.0,,16.0,997.0,0.0,,,,,,,,,,10.087,,,,,,2,중부산,3,동천,동천1,광무교,2003,11,동천,B,300000.0,1,0
200311,207,7.4,18.6,10.5,,14.9,3.6,0.994,300000.0,,15.0,1488.0,0.0,,,,,,,,,,11.38,,,,,,2,중부산,3,동천,동천2,범4호교,2003,11,동천,B,300000.0,1,0
200311,208,7.4,2.6,3.6,,4.0,1.4,0.233,13000.0,,17.0,54580.0,0.0,,,,,,,,,,2.141,,,,,,2,중부산,3,동천,동천3,범일교,2003,11,동천,B,13000.0,1,1
200311,215,7.9,6.9,6.2,,1.4,9.7,0.398,1700.0,,11.0,592.0,0.0,,,,,,,,,,4.584,,,,,,1,수영강,29,온천천,온천천1(태광산업),태광산업 앞,2003,11,온천천,A,1700.0,1,0
200311,216,7.8,5.4,9.2,,9.2,7.6,0.853,3000.0,,13.0,5840.0,0.0,,,,,,,,,,4.668,,,,,,1,수영강,29,온천천,온천천2(연안교),연안교,2003,11,온천천,A,3000.0,1,0
201111,301,6.7,23.4,20.8,,26.7,2.3,1.765,35000000.0,4600000.0,17.2,5390.0,0.0,0.0,0.0,0.0,0.0,0.0,0.0,14.724,0.0053,16.175,17.33,1.284,1.64,,0.4,,4,낙동강,22,괴정천,괴정천,하단초등학교 뒤,2011,11,괴정천,B,4600000.0,1,1
201312,207,7.5,13.5,14.0,,6.6,0.9,0.428,1700.0,460.0,8.6,38020.0,0.0,0.0,0.0,0.0,0.0,0.0,0.0,2.86,0.003,2.988,3.506,0.312,0.329,,0.7,0.0,2,중부산,3,동천,동천2,범4호교,2013,12,동천,B,460.0,0,1
201512,206,7.7,1.2,3.6,,11.1,6.8,0.076,790.0,170.0,13.8,49435.0,0.0,0.0,0.0,0.0,0.0,0.0,0.0,0.246,0.412,0.809,0.862,0.066,0.068,,0.3,0.0,2,중부산,3,동천,동천1,광무교,2015,12,동천,B,170.0,0,0
201512,207,7.2,4.9,5.2,,8.6,1.3,0.314,54000.0,80.0,12.3,44719.0,0.0,0.0,0.0,0.0,0.0,0.0,0.0,3.104,0.141,3.259,3.557,0.266,0.286,,0.5,0.0,2,중부산,3,동천,동천2,범4호교,2015,12,동천,B,80.0,0,1
200311,327,7.7,15.5,16.8,,39.1,9.0,1.264,60000.0,,16.0,497.0,0.0,,,,,,,,,,5.273,,,,,,1,수영강,29,온천천,온천천(청룡),청룡2호교,2003,11,온천천,A,60000.0,1,0
200311,328,8.4,8.9,9.0,,7.3,15.1,0.334,50000.0,,17.0,570.0,0.0,,,,,,,,,,5.907,,,,,,1,수영강,29,온천천,온천천(온천),온천교,2003,11,온천천,A,50000.0,1,0
200312,206,7.4,7.2,7.6,,4.2,5.8,0.69,170000.0,,12.0,677.0,0.0,0.0,0.0,0.0,0.0,0.0,0.0,,,10.018,10.575,0.55,0.571,0.5,0.9,,2,중부산,3,동천,동천1,광무교,2003,12,동천,B,170000.0,1,0
200312,207,7.2,18.1,17.6,,15.8,1.2,1.128,500000.0,,14.0,19490.0,0.0,0.0,0.0,0.0,0.0,0.0,0.0,,,9.962,11.129,0.724,0.824,0.4,1.7,,2,중부산,3,동천,동천2,범4호교,2003,12,동천,B,500000.0,1,1
200312,208,7.2,17.7,14.0,,9.4,1.0,0.821,140000.0,,11.0,28470.0,0.0,0.0,0.0,0.0,0.0,0.0,0.0,,,7.398,8.349,0.48,0.56,0.3,0.3,,2,중부산,3,동천,동천3,범일교,2003,12,동천,B,140000.0,1,1
200312,215,7.7,22.3,17.0,,11.6,9.5,1.649,8000.0,,6.0,871.0,0.0,0.0,0.0,0.0,0.0,0.0,0.0,,,15.741,16.906,1.364,1.41,0.4,7.8,,1,수영강,29,온천천,온천천1(태광산업),태광산업 앞,2003,12,온천천,A,8000.0,1,0
200312,216,7.7,18.5,12.5,,10.7,9.0,0.965,90000.0,,8.0,1032.0,0.0,0.0,0.0,0.0,0.0,0.0,0.0,,,14.625,15.022,0.397,0.835,0.2,4.3,,1,수영강,29,온천천,온천천2(연안교),연안교,2003,12,온천천,A,90000.0,1,0
200312,327,7.1,4.4,4.2,,3.8,11.6,0.529,50000.0,,9.0,316.0,0.0,0.0,,,0.0,0.0,0.0,,,2.488,2.537,0.477,0.484,0.1,1.9,,1,수영강,29,온천천,온천천(청룡),청룡2호교,2003,12,온천천,A,50000.0,1,0
200312,328,7.8,17.7,14.0,,9.0,13.0,0.899,17000.0,,7.0,768.0,0.0,0.0,,,0.0,0.0,0.0,,,13.697,14.546,0.793,0.866,0.3,5.9,,1,수영강,29,온천천,온천천(온천),온천교,2003,12,온천천,A,17000.0,1,0
200401,206,7.3,10.3,11.3,,4.8,5.4,0.719,300000.0,,10.0,701.0,0.0,,,,,,,,,10.928,11.511,0.571,0.631,,0.6,,2,중부산,3,동천,동천1,광무교,2004,1,동천,B,300000.0,1,0
200401,207,7.2,8.1,3.6,,10.0,2.0,0.549,500000.0,,10.0,35310.0,0.0,,,,,,,,,6.456,7.01,0.382,0.386,,11.3,,2,중부산,3,동천,동천2,범4호교,2004,1,동천,B,500000.0,1,1
200401,208,7.2,4.5,10.4,,4.3,1.9,0.291,3000.0,,11.0,48350.0,0.0,,,,,,,,,3.396,3.436,0.221,0.223,,2.0,,2,중부산,3,동천,동천3,범일교,2004,1,동천,B,3000.0,1,1
200401,215,8.1,42.3,51.0,,27.1,10.4,0.165,160000.0,,5.0,952.0,0.0,,,,,,,,,1.763,2.885,0.002,0.095,,67.9,,1,수영강,29,온천천,온천천1(태광산업),태광산업 앞,2004,1,온천천,A,160000.0,1,0
200401,216,8.2,8.3,9.2,,7.9,13.6,0.415,3000.0,,6.0,10190.0,0.0,,,,,,,,,5.543,5.97,0.241,0.243,,14.4,,1,수영강,29,온천천,온천천2(연안교),연안교,2004,1,온천천,A,3000.0,1,0
200401,327,7.7,14.8,11.4,,12.4,11.6,0.584,90000.0,,9.0,325.0,,,,,,,,,,3.66,3.804,0.432,0.433,,5.2,,1,수영강,29,온천천,온천천(청룡),청룡2호교,2004,1,온천천,A,90000.0,1,0
200401,328,8.4,4.3,8.0,,4.8,21.2,0.128,50000.0,,10.0,616.0,,,,,,,,,,4.599,4.708,0.069,0.082,,15.4,,1,수영강,29,온천천,온천천(온천),온천교,2004,1,온천천,A,50000.0,1,0
200402,207,6.9,7.4,14.0,,26.0,3.9,0.868,17000.0,,8.0,29590.0,0.0,,,,,,,,,8.135,9.625,0.102,0.51,,2.9,,2,중부산,3,동천,동천2,범4호교,2004,2,동천,B,17000.0,1,0
200402,208,7.4,2.6,5.6,,6.7,5.1,0.373,5000.0,,10.0,49510.0,0.0,,,,,,,,,2.051,2.569,0.101,0.269,,0.6,,2,중부산,3,동천,동천3,범일교,2004,2,동천,B,5000.0,1,0
200402,215,7.4,4.2,10.5,,5.5,7.4,0.462,110000.0,,6.0,839.0,0.0,,,,,,,,,6.176,6.551,0.412,0.412,,7.4,,1,수영강,29,온천천,온천천1(태광산업),태광산업 앞,2004,2,온천천,A,110000.0,1,0
200402,216,7.0,9.5,17.6,,29.8,2.7,1.303,5000.0,,7.0,20460.0,0.0,,,,,,,,,12.934,15.879,0.901,0.373,,17.6,,1,수영강,29,온천천,온천천2(연안교),연안교,2004,2,온천천,A,5000.0,1,1
200402,327,7.5,2.7,3.8,,2.9,14.3,0.234,130000.0,,5.0,155.0,0.0,,,,,,,,,2.62,3.224,0.11,0.13,,2.7,,1,수영강,29,온천천,온천천(청룡),청룡2호교,2004,2,온천천,A,130000.0,1,0
200403,206,7.3,13.6,12.8,,6.6,5.0,1.156,9000000.0,,11.0,860.0,0.0,0.0,0.0,0.0,0.0,0.0,0.0,,,14.309,16.178,1.024,1.057,1.7,0.5,,2,중부산,3,동천,동천1,광무교,2004,3,동천,B,9000000.0,1,0
200403,207,7.1,9.3,6.8,,5.7,1.4,0.499,140000.0,,11.0,30320.0,0.0,0.0,0.0,0.0,0.013,0.0,0.0,,,5.12,6.272,0.354,0.388,0.6,0.5,,2,중부산,3,동천,동천2,범4호교,2004,3,동천,B,140000.0,1,1
200403,208,6.7,11.2,12.0,,8.4,2.8,0.799,90000.0,,10.0,40480.0,0.0,0.0,0.0,0.0,0.011,0.0,0.0,,,8.288,10.164,0.538,0.588,0.9,0.3,,2,중부산,3,동천,동천3,범일교,2004,3,동천,B,90000.0,1,1
200403,215,7.4,5.3,12.0,,2.6,6.2,0.832,34000.0,,12.0,730.0,0.0,0.0,0.0,0.0,0.0,0.0,0.0,,,9.164,9.964,0.634,0.727,0.4,2.9,,1,수영강,29,온천천,온천천1(태광산업),태광산업 앞,2004,3,온천천,A,34000.0,1,0
200403,216,7.0,14.2,14.4,,23.7,0.6,1.076,80000.0,,14.0,21990.0,0.0,0.0,0.0,0.0,0.009,0.0,0.0,,,11.87,13.692,0.727,0.744,0.6,24.9,,1,수영강,29,온천천,온천천2(연안교),연안교,2004,3,온천천,A,80000.0,1,1
200403,301,7.1,18.9,14.8,,19.9,3.0,0.7,17000000.0,,9.0,26980.0,0.0,0.0,,,0.0,0.0,0.0,6.68,0.584,,10.081,,,1.0,,,4,낙동강,22,괴정천,괴정천,하단초등학교 뒤,2004,3,괴정천,B,17000000.0,1,0
200403,327,6.2,1.3,1.6,,0.8,7.2,0.099,90000.0,,10.0,88.0,0.0,0.0,,,0.0,0.0,0.0,,,1.75,1.889,0.066,0.069,0.3,1.2,,1,수영강,29,온천천,온천천(청룡),청룡2호교,2004,3,온천천,A,90000.0,1,0
200403,328,8.5,5.6,12.5,,3.9,5.9,0.461,9000.0,,16.0,672.0,0.0,0.0,,,0.0,0.0,0.0,,,7.124,7.728,0.368,0.412,0.3,9.6,,1,수영강,29,온천천,온천천(온천),온천교,2004,3,온천천,A,9000.0,1,0
200404,206,7.5,13.3,16.0,,6.2,1.6,1.712,1700000.0,,17.0,662.0,0.0,,,,,,,,,17.664,18.672,1.026,1.442,,4.2,,2,중부산,3,동천,동천1,광무교,2004,4,동천,B,1700000.0,1,1
200404,207,7.2,20.3,20.0,,21.0,1.0,1.219,2800000.0,,18.0,16720.0,0.0,,,,,,,,,16.224,16.224,0.891,0.923,,3.9,,2,중부산,3,동천,동천2,범4호교,2004,4,동천,B,2800000.0,1,1
200404,208,7.4,8.5,12.4,,28.6,1.2,0.373,90000.0,,17.0,40080.0,0.0,,,,,,,,,2.56,3.24,0.153,0.252,,0.8,,2,중부산,3,동천,동천3,범일교,2004,4,동천,B,90000.0,1,1
200404,215,7.1,6.2,17.2,,3.2,7.0,1.102,220000.0,,17.0,482.0,0.0,,,,,,,,,5.112,5.304,0.649,1.017,,1.5,,1,수영강,29,온천천,온천천1(태광산업),태광산업 앞,2004,4,온천천,A,220000.0,1,0
200404,216,8.7,22.7,22.4,,38.5,17.9,0.895,1700.0,,22.0,11770.0,0.0,,,,,,,,,4.128,8.16,0.187,0.37,,285.1,,1,수영강,29,온천천,온천천2(연안교),연안교,2004,4,온천천,A,1700.0,1,0
200404,327,7.9,1.9,2.8,,3.4,10.6,0.2,170000.0,,17.0,91.0,0.0,,,,,,,,,2.152,2.376,0.085,0.117,,2.4,,1,수영강,29,온천천,온천천(청룡),청룡2호교,2004,4,온천천,A,170000.0,1,0
200404,328,9.8,6.8,15.0,,11.0,22.3,0.289,2200.0,,27.0,553.0,0.0,,,,,,,,,5.184,5.664,0.067,0.119,,32.8,,1,수영강,29,온천천,온천천(온천),온천교,2004,4,온천천,A,2200.0,1,0
200405,206,7.5,7.7,9.6,,7.4,3.6,0.826,5000000.0,,19.0,573.0,0.0,,,,,,,,,11.432,11.655,0.723,0.771,,0.5,,2,중부산,3,동천,동천1,광무교,2004,5,동천,B,5000000.0,1,0
200405,207,7.3,19.4,14.3,,10.9,2.6,1.23,9000000.0,,21.0,1729.0,0.0,,,,,,,,,10.165,11.541,0.794,0.935,,0.4,,2,중부산,3,동천,동천2,범4호교,2004,5,동천,B,9000000.0,1,1
200405,208,7.3,7.9,6.0,,8.0,1.0,0.516,1100000.0,,18.0,32970.0,0.0,,,,,,,,,4.519,5.204,0.303,0.375,,0.6,,2,중부산,3,동천,동천3,범일교,2004,5,동천,B,1100000.0,1,1
200405,215,7.7,5.7,8.2,,5.1,10.0,0.674,50000.0,,21.0,268.0,0.0,,,,,,,,,7.118,7.739,0.539,0.584,,9.3,,1,수영강,29,온천천,온천천1(태광산업),태광산업 앞,2004,5,온천천,A,50000.0,1,0
200405,216,7.4,6.3,11.8,,5.1,5.4,0.724,80000.0,,25.0,434.0,0.0,,,,,,,,,8.043,8.393,0.612,0.631,,2.3,,1,수영강,29,온천천,온천천2(연안교),연안교,2004,5,온천천,A,80000.0,1,0
200405,327,7.8,0.6,2.2,,4.5,10.5,0.062,240000.0,,17.0,51.0,0.0,,,,,,,,,1.285,1.376,0.027,0.048,,2.4,,1,수영강,29,온천천,온천천(청룡),청룡2호교,2004,5,온천천,A,240000.0,1,0
200405,328,8.5,10.3,13.4,,9.0,10.9,0.807,220000.0,,22.0,368.0,0.0,,,,,,,,,8.937,9.405,0.75,0.736,,12.9,,1,수영강,29,온천천,온천천(온천),온천교,2004,5,온천천,A,220000.0,1,0
200406,206,7.5,15.1,12.3,,10.0,2.6,1.19,300000.0,,21.0,614.0,0.0,0.0,0.0,0.0,0.0,0.0,0.0,,,13.283,14.419,1.091,1.013,0.7,0.8,,2,중부산,3,동천,동천1,광무교,2004,6,동천,B,300000.0,1,1
200406,207,7.5,14.2,13.6,,18.0,1.5,1.34,9000000.0,,22.0,5038.0,0.0,0.0,0.0,0.0,0.0,0.0,0.0,,,13.955,14.513,1.094,1.107,0.6,0.5,,2,중부산,3,동천,동천2,범4호교,2004,6,동천,B,9000000.0,1,1
200406,208,7.4,5.1,4.4,,35.7,1.1,0.384,220000.0,,19.0,36880.0,0.0,0.0,0.0,0.0,0.0,0.0,0.0,,,3.347,3.766,0.209,0.244,0.6,0.3,,2,중부산,3,동천,동천3,범일교,2004,6,동천,B,220000.0,1,1
200301,327,,12.6,10.3,,11.6,,1.856,,,,,,,,,,,,,,,6.985,,,,,,1,수영강,29,온천천,온천천(청룡),청룡2호교,2003,1,온천천,A,,0,0
200301,328,,6.5,7.0,,4.5,,0.262,,,,,,,,,,,,,,,7.685,,,,,,1,수영강,29,온천천,온천천(온천),온천교,2003,1,온천천,A,,0,0
200302,206,7.5,14.2,13.7,,9.7,5.1,1.19,35000.0,,11.0,1200.0,0.0,,,,,,,,,,9.141,,,,,,2,중부산,3,동천,동천1,광무교,2003,2,동천,B,35000.0,1,0
200302,207,7.4,13.9,15.3,,12.7,5.7,1.243,1300000.0,,12.0,1770.0,0.0,,,,,,,,,,9.303,,,,,,2,중부산,3,동천,동천2,범4호교,2003,2,동천,B,1300000.0,1,0
200302,208,7.2,6.2,6.8,,4.1,1.1,0.492,13000.0,,11.0,42700.0,0.0,,,,,,,,,,3.745,,,,,,2,중부산,3,동천,동천3,범일교,2003,2,동천,B,13000.0,1,1
200302,215,7.7,10.3,8.0,,10.6,9.6,1.395,50000.0,,10.0,640.0,0.0,,,,,,,,,,10.888,,,,,,1,수영강,29,온천천,온천천1(태광산업),태광산업 앞,2003,2,온천천,A,50000.0,1,0
200302,216,7.6,13.3,10.0,,13.1,10.7,0.455,13000.0,,15.0,1150.0,0.0,,,,,,,,,,6.016,,,,,,1,수영강,29,온천천,온천천2(연안교),연안교,2003,2,온천천,A,13000.0,1,0
200302,327,,11.8,9.2,,11.4,,1.215,,,,,,,,,,,,,,,5.182,,,,,,1,수영강,29,온천천,온천천(청룡),청룡2호교,2003,2,온천천,A,,0,0
200302,328,,4.8,5.2,,5.1,,0.182,,,,,,,,,,,,,,,6.223,,,,,,1,수영강,29,온천천,온천천(온천),온천교,2003,2,온천천,A,,0,0
200303,206,7.3,20.7,15.6,,12.1,4.6,1.034,90000.0,,12.0,1050.0,0.0,0.0,0.0,0.0,0.0,0.0,0.0,,,12.118,12.755,0.765,0.892,0.4,0.7,,2,중부산,3,동천,동천1,광무교,2003,3,동천,B,90000.0,1,0
200303,207,7.3,23.0,17.2,,15.4,2.3,1.223,350000.0,,10.0,8300.0,0.0,0.0,0.0,0.0,0.0,0.0,0.0,,,13.042,13.655,0.854,1.002,1.0,1.2,,2,중부산,3,동천,동천2,범4호교,2003,3,동천,B,350000.0,1,1
200303,208,7.2,5.6,6.0,,4.7,1.8,0.425,50000.0,,12.0,37100.0,0.0,0.0,0.0,0.0,0.0,0.0,0.0,,,4.773,4.905,0.317,0.355,0.6,0.1,,2,중부산,3,동천,동천3,범일교,2003,3,동천,B,50000.0,1,1
200303,215,9.0,14.8,11.7,,10.9,8.9,1.408,60000.0,,13.0,1215.0,0.0,0.0,0.0,0.0,0.0,0.0,0.0,,,12.211,12.869,1.141,1.287,0.5,4.4,,1,수영강,29,온천천,온천천1(태광산업),태광산업 앞,2003,3,온천천,A,60000.0,1,0
200303,216,7.9,12.7,12.3,,14.4,12.1,0.612,28000.0,,15.0,3300.0,0.0,0.0,0.0,0.0,0.0,0.0,0.0,,,7.924,8.386,0.335,0.406,0.3,4.0,,1,수영강,29,온천천,온천천2(연안교),연안교,2003,3,온천천,A,28000.0,1,0
200303,327,7.4,14.8,11.4,,11.9,9.3,1.009,70000.0,,13.0,320.0,0.0,0.0,,,0.0,0.0,0.0,,,4.816,5.27,0.742,0.842,0.3,8.7,,1,수영강,29,온천천,온천천(청룡),청룡2호교,2003,3,온천천,A,70000.0,1,0
200303,328,8.8,4.7,7.6,,6.8,15.5,0.225,11000.0,,12.0,710.0,0.0,0.0,,,0.0,0.0,0.0,,,8.381,8.788,0.101,0.117,0.2,17.5,,1,수영강,29,온천천,온천천(온천),온천교,2003,3,온천천,A,11000.0,1,0
200402,206,7.2,11.8,12.2,,6.9,6.9,1.011,500000.0,,8.0,828.0,0.0,,,,,,,,,12.209,13.949,0.784,0.964,,0.9,,2,중부산,3,동천,동천1,광무교,2004,2,동천,B,500000.0,1,0
200304,206,7.4,15.5,16.8,,6.7,2.3,1.273,170000.0,,16.0,610.0,0.0,,,,,,,,,,12.834,,,,,,2,중부산,3,동천,동천1,광무교,2003,4,동천,B,170000.0,1,1
200304,207,7.3,27.2,16.0,,10.3,2.1,1.449,13000.0,,18.0,6620.0,0.0,,,,,,,,,,12.73,,,,,,2,중부산,3,동천,동천2,범4호교,2003,4,동천,B,13000.0,1,1
200304,208,7.2,8.0,6.8,,9.8,0.7,0.508,26000.0,,16.0,13620.0,0.0,,,,,,,,,,5.338,,,,,,2,중부산,3,동천,동천3,범일교,2003,4,동천,B,26000.0,1,1
200304,215,8.3,7.4,6.3,,7.6,9.8,0.448,9000.0,,19.0,715.0,0.0,,,,,,,,,,6.689,,,,,,1,수영강,29,온천천,온천천1(태광산업),태광산업 앞,2003,4,온천천,A,9000.0,1,0
200304,216,8.2,18.1,17.6,,20.0,12.5,0.893,17000.0,,24.0,1380.0,0.0,,,,,,,,,,7.688,,,,,,1,수영강,29,온천천,온천천2(연안교),연안교,2003,4,온천천,A,17000.0,1,0
200304,301,7.7,13.3,10.0,,5.1,6.7,0.465,34000.0,,17.0,17500.0,0.0,,,,,,,,,,4.835,,,,,,4,낙동강,22,괴정천,괴정천,하단초등학교 뒤,2003,4,괴정천,B,34000.0,1,0
200304,327,7.4,16.0,12.9,,15.1,6.4,1.052,22000.0,,18.0,322.0,0.0,,,,,,,,,,6.001,,,,,,1,수영강,29,온천천,온천천(청룡),청룡2호교,2003,4,온천천,A,22000.0,1,0
200304,328,8.2,10.7,10.3,,4.0,12.8,0.671,50000.0,,20.0,760.0,0.0,,,,,,,,,,10.189,,,,,,1,수영강,29,온천천,온천천(온천),온천교,2003,4,온천천,A,50000.0,1,0
200305,206,7.3,12.4,13.6,,21.3,2.5,1.029,500000.0,,19.0,580.0,0.0,,,,,,,,,,11.666,,,,,,2,중부산,3,동천,동천1,광무교,2003,5,동천,B,500000.0,1,1
200305,207,7.4,16.6,14.0,,11.3,2.7,1.116,900000.0,,20.0,1460.0,0.0,,,,,,,,,,11.582,,,,,,2,중부산,3,동천,동천2,범4호교,2003,5,동천,B,900000.0,1,1
200305,208,7.9,4.2,5.6,,6.4,0.1,0.486,140000.0,,18.0,34100.0,0.0,,,,,,,,,,4.981,,,,,,2,중부산,3,동천,동천3,범일교,2003,5,동천,B,140000.0,1,1
200305,215,8.0,10.8,9.5,,8.5,11.7,0.573,3000.0,,22.0,410.0,0.0,,,,,,,,,,7.529,,,,,,1,수영강,29,온천천,온천천1(태광산업),태광산업 앞,2003,5,온천천,A,3000.0,1,0
200305,216,7.9,12.3,10.9,,11.2,6.8,0.629,17000.0,,25.0,470.0,0.0,,,,,,,,,,7.727,,,,,,1,수영강,29,온천천,온천천2(연안교),연안교,2003,5,온천천,A,17000.0,1,0
200305,327,7.3,3.5,2.4,,3.5,9.5,0.135,7000.0,,16.0,70.0,0.0,,,,,,,,,,0.898,,,,,,1,수영강,29,온천천,온천천(청룡),청룡2호교,2003,5,온천천,A,7000.0,1,0
200305,328,8.2,8.3,9.0,,3.5,11.4,0.446,8000.0,,21.0,510.0,0.0,,,,,,,,,,8.62,,,,,,1,수영강,29,온천천,온천천(온천),온천교,2003,5,온천천,A,8000.0,1,0
200410,206,7.4,5.9,9.2,,6.7,3.5,0.901,160000000.0,,21.0,704.0,0.0,,,,,,,,,10.428,11.224,0.899,0.899,,2.9,,2,중부산,3,동천,동천1,광무교,2004,10,동천,B,160000000.0,1,0
200410,207,7.2,6.2,8.0,,11.6,2.0,0.523,17000000.0,,20.0,14880.0,0.0,,,,,,,,,5.428,5.797,0.495,0.505,,10.5,,2,중부산,3,동천,동천2,범4호교,2004,10,동천,B,17000000.0,1,1
200410,208,7.1,4.0,4.8,,17.9,1.0,0.296,1300000.0,,20.0,36810.0,0.0,,,,,,,,,3.223,3.235,0.278,0.282,,1.6,,2,중부산,3,동천,동천3,범일교,2004,10,동천,B,1300000.0,1,1
200410,215,7.5,9.3,14.1,,9.5,7.7,1.176,50000000.0,,19.0,533.0,0.0,,,,,,,,,10.774,11.905,1.046,1.084,,14.6,,1,수영강,29,온천천,온천천1(태광산업),태광산업 앞,2004,10,온천천,A,50000000.0,1,0
200410,216,8.6,3.1,8.0,,8.1,7.4,0.23,5000000.0,,19.0,500.0,0.0,,,,,,,,,3.816,3.877,0.211,0.228,,31.1,,1,수영강,29,온천천,온천천2(연안교),연안교,2004,10,온천천,A,5000000.0,1,0
200410,327,7.9,0.4,2.0,,1.6,8.1,0.131,2300000.0,,17.0,85.0,0.0,,,,,,,,,1.087,1.598,0.065,0.131,,7.8,,1,수영강,29,온천천,온천천(청룡),청룡2호교,2004,10,온천천,A,2300000.0,1,0
200410,328,9.3,5.4,14.4,,10.6,9.1,0.596,23000.0,,20.0,514.0,0.0,,,,,,,,,7.724,8.575,0.562,0.564,,31.8,,1,수영강,29,온천천,온천천(온천),온천교,2004,10,온천천,A,23000.0,1,0
200411,206,7.3,24.2,14.0,,11.1,3.7,0.816,5000000.0,,18.0,721.0,0.0,,,,,,,,,10.872,12.266,0.502,0.705,,1.2,,2,중부산,3,동천,동천1,광무교,2004,11,동천,B,5000000.0,1,0
200411,207,7.1,11.5,9.6,,11.0,1.7,0.594,24000000.0,,18.0,21290.0,0.0,,,,,,,,,6.841,7.232,0.011,0.432,,0.8,,2,중부산,3,동천,동천2,범4호교,2004,11,동천,B,24000000.0,1,1
200411,208,6.9,11.2,8.8,,12.2,1.4,0.6,8000000.0,,17.0,10430.0,0.0,,,,,,,,,1.645,6.15,1.415,0.066,,1.1,,2,중부산,3,동천,동천3,범일교,2004,11,동천,B,8000000.0,1,1
200411,215,9.1,5.3,9.8,,4.8,8.1,1.201,130000.0,,16.0,319.0,0.0,,,,,,,,,8.417,8.912,1.093,1.15,,16.1,,1,수영강,29,온천천,온천천1(태광산업),태광산업 앞,2004,11,온천천,A,130000.0,1,0
200411,216,8.0,6.2,9.6,,15.2,12.8,0.391,230000.0,,16.0,8096.0,0.0,,,,,,,,,4.54,4.969,0.256,0.268,,60.6,,1,수영강,29,온천천,온천천2(연안교),연안교,2004,11,온천천,A,230000.0,1,0
200411,327,8.3,0.4,2.6,,2.7,10.7,0.322,13000.0,,16.0,1002.0,0.0,,,,,,,,,4.252,4.378,0.259,0.307,,0.6,,1,수영강,29,온천천,온천천(청룡),청룡2호교,2004,11,온천천,A,13000.0,1,0
200411,328,,,,,,,,,,,,0.0,,,,,,,,,,,,,,,,1,수영강,29,온천천,온천천(온천),온천교,2004,11,온천천,A,,0,0
200412,206,7.4,35.5,23.5,,32.5,1.8,1.384,1300000.0,,15.0,739.0,0.0,0.0,0.0,0.0,0.0,0.0,0.0,,,15.365,17.05,0.998,1.083,0.1,4.2,,2,중부산,3,동천,동천1,광무교,2004,12,동천,B,1300000.0,1,1
200412,207,7.1,16.4,11.6,,14.3,2.6,0.597,1700000.0,,13.0,20010.0,0.0,0.0,0.0,0.0,0.0,0.0,0.0,,,7.381,7.879,0.412,7.381,0.1,1.6,,2,중부산,3,동천,동천2,범4호교,2004,12,동천,B,1700000.0,1,1
200412,208,7.0,3.6,6.4,,7.8,1.3,0.361,80000.0,,13.0,36560.0,0.0,0.0,0.0,0.0,0.0,0.0,0.0,,,3.677,4.033,0.248,0.269,0.2,0.8,,2,중부산,3,동천,동천3,범일교,2004,12,동천,B,80000.0,1,1
200412,215,7.6,2.3,3.2,,1.7,12.8,0.102,140.0,,11.0,379.0,0.0,0.0,0.0,0.0,0.0,0.0,0.0,,,3.664,3.725,0.081,0.086,0.0,1.7,,1,수영강,29,온천천,온천천1(태광산업),태광산업 앞,2004,12,온천천,A,140.0,0,0
200412,216,8.5,2.6,3.8,,2.6,15.5,0.044,7000.0,,11.0,470.0,0.0,0.0,0.0,0.0,0.0,0.0,0.0,,,5.432,5.707,0.03,0.04,0.2,4.0,,1,수영강,29,온천천,온천천2(연안교),연안교,2004,12,온천천,A,7000.0,1,0
200412,301,7.4,45.3,27.0,,32.1,4.8,1.607,2400000.0,,13.0,1095.0,,,,,,,,,,,21.009,,,,,,4,낙동강,22,괴정천,괴정천,하단초등학교 뒤,2004,12,괴정천,B,2400000.0,1,0
200412,327,7.5,1.7,2.2,,1.1,15.0,0.084,1100.0,,10.0,145.0,0.0,0.0,,,0.0,0.0,0.0,,,3.013,3.116,0.071,0.078,0.0,2.9,,1,수영강,29,온천천,온천천(청룡),청룡2호교,2004,12,온천천,A,1100.0,1,0
200412,328,8.6,5.4,6.4,,5.6,13.9,0.069,80000.0,,15.0,396.0,0.0,0.0,,,0.0,0.0,0.0,,,3.604,3.664,0.048,0.068,0.0,8.3,,1,수영강,29,온천천,온천천(온천),온천교,2004,12,온천천,A,80000.0,1,0
200501,206,7.7,23.7,19.6,,25.9,6.6,1.912,1100000.0,,6.0,708.0,0.0,,,,,,,,,13.044,18.476,1.755,1.808,,1.2,,2,중부산,3,동천,동천1,광무교,2005,1,동천,B,1100000.0,1,0
200501,207,7.4,24.8,16.3,,20.8,8.1,0.99,230000.0,,6.0,3428.0,0.0,,,,,,,,,7.694,10.192,0.989,0.99,,0.2,,2,중부산,3,동천,동천2,범4호교,2005,1,동천,B,230000.0,1,0
200501,208,6.9,9.7,8.4,,7.6,3.4,0.257,50000.0,,8.0,37850.0,0.0,,,,,,,,,3.802,4.586,0.226,0.24,,0.6,,2,중부산,3,동천,동천3,범일교,2005,1,동천,B,50000.0,1,0
200501,215,8.3,1.7,5.0,,5.1,11.6,0.057,140.0,,4.0,881.0,0.0,,,,,,,,,3.502,3.576,0.049,0.052,,7.4,,1,수영강,29,온천천,온천천1(태광산업),태광산업 앞,2005,1,온천천,A,140.0,0,0
200501,216,7.7,3.7,4.4,,4.4,12.0,0.152,8000.0,,2.0,11780.0,0.0,,,,,,,,,7.005,7.79,0.15,0.15,,1.7,,1,수영강,29,온천천,온천천2(연안교),연안교,2005,1,온천천,A,8000.0,1,0
200502,206,7.3,42.3,26.5,,30.8,6.6,0.346,1700000.0,,10.0,879.0,0.0,,,,,,,,,11.964,12.972,0.925,1.022,,2.3,,2,중부산,3,동천,동천1,광무교,2005,2,동천,B,1700000.0,1,0
200502,207,7.2,51.9,22.0,,70.8,1.8,1.318,1100000.0,,10.0,9873.0,0.0,,,,,,,,,14.334,16.986,0.752,0.814,,3.7,,2,중부산,3,동천,동천2,범4호교,2005,2,동천,B,1100000.0,1,1
200502,208,7.2,7.9,9.6,,11.3,2.5,0.379,70000.0,,10.0,39720.0,0.0,,,,,,,,,4.477,4.624,0.171,0.217,,0.8,,2,중부산,3,동천,동천3,범일교,2005,2,동천,B,70000.0,1,1
200502,215,7.5,2.4,6.4,,4.6,10.7,0.386,14000.0,,7.0,807.0,0.0,,,,,,,,,6.283,6.572,0.288,0.309,,2.6,,1,수영강,29,온천천,온천천1(태광산업),태광산업 앞,2005,2,온천천,A,14000.0,1,0
200502,216,6.6,5.3,7.6,,7.6,2.5,0.346,30000.0,,10.0,25070.0,0.0,,,,,,,,,6.375,6.998,0.205,0.225,,1.7,,1,수영강,29,온천천,온천천2(연안교),연안교,2005,2,온천천,A,30000.0,1,1
200503,206,7.4,19.3,23.0,,9.8,5.6,1.191,900000.0,,8.0,737.0,0.0,0.0,0.0,0.0,0.0,0.0,0.0,,,12.609,16.554,0.71,0.798,0.2,1.9,,2,중부산,3,동천,동천1,광무교,2005,3,동천,B,900000.0,1,0
200503,207,7.0,22.3,14.4,,18.0,4.3,0.798,160000.0,,8.0,18520.0,0.0,0.0,0.0,0.0,0.008,0.0,0.0,,,7.735,9.443,0.409,0.458,0.4,2.6,,2,중부산,3,동천,동천2,범4호교,2005,3,동천,B,160000.0,1,0
200503,208,7.0,6.0,4.0,,7.2,4.5,0.245,17000.0,,10.0,50220.0,0.0,0.0,0.0,0.0,0.022,0.0,0.0,,,1.5,1.969,0.133,0.181,0.5,0.8,,2,중부산,3,동천,동천3,범일교,2005,3,동천,B,17000.0,1,0
200503,215,7.5,7.7,10.0,,4.8,8.8,0.28,28000.0,,9.0,551.0,0.0,0.0,0.0,0.0,0.0,0.0,0.0,,,7.789,8.337,0.204,0.218,0.1,2.2,,1,수영강,29,온천천,온천천1(태광산업),태광산업 앞,2005,3,온천천,A,28000.0,1,0
200503,216,7.1,25.4,16.3,,17.6,4.4,0.646,280000.0,,14.0,917.0,0.0,0.0,0.0,0.0,0.0,0.0,0.0,,,10.431,10.814,0.476,0.502,0.4,1.1,,1,수영강,29,온천천,온천천2(연안교),연안교,2005,3,온천천,A,280000.0,1,0
200503,301,7.8,48.3,17.2,,20.0,7.3,0.741,13000000.0,,11.0,1056.0,0.0,0.0,0.0,0.0,0.012,0.0,0.0,,,11.506,12.201,0.464,0.488,0.7,5.7,,4,낙동강,22,괴정천,괴정천,하단초등학교 뒤,2005,3,괴정천,B,13000000.0,1,0
200503,327,7.3,3.3,,,9.0,11.3,0.326,5000.0,,8.0,167.0,0.0,0.0,0.0,0.0,0.0,0.0,0.0,,,4.844,4.867,0.214,0.267,0.0,1.9,,1,수영강,29,온천천,온천천(청룡),청룡2호교,2005,3,온천천,A,5000.0,1,0
200504,206,7.5,16.6,18.4,,25.0,3.2,1.114,2800000.0,,12.0,651.0,0.0,,,,,,,,,16.265,22.182,0.968,1.078,,3.7,,2,중부산,3,동천,동천1,광무교,2005,4,동천,B,2800000.0,1,0
200504,207,7.5,53.2,27.4,,56.5,2.8,1.085,5000000.0,,14.0,1516.0,0.0,,,,,,,,,8.37,15.813,0.959,1.002,,0.5,,2,중부산,3,동천,동천2,범4호교,2005,4,동천,B,5000000.0,1,1
200504,208,7.3,14.2,14.4,,15.8,1.1,0.722,1700000.0,,15.0,29810.0,0.0,,,,,,,,,7.479,9.207,0.435,0.45,,0.3,,2,중부산,3,동천,동천3,범일교,2005,4,동천,B,1700000.0,1,1
200504,215,8.7,4.5,10.8,,7.1,14.1,0.694,30000.0,,13.0,522.0,0.0,,,,,,,,,9.549,10.02,0.543,0.572,,6.9,,1,수영강,29,온천천,온천천1(태광산업),태광산업 앞,2005,4,온천천,A,30000.0,1,0
200504,216,9.0,10.3,12.8,,10.8,13.0,0.3,7000.0,,17.0,1017.0,0.0,,,,,,,,,3.201,3.351,0.15,0.189,,33.7,,1,수영강,29,온천천,온천천2(연안교),연안교,2005,4,온천천,A,7000.0,1,0
200505,206,7.6,9.7,11.1,,9.3,5.0,0.917,300000.0,,16.0,761.0,0.0,,,,,,,,,8.979,12.384,0.443,0.798,,2.4,,2,중부산,3,동천,동천1,광무교,2005,5,동천,B,300000.0,1,0
200505,207,7.2,19.1,10.0,,9.7,1.1,0.51,2400000.0,,17.0,26840.0,0.0,,,,,,,,,5.321,5.991,0.233,0.382,,1.3,,2,중부산,3,동천,동천2,범4호교,2005,5,동천,B,2400000.0,1,1
200505,208,7.3,7.7,5.6,,5.0,1.4,0.348,900000.0,,17.0,40880.0,0.0,,,,,,,,,0.913,3.756,0.063,0.23,,0.0,,2,중부산,3,동천,동천3,범일교,2005,5,동천,B,900000.0,1,1
200505,215,9.0,4.6,12.3,,5.4,15.8,0.813,5000.0,,26.0,328.0,0.0,,,,,,,,,8.081,8.453,0.752,0.782,,16.6,,1,수영강,29,온천천,온천천1(태광산업),태광산업 앞,2005,5,온천천,A,5000.0,1,0
200505,216,8.9,2.5,12.0,,3.1,14.4,0.486,300000.0,,24.0,442.0,0.0,,,,,,,,,5.125,5.294,0.462,0.471,,9.0,,1,수영강,29,온천천,온천천2(연안교),연안교,2005,5,온천천,A,300000.0,1,0
200506,206,7.4,7.7,9.0,,5.4,2.5,0.861,1400000.0,,21.0,744.0,0.0,0.0,0.0,0.0,0.0,0.0,0.0,,,7.927,8.133,0.612,0.779,0.4,1.3,,2,중부산,3,동천,동천1,광무교,2005,6,동천,B,1400000.0,1,1
200506,207,7.2,13.9,8.8,,10.8,0.6,0.657,1700000.0,,21.0,24080.0,0.0,0.0,0.0,0.0,0.0,0.0,0.0,,,5.6,7.438,0.53,0.548,0.8,7.5,,2,중부산,3,동천,동천2,범4호교,2005,6,동천,B,1700000.0,1,1
200506,208,7.5,3.2,4.4,,5.1,2.2,0.177,270000.0,,19.0,47890.0,0.0,0.0,0.0,0.0,0.01,0.0,0.0,,,0.72,2.067,0.12,0.137,0.4,2.7,,2,중부산,3,동천,동천3,범일교,2005,6,동천,B,270000.0,1,1
200506,215,8.1,12.4,10.9,,6.4,8.6,0.924,9000.0,,24.0,470.0,0.0,0.0,0.0,0.0,0.0,0.0,0.0,,,8.721,9.073,0.846,0.885,0.3,16.7,,1,수영강,29,온천천,온천천1(태광산업),태광산업 앞,2005,6,온천천,A,9000.0,1,0
200506,216,9.1,8.1,13.4,,18.8,11.5,0.254,50000.0,,26.0,1862.0,0.0,0.0,0.0,0.0,0.0,0.0,0.0,,,4.317,4.77,0.188,0.221,0.2,82.7,,1,수영강,29,온천천,온천천2(연안교),연안교,2005,6,온천천,A,50000.0,1,0
200506,301,7.6,16.2,11.6,,13.8,2.5,0.537,30000000.0,,22.0,16970.0,,,,,,,,,,,7.034,,,,,,4,낙동강,22,괴정천,괴정천,하단초등학교 뒤,2005,6,괴정천,B,30000000.0,1,1
200506,327,7.0,0.9,,,2.7,8.6,0.1,13000.0,,20.0,94.0,,,,,,,,,,,1.118,,,,,,1,수영강,29,온천천,온천천(청룡),청룡2호교,2005,6,온천천,A,13000.0,1,0
200506,328,10.5,3.4,,,5.5,11.8,0.323,12100.0,,23.0,614.0,,,,,,,,,,,7.466,,,,,,1,수영강,29,온천천,온천천(온천),온천교,2005,6,온천천,A,12100.0,1,0
200507,206,7.6,14.2,11.0,,9.5,4.1,0.602,3000000.0,,22.0,573.0,0.0,,,,,,,,,10.365,10.467,0.514,0.526,,1.6,,2,중부산,3,동천,동천1,광무교,2005,7,동천,B,3000000.0,1,0
200507,207,7.3,17.0,15.2,,64.9,1.1,0.565,20000000.0,,23.0,7833.0,0.0,,,,,,,,,8.278,9.149,0.446,0.459,,2.6,,2,중부산,3,동천,동천2,범4호교,2005,7,동천,B,20000000.0,1,1
200507,208,7.3,12.7,9.2,,12.3,1.0,0.496,14000000.0,,23.0,21760.0,0.0,,,,,,,,,6.177,6.824,0.379,0.382,,0.5,,2,중부산,3,동천,동천3,범일교,2005,7,동천,B,14000000.0,1,1
200507,215,8.0,6.3,7.6,,124.3,8.2,0.228,5000.0,,25.0,162.0,0.0,,,,,,,,,2.6,2.777,0.175,0.181,,2.5,,1,수영강,29,온천천,온천천1(태광산업),태광산업 앞,2005,7,온천천,A,5000.0,1,0
200507,216,7.4,2.8,4.8,,2.1,3.8,0.231,1700000.0,,25.0,233.0,0.0,,,,,,,,,3.271,3.361,0.208,0.219,,0.8,,1,수영강,29,온천천,온천천2(연안교),연안교,2005,7,온천천,A,1700000.0,1,0
200508,206,7.5,16.6,10.3,,12.6,6.2,0.678,9000000.0,,26.0,386.0,0.0,,,,,,,,,10.601,11.175,0.451,0.582,,4.6,,2,중부산,3,동천,동천1,광무교,2005,8,동천,B,9000000.0,1,0
200508,207,7.1,7.1,7.8,,14.0,2.0,0.603,5000000.0,,26.0,808.0,0.0,,,,,,,,,8.889,9.48,0.33,0.454,,6.8,,2,중부산,3,동천,동천2,범4호교,2005,8,동천,B,5000000.0,1,1
200508,208,7.4,11.1,6.0,,16.0,4.0,0.586,1100000.0,,26.0,692.0,0.0,,,,,,,,,5.177,5.878,0.298,0.408,,2.2,,2,중부산,3,동천,동천3,범일교,2005,8,동천,B,1100000.0,1,0
200508,215,8.0,5.0,6.0,,21.6,11.7,0.412,500000.0,,27.0,186.0,0.0,,,,,,,,,5.006,5.153,0.157,0.394,,0.8,,1,수영강,29,온천천,온천천1(태광산업),태광산업 앞,2005,8,온천천,A,500000.0,1,0
200508,216,7.5,2.6,4.6,,2.2,8.6,0.317,50000.0,,30.0,231.0,0.0,,,,,,,,,4.319,4.458,0.211,0.295,,1.3,,1,수영강,29,온천천,온천천2(연안교),연안교,2005,8,온천천,A,50000.0,1,0
200509,206,7.4,13.9,11.5,,11.0,2.0,0.802,9000000.0,,25.0,529.0,0.0,0.0,0.0,0.0,0.0,0.0,0.0,,,5.086,6.405,0.467,0.689,0.7,1.1,,2,중부산,3,동천,동천1,광무교,2005,9,동천,B,9000000.0,1,1
200509,207,7.3,13.6,13.6,,2.6,0.5,0.392,6000000.0,,29.0,13750.0,0.0,0.0,0.0,0.0,0.0,0.0,0.0,,,7.954,8.439,0.313,0.337,0.8,0.6,,2,중부산,3,동천,동천2,범4호교,2005,9,동천,B,6000000.0,1,1
200509,208,7.1,8.1,8.8,,5.6,0.5,0.297,2200000.0,,28.0,33510.0,0.0,0.0,0.0,0.0,0.005,0.0,0.0,,,1.652,3.845,0.214,0.224,1.2,3.9,,2,중부산,3,동천,동천3,범일교,2005,9,동천,B,2200000.0,1,1
200509,215,7.6,3.3,2.8,,8.4,8.2,0.514,3000000.0,,26.0,177.0,0.0,0.0,0.0,0.0,0.007,0.0,0.0,,,2.728,4.476,0.108,0.48,0.3,38.8,,1,수영강,29,온천천,온천천1(태광산업),태광산업 앞,2005,9,온천천,A,3000000.0,1,0
200509,216,8.1,3.9,4.6,,35.7,8.8,0.694,170000.0,,28.0,351.0,0.0,0.0,0.0,0.0,0.0,0.0,0.0,,,3.024,5.986,0.069,0.287,1.1,1.6,,1,수영강,29,온천천,온천천2(연안교),연안교,2005,9,온천천,A,170000.0,1,0
200509,301,8.0,6.9,12.3,,2.5,11.1,0.704,500000.0,,29.0,503.0,0.0,0.0,0.0,0.0,0.0,0.0,0.0,,,9.926,12.71,0.582,0.662,0.4,1.7,,4,낙동강,22,괴정천,괴정천,하단초등학교 뒤,2005,9,괴정천,B,500000.0,1,0
200406,215,9.0,24.2,27.5,,5.3,4.5,2.413,70000.0,,21.0,724.0,0.0,0.0,0.0,0.0,0.0,0.0,0.0,,,7.522,7.702,1.863,2.255,0.9,8.9,,1,수영강,29,온천천,온천천1(태광산업),태광산업 앞,2004,6,온천천,A,70000.0,1,0
200406,216,8.8,4.7,10.3,,24.1,15.3,0.771,22000.0,,31.0,1455.0,0.0,0.0,0.0,0.0,0.0,0.0,0.0,,,3.192,3.549,0.512,0.576,0.4,79.1,,1,수영강,29,온천천,온천천2(연안교),연안교,2004,6,온천천,A,22000.0,1,0
200406,301,7.3,21.6,17.2,,22.2,0.6,1.087,11000000.0,,25.0,14810.0,,,,,,,,,,,12.207,,,,,,4,낙동강,22,괴정천,괴정천,하단초등학교 뒤,2004,6,괴정천,B,11000000.0,1,1
200406,327,6.7,1.2,2.4,,3.2,9.6,0.072,110000.0,,20.0,70.0,0.0,0.0,,,0.0,0.0,0.0,,,1.178,1.269,0.07,0.066,0.0,6.1,,1,수영강,29,온천천,온천천(청룡),청룡2호교,2004,6,온천천,A,110000.0,1,0
200406,328,10.5,15.4,14.3,,22.7,20.5,0.158,1100.0,,29.0,672.0,0.0,0.0,,,0.0,0.0,0.0,,,2.829,2.95,0.061,0.102,0.4,42.6,,1,수영강,29,온천천,온천천(온천),온천교,2004,6,온천천,A,1100.0,1,0
200407,206,7.5,8.3,9.0,,4.1,4.2,0.726,350000.0,,23.0,482.0,0.0,,,,,,,,,9.274,9.629,0.723,0.741,,1.9,,2,중부산,3,동천,동천1,광무교,2004,7,동천,B,350000.0,1,0
200407,207,7.4,11.5,10.3,,33.7,2.4,0.761,900000.0,,24.0,803.0,0.0,,,,,,,,,8.232,8.512,0.794,0.649,,0.3,,2,중부산,3,동천,동천2,범4호교,2004,7,동천,B,900000.0,1,1
200407,208,7.0,15.1,12.8,,9.2,1.3,0.678,1100000.0,,22.0,24100.0,0.0,,,,,,,,,5.636,6.232,0.303,0.531,,1.4,,2,중부산,3,동천,동천3,범일교,2004,7,동천,B,1100000.0,1,1
200407,215,7.6,9.7,9.6,,5.7,8.3,0.737,24000.0,,24.0,255.0,0.0,,,,,,,,,8.266,8.505,0.539,0.74,,8.3,,1,수영강,29,온천천,온천천1(태광산업),태광산업 앞,2004,7,온천천,A,24000.0,1,0
200407,216,7.3,4.6,8.4,,3.0,4.2,0.516,50000.0,,26.0,258.0,0.0,,,,,,,,,4.848,4.979,0.612,0.491,,3.0,,1,수영강,29,온천천,온천천2(연안교),연안교,2004,7,온천천,A,50000.0,1,0
200407,327,7.6,0.7,4.2,,5.4,9.5,0.042,30000.0,,21.0,44.0,0.0,0.0,,,0.0,0.0,0.0,,,0.755,0.758,0.027,0.032,0.1,1.3,,1,수영강,29,온천천,온천천(청룡),청룡2호교,2004,7,온천천,A,30000.0,1,0
200407,328,8.9,3.8,6.6,,3.1,11.9,0.449,24000.0,,25.0,150.0,0.0,0.0,,,0.0,0.0,0.0,,,3.684,3.849,0.75,0.414,0.4,16.8,,1,수영강,29,온천천,온천천(온천),온천교,2004,7,온천천,A,24000.0,1,0
200408,206,7.4,15.4,11.3,,4.7,2.1,1.446,1700000.0,,26.0,670.0,0.0,,,,,,,,,11.208,14.256,1.269,1.343,,8.1,,2,중부산,3,동천,동천1,광무교,2004,8,동천,B,1700000.0,1,1
200408,207,7.0,27.2,22.0,,8.5,0.9,0.744,240000.0,,28.0,27315.0,0.0,,,,,,,,,6.528,8.712,0.549,0.69,,58.5,,2,중부산,3,동천,동천2,범4호교,2004,8,동천,B,240000.0,1,1
200408,208,7.2,12.7,10.0,,7.6,1.2,0.394,1300000.0,,27.0,34510.0,0.0,,,,,,,,,3.672,5.784,0.356,0.366,,55.1,,2,중부산,3,동천,동천3,범일교,2004,8,동천,B,1300000.0,1,1
200408,215,8.7,6.6,11.0,,7.5,9.4,0.467,2200.0,,29.0,798.0,0.0,,,,,,,,,4.128,5.976,0.431,0.436,,42.4,,1,수영강,29,온천천,온천천1(태광산업),태광산업 앞,2004,8,온천천,A,2200.0,1,0
200408,216,9.0,17.7,25.2,,78.2,13.5,0.378,5000.0,,32.0,10600.0,0.0,,,,,,,,,1.176,7.848,0.007,0.151,,64.0,,1,수영강,29,온천천,온천천2(연안교),연안교,2004,8,온천천,A,5000.0,1,0
200408,327,7.9,1.0,4.0,,1.8,7.6,0.199,50000.0,,27.0,116.0,0.0,,,,,,,,,1.531,1.776,0.153,0.198,,4.4,,1,수영강,29,온천천,온천천(청룡),청룡2호교,2004,8,온천천,A,50000.0,1,0
200408,328,9.5,5.1,14.3,,25.8,17.7,0.093,1700.0,,33.0,585.0,0.0,,,,,,,,,2.472,5.184,0.026,0.066,,167.4,,1,수영강,29,온천천,온천천(온천),온천교,2004,8,온천천,A,1700.0,1,0
200409,328,7.7,6.8,7.4,,4.1,6.6,0.295,500000.0,,26.0,284.0,0.0,0.0,,,0.0,0.0,0.0,,,4.957,4.961,0.291,0.292,0.3,4.3,,1,수영강,29,온천천,온천천(온천),온천교,2004,9,온천천,A,500000.0,1,0
200409,206,7.4,12.1,10.5,,10.4,3.8,0.562,1600000.0,,23.0,496.0,0.0,0.0,0.0,0.0,0.0,0.0,0.0,,,9.061,9.938,0.518,0.544,0.1,3.3,,2,중부산,3,동천,동천1,광무교,2004,9,동천,B,1600000.0,1,0
200409,207,7.2,29.6,13.7,,17.9,1.3,0.553,240000000.0,,24.0,3960.0,0.0,0.0,0.0,0.0,0.0,0.0,0.0,,,7.347,8.059,0.504,0.539,0.1,0.7,,2,중부산,3,동천,동천2,범4호교,2004,9,동천,B,240000000.0,1,1
200409,208,7.0,12.7,11.2,,12.8,0.8,0.303,5000000.0,,24.0,23140.0,0.0,0.0,0.0,0.0,0.014,0.0,0.0,,,5.291,5.528,0.22,0.294,0.6,0.7,,2,중부산,3,동천,동천3,범일교,2004,9,동천,B,5000000.0,1,1
200409,215,7.6,7.9,8.0,,5.4,7.6,0.324,1700000.0,,24.0,238.0,0.0,0.0,0.0,0.0,0.0,0.0,0.0,,,5.044,5.244,0.313,0.315,0.5,4.8,,1,수영강,29,온천천,온천천1(태광산업),태광산업 앞,2004,9,온천천,A,1700000.0,1,0
200409,216,7.3,5.6,7.4,,3.9,4.3,0.376,2400000.0,,28.0,327.0,0.0,0.0,0.0,0.0,0.0,0.0,0.0,,,1.492,4.796,0.367,0.371,0.3,0.7,,1,수영강,29,온천천,온천천2(연안교),연안교,2004,9,온천천,A,2400000.0,1,0
200409,301,7.6,33.2,25.3,,21.8,2.5,1.125,5000000.0,,24.0,606.0,0.0,0.0,,,0.0,0.0,0.0,1.543,0.211,,15.758,,,0.0,,,4,낙동강,22,괴정천,괴정천,하단초등학교 뒤,2004,9,괴정천,B,5000000.0,1,1
200409,327,6.2,0.5,2.2,,3.5,6.9,0.035,30000.0,,21.0,51.0,0.0,0.0,,,0.0,0.0,0.0,,,0.772,0.792,0.034,0.034,0.0,2.5,,1,수영강,29,온천천,온천천(청룡),청룡2호교,2004,9,온천천,A,30000.0,1,0
200602,206,5.9,32.6,21.2,,10.0,5.8,1.005,1300000.0,,3.0,830.0,0.0,,,,,,,,,14.33,14.337,0.917,0.924,,1.4,,2,중부산,3,동천,동천1,광무교,2006,2,동천,B,1300000.0,1,0
200602,207,6.3,7.5,7.2,,5.8,2.5,0.455,140000.0,,6.0,33030.0,0.0,,,,,,,,,5.795,5.853,0.32,0.328,,5.3,,2,중부산,3,동천,동천2,범4호교,2006,2,동천,B,140000.0,1,1
200602,208,6.7,5.7,5.2,,5.0,2.2,0.258,11000.0,,7.0,43060.0,0.0,,,,,,,,,2.902,2.913,0.173,0.191,,1.0,,2,중부산,3,동천,동천3,범일교,2006,2,동천,B,11000.0,1,1
200602,215,7.4,3.0,7.4,,11.6,12.3,0.144,130.0,,5.0,456.0,0.0,,,,,,,,,3.285,3.355,0.05,0.077,,3.4,,1,수영강,29,온천천,온천천1(태광산업),태광산업 앞,2006,2,온천천,A,130.0,0,0
200602,216,6.4,6.2,6.6,,15.0,13.0,0.17,14000.0,,5.0,466.0,0.0,,,,,,,,,3.341,3.512,0.03,0.069,,1.1,,1,수영강,29,온천천,온천천2(연안교),연안교,2006,2,온천천,A,14000.0,1,0
200602,301,7.4,42.2,30.6,,33.0,7.2,1.959,9000000.0,,7.0,843.0,,,,,,,,,,,20.175,,,,,,4,낙동강,22,괴정천,괴정천,하단초등학교 뒤,2006,2,괴정천,B,9000000.0,1,0
200602,327,7.4,2.0,7.0,,15.0,9.4,0.133,80.0,,3.0,373.0,,,,,,,,,,,2.768,,,,,,1,수영강,29,온천천,온천천(청룡),청룡2호교,2006,2,온천천,A,80.0,0,0
200602,328,7.5,4.0,7.8,,13.2,12.4,0.173,500.0,,6.0,470.0,,,,,,,,,,,3.647,,,,,,1,수영강,29,온천천,온천천(온천),온천교,2006,2,온천천,A,500.0,0,0
200603,206,7.0,14.5,19.2,,24.0,1.4,1.311,11000000.0,,11.0,4292.0,0.0,0.0,0.0,0.0,0.0,0.0,0.0,,,15.609,16.509,0.93,1.19,0.4,6.0,,2,중부산,3,동천,동천1,광무교,2006,3,동천,B,11000000.0,1,1
200603,207,6.8,15.7,11.6,,21.2,2.4,0.608,1300000.0,,11.0,17650.0,0.0,0.0,0.0,0.0,0.0,0.0,0.0,,,7.424,7.537,0.396,0.401,0.3,52.8,,2,중부산,3,동천,동천2,범4호교,2006,3,동천,B,1300000.0,1,1
200603,208,6.5,4.0,2.8,,9.0,1.4,0.284,80000.0,,12.0,43940.0,0.0,0.0,0.0,0.0,0.0,0.0,0.0,,,2.793,2.85,0.165,0.174,0.6,1.1,,2,중부산,3,동천,동천3,범일교,2006,3,동천,B,80000.0,1,1
200603,215,7.9,4.5,8.8,,16.3,10.7,0.169,2800.0,,10.0,460.0,0.0,0.0,0.0,0.0,0.0,0.0,0.0,,,2.8,3.069,0.042,0.072,0.1,2.1,,1,수영강,29,온천천,온천천1(태광산업),태광산업 앞,2006,3,온천천,A,2800.0,1,0
200603,216,7.8,5.1,8.2,,14.3,12.1,0.132,5000.0,,10.0,440.0,0.0,0.0,0.0,0.0,0.0,0.0,0.0,,,2.44,2.58,0.037,0.069,0.1,7.3,,1,수영강,29,온천천,온천천2(연안교),연안교,2006,3,온천천,A,5000.0,1,0
200603,327,8.1,3.5,7.4,,10.7,11.1,0.117,3000.0,,8.0,243.0,,,,,,,,,,,2.596,,,,,,1,수영강,29,온천천,온천천(청룡),청룡2호교,2006,3,온천천,A,3000.0,1,0
200603,328,7.3,5.2,8.8,,13.5,12.3,0.142,3000.0,,9.0,436.0,,,,,,,,,,,3.031,,,,,,1,수영강,29,온천천,온천천(온천),온천교,2006,3,온천천,A,3000.0,1,0
200604,206,7.2,10.3,10.0,,15.3,3.0,0.738,9000000.0,,13.0,7235.0,0.0,,,,,,,,,8.804,9.026,0.544,0.566,,11.5,,2,중부산,3,동천,동천1,광무교,2006,4,동천,B,9000000.0,1,0
200604,207,7.1,5.9,5.2,,6.6,0.7,0.368,220000.0,,14.0,44520.0,0.0,,,,,,,,,2.719,2.745,0.274,0.281,,1.2,,2,중부산,3,동천,동천2,범4호교,2006,4,동천,B,220000.0,1,1
200604,208,7.4,2.9,2.8,,6.2,1.8,0.199,110000.0,,14.0,49320.0,0.0,,,,,,,,,1.17,1.175,0.119,0.136,,1.3,,2,중부산,3,동천,동천3,범일교,2006,4,동천,B,110000.0,1,1
200604,215,7.5,3.9,5.4,,10.9,9.7,0.113,30000.0,,14.0,347.0,0.0,,,,,,,,,2.57,2.607,0.081,0.086,,0.3,,1,수영강,29,온천천,온천천1(태광산업),태광산업 앞,2006,4,온천천,A,30000.0,1,0
200604,216,7.7,1.2,4.2,,4.0,10.8,0.079,5000.0,,14.0,348.0,0.0,,,,,,,,,2.568,2.699,0.072,0.073,,0.7,,1,수영강,29,온천천,온천천2(연안교),연안교,2006,4,온천천,A,5000.0,1,0
200604,327,7.1,0.6,2.0,,2.5,10.6,0.06,8000.0,,11.0,150.0,,,,,,,,,,,1.452,,,,,,1,수영강,29,온천천,온천천(청룡),청룡2호교,2006,4,온천천,A,8000.0,1,0
200604,328,8.4,2.4,5.0,,14.2,11.0,0.127,30000.0,,15.0,331.0,,,,,,,,,,,2.586,,,,,,1,수영강,29,온천천,온천천(온천),온천교,2006,4,온천천,A,30000.0,1,0
200605,206,7.6,9.7,12.0,,7.1,4.7,0.352,5000000.0,,16.0,3645.0,0.0,,,,,,,,,5.402,5.681,0.317,0.338,,0.7,,2,중부산,3,동천,동천1,광무교,2006,5,동천,B,5000000.0,1,0
200605,207,7.2,6.9,7.6,,6.0,0.4,0.356,110000.0,,17.0,38710.0,0.0,,,,,,,,,3.257,3.353,0.245,0.285,,0.5,,2,중부산,3,동천,동천2,범4호교,2006,5,동천,B,110000.0,1,1
200605,208,7.3,4.8,5.6,,7.3,0.6,0.253,900000.0,,17.0,45830.0,0.0,,,,,,,,,1.936,2.041,0.201,0.205,,0.3,,2,중부산,3,동천,동천3,범일교,2006,5,동천,B,900000.0,1,1
200605,215,8.4,1.2,4.0,,3.0,5.3,0.12,24000.0,,18.0,234.0,0.0,,,,,,,,,2.415,2.454,0.075,0.096,,3.3,,1,수영강,29,온천천,온천천1(태광산업),태광산업 앞,2006,5,온천천,A,24000.0,1,0
200605,216,8.0,2.6,4.6,,6.2,5.2,0.106,11000.0,,19.0,242.0,0.0,,,,,,,,,2.256,2.421,0.062,0.067,,5.0,,1,수영강,29,온천천,온천천2(연안교),연안교,2006,5,온천천,A,11000.0,1,0
200605,301,7.3,37.0,19.0,,34.0,6.0,0.774,22000000.0,,17.0,641.0,0.0,0.0,,,0.0,0.0,0.0,,,10.32,11.166,0.381,0.429,0.0,0.4,,4,낙동강,22,괴정천,괴정천,하단초등학교 뒤,2006,5,괴정천,B,22000000.0,1,0
200605,327,7.3,0.6,3.4,,4.7,7.1,0.053,50.0,,17.7,199.0,0.0,0.0,,,0.0,0.0,0.0,,,2.165,2.282,0.034,0.034,0.0,0.7,,1,수영강,29,온천천,온천천(청룡),청룡2호교,2006,5,온천천,A,50.0,0,0
200605,328,8.8,2.7,4.6,,3.8,5.3,0.088,22000.0,,18.9,248.0,0.0,0.0,,,0.0,0.0,0.0,,,2.266,2.406,0.051,0.051,0.0,24.3,,1,수영강,29,온천천,온천천(온천),온천교,2006,5,온천천,A,22000.0,1,0
200606,206,7.3,27.2,17.2,,17.1,0.7,1.806,30000000.0,,20.0,5430.0,0.0,0.0,0.0,0.0,0.0,0.0,0.0,,,15.586,16.112,1.64,1.734,0.6,3.0,,2,중부산,3,동천,동천1,광무교,2006,6,동천,B,30000000.0,1,1
200606,207,7.3,14.0,10.4,,13.5,0.8,0.681,1100000.0,,21.0,41505.0,0.0,0.0,0.0,0.0,0.0,0.0,0.0,,,6.469,6.808,0.444,0.522,0.6,7.9,,2,중부산,3,동천,동천2,범4호교,2006,6,동천,B,1100000.0,1,1
200606,208,7.6,4.8,5.6,,7.1,1.0,0.309,130000.0,,20.0,44900.0,0.0,0.0,0.0,0.0,0.0,0.0,0.0,,,2.522,2.634,0.251,0.255,0.5,3.3,,2,중부산,3,동천,동천3,범일교,2006,6,동천,B,130000.0,1,1
200606,215,8.3,3.2,5.8,,12.6,8.3,0.191,900000.0,,24.0,277.0,0.0,0.0,0.0,0.0,0.0,0.0,0.0,,,2.439,2.524,0.114,0.142,0.2,0.4,,1,수영강,29,온천천,온천천1(태광산업),태광산업 앞,2006,6,온천천,A,900000.0,1,0
200606,327,8.0,1.0,,,8.3,8.3,0.067,17000.0,,25.0,226.0,,,,,,,,,,,1.755,,,,,,1,수영강,29,온천천,온천천(청룡),청룡2호교,2006,6,온천천,A,17000.0,1,0
200606,328,8.8,3.3,,,9.0,8.6,0.161,50000.0,,24.0,282.0,,,,,,,,,,,2.569,,,,,,1,수영강,29,온천천,온천천(온천),온천교,2006,6,온천천,A,50000.0,1,0
200607,206,7.5,24.2,13.7,,29.4,7.3,0.3,500000000.0,,20.0,367.0,0.0,,,,,,,,,6.884,6.93,0.192,0.22,,0.5,,2,중부산,3,동천,동천1,광무교,2006,7,동천,B,500000000.0,1,0
200607,207,7.6,5.3,7.2,,17.3,7.2,0.187,9000000.0,,20.0,350.0,0.0,,,,,,,,,5.854,6.132,0.121,0.138,,0.0,,2,중부산,3,동천,동천2,범4호교,2006,7,동천,B,9000000.0,1,0
200607,208,7.6,5.1,6.6,,37.6,7.3,0.16,5000000.0,,20.0,449.0,0.0,,,,,,,,,4.886,4.959,0.112,0.114,,0.0,,2,중부산,3,동천,동천3,범일교,2006,7,동천,B,5000000.0,1,0
200607,215,7.4,8.3,8.0,,14.7,6.2,0.565,1300000.0,,21.0,240.0,0.0,,,,,,,,,5.442,5.707,0.473,0.486,,0.9,,1,수영강,29,온천천,온천천1(태광산업),태광산업 앞,2006,7,온천천,A,1300000.0,1,0
200607,216,7.3,7.9,7.4,,7.0,1.9,0.631,1300000.0,,22.0,330.0,0.0,,,,,,,,,6.794,7.016,0.502,0.507,,0.5,,1,수영강,29,온천천,온천천2(연안교),연안교,2006,7,온천천,A,1300000.0,1,1
200607,327,7.3,0.9,,,1.7,7.3,0.061,11000.0,,18.0,59.0,,,,,,,,,,,0.597,,,,,,1,수영강,29,온천천,온천천(청룡),청룡2호교,2006,7,온천천,A,11000.0,1,0
200607,328,7.3,13.9,,,14.0,4.1,0.595,800000.0,,21.0,286.0,,,,,,,,,,,6.467,,,,,,1,수영강,29,온천천,온천천(온천),온천교,2006,7,온천천,A,800000.0,1,0
200608,206,7.4,16.9,14.3,,12.5,0.8,1.155,2400000.0,,26.0,1724.0,0.0,,,,,,,,,9.06,9.729,0.891,1.008,,0.9,,2,중부산,3,동천,동천1,광무교,2006,8,동천,B,2400000.0,1,1
200608,207,7.1,22.9,17.2,,9.0,1.1,0.694,5000000.0,,26.0,34570.0,0.0,,,,,,,,,4.144,4.73,0.45,0.51,,4.5,,2,중부산,3,동천,동천2,범4호교,2006,8,동천,B,5000000.0,1,1
200608,208,7.4,4.2,6.8,,6.6,0.2,0.314,900000.0,,26.0,41050.0,0.0,,,,,,,,,1.863,2.037,0.226,0.247,,3.9,,2,중부산,3,동천,동천3,범일교,2006,8,동천,B,900000.0,1,1
200608,215,4.5,3.0,6.0,,25.0,7.8,0.146,800000.0,,31.0,215.0,0.0,,,,,,,,,0.169,1.972,0.039,0.071,,1.5,,1,수영강,29,온천천,온천천1(태광산업),태광산업 앞,2006,8,온천천,A,800000.0,1,0
200608,216,7.6,6.2,7.2,,19.3,2.8,0.243,800000.0,,30.0,247.0,0.0,,,,,,,,,2.08,2.267,0.113,0.143,,14.9,,1,수영강,29,온천천,온천천2(연안교),연안교,2006,8,온천천,A,800000.0,1,1
200608,301,7.5,82.6,69.3,,111.0,0.7,3.235,1300000000.0,,27.0,588.0,,,,,,,,,,,17.385,,,,,,4,낙동강,22,괴정천,괴정천,하단초등학교 뒤,2006,8,괴정천,B,1300000000.0,1,1
200608,327,7.7,1.2,3.6,,5.7,5.4,0.068,30000.0,,28.0,182.0,,,,,,,,,,,1.941,,,,,,1,수영강,29,온천천,온천천(청룡),청룡2호교,2006,8,온천천,A,30000.0,1,0
200608,328,7.8,4.5,6.2,,49.5,5.2,0.239,1300000.0,,30.0,261.0,,,,,,,,,,,2.229,,,,,,1,수영강,29,온천천,온천천(온천),온천교,2006,8,온천천,A,1300000.0,1,0
200609,206,7.1,6.5,5.6,,5.4,2.3,0.418,5000000.0,,21.0,16870.0,0.0,0.0,0.0,0.0,0.011,0.0,0.0,,,5.398,5.494,0.309,0.328,0.5,2.8,,2,중부산,3,동천,동천1,광무교,2006,9,동천,B,5000000.0,1,1
200609,207,7.4,6.0,4.8,,8.0,0.8,0.438,130000.0,,22.0,42780.0,0.0,0.0,0.0,0.0,0.021,0.0,0.0,,,2.01,4.884,0.22,0.222,0.4,4.6,,2,중부산,3,동천,동천2,범4호교,2006,9,동천,B,130000.0,1,1
200609,208,7.7,2.0,1.2,,4.6,2.4,0.102,5000.0,,22.0,46570.0,0.0,0.0,0.0,0.0,0.022,0.0,0.0,,,0.716,0.739,0.075,0.088,0.4,2.1,,2,중부산,3,동천,동천3,범일교,2006,9,동천,B,5000.0,1,1
200609,215,8.0,1.3,3.6,,5.0,7.9,0.099,500000.0,,22.0,390.0,0.0,0.0,0.0,0.0,0.0,0.0,0.0,,,1.628,1.781,0.06,0.089,0.0,1.1,,1,수영강,29,온천천,온천천1(태광산업),태광산업 앞,2006,9,온천천,A,500000.0,1,0
200609,216,7.5,2.1,4.8,,12.0,6.8,0.125,240000.0,,21.0,287.0,0.0,0.0,0.0,0.0,0.0,0.0,0.0,,,2.013,2.123,0.08,0.081,0.0,1.9,,1,수영강,29,온천천,온천천2(연안교),연안교,2006,9,온천천,A,240000.0,1,0
200609,327,7.6,0.4,,,2.4,8.0,0.076,24000.0,,21.0,178.0,,,,,,,,,,,1.259,,,,,,1,수영강,29,온천천,온천천(청룡),청룡2호교,2006,9,온천천,A,24000.0,1,0
200609,328,7.7,0.6,,,4.7,8.7,0.089,240000.0,,21.0,252.0,,,,,,,,,,,1.896,,,,,,1,수영강,29,온천천,온천천(온천),온천교,2006,9,온천천,A,240000.0,1,0
200610,206,7.0,10.1,10.0,,10.4,2.1,0.465,16000000.0,,22.0,19480.0,0.0,,,,,,,,,6.91,7.316,0.314,0.338,,53.4,,2,중부산,3,동천,동천1,광무교,2006,10,동천,B,16000000.0,1,1
200610,207,7.6,8.0,4.2,,23.6,5.4,0.199,6000.0,,22.0,39430.0,0.0,,,,,,,,,1.448,2.117,0.125,0.142,,139.3,,2,중부산,3,동천,동천2,범4호교,2006,10,동천,B,6000.0,1,0
200610,208,7.6,3.2,1.8,,10.8,3.2,0.156,8000.0,,22.0,40600.0,0.0,,,,,,,,,1.172,1.412,0.125,0.133,,46.9,,2,중부산,3,동천,동천3,범일교,2006,10,동천,B,8000.0,1,0
200610,215,7.4,1.0,4.2,,2.8,9.3,0.112,130000.0,,20.0,276.0,0.0,,,,,,,,,2.341,2.544,0.075,0.091,,1.8,,1,수영강,29,온천천,온천천1(태광산업),태광산업 앞,2006,10,온천천,A,130000.0,1,0
200610,216,7.8,1.3,4.4,,4.0,9.4,0.088,80000.0,,21.0,283.0,0.0,,,,,,,,,2.493,2.604,0.069,0.072,,1.4,,1,수영강,29,온천천,온천천2(연안교),연안교,2006,10,온천천,A,80000.0,1,0
200610,327,7.2,0.4,,,2.4,8.5,0.065,1400.0,,20.0,201.0,,,,,,,,,,,1.835,,,,,,1,수영강,29,온천천,온천천(청룡),청룡2호교,2006,10,온천천,A,1400.0,1,0
200610,328,7.9,1.0,,,3.3,9.8,0.067,70000.0,,20.0,269.0,,,,,,,,,,,2.489,,,,,,1,수영강,29,온천천,온천천(온천),온천교,2006,10,온천천,A,70000.0,1,0
200611,206,7.4,6.0,6.8,,7.1,3.6,0.605,300000.0,,12.0,1343.0,0.0,,,,,,,,,9.315,10.06,0.502,0.557,,16.5,,2,중부산,3,동천,동천1,광무교,2006,11,동천,B,300000.0,1,0
200611,207,7.7,8.1,9.6,,17.0,6.7,0.399,80000.0,,15.0,31480.0,0.0,,,,,,,,,5.547,5.908,0.198,0.23,,78.4,,2,중부산,3,동천,동천2,범4호교,2006,11,동천,B,80000.0,1,0
200611,208,7.7,3.0,6.0,,11.2,5.3,0.175,11000.0,,14.0,39770.0,0.0,,,,,,,,,1.723,2.069,0.077,0.11,,86.6,,2,중부산,3,동천,동천3,범일교,2006,11,동천,B,11000.0,1,0
200611,215,7.9,2.1,3.4,,3.1,9.8,0.076,170000.0,,17.0,320.0,0.0,,,,,,,,,2.712,2.718,0.055,0.07,,2.6,,1,수영강,29,온천천,온천천1(태광산업),태광산업 앞,2006,11,온천천,A,170000.0,1,0
200611,216,8.3,1.3,3.2,,2.0,10.1,0.101,22000.0,,18.0,314.0,0.0,,,,,,,,,3.01,3.113,0.085,0.098,,3.3,,1,수영강,29,온천천,온천천2(연안교),연안교,2006,11,온천천,A,22000.0,1,0
200611,301,6.6,21.1,16.4,,17.5,3.2,1.245,1700000000.0,,14.0,4672.0,0.0,0.0,,,0.0,0.0,0.0,,,18.845,19.8,1.034,1.045,0.1,1.9,,4,낙동강,22,괴정천,괴정천,하단초등학교 뒤,2006,11,괴정천,B,1700000000.0,1,0
200611,327,7.6,1.4,2.6,,7.2,9.6,0.061,5000.0,,16.0,239.0,0.0,0.0,,,0.0,0.0,0.0,,,2.332,2.4,0.044,0.047,0.0,2.9,,1,수영강,29,온천천,온천천(청룡),청룡2호교,2006,11,온천천,A,5000.0,1,0
200611,328,8.6,1.7,3.0,,2.0,10.4,0.089,170000.0,,18.0,315.0,0.0,0.0,,,0.0,0.0,0.0,,,2.784,2.805,0.07,0.087,0.2,2.2,,1,수영강,29,온천천,온천천(온천),온천교,2006,11,온천천,A,170000.0,1,0
200612,206,7.4,2.9,6.4,,2.5,7.5,0.274,50000.0,,8.0,2531.0,0.0,0.0,0.0,0.0,0.0,0.0,0.0,,,7.388,7.466,0.262,0.268,0.2,0.2,,2,중부산,3,동천,동천1,광무교,2006,12,동천,B,50000.0,1,0
200612,207,7.2,7.9,6.0,,8.5,0.8,0.35,280000.0,,10.0,33190.0,0.0,0.0,0.0,0.0,0.011,0.0,0.0,,,4.272,4.842,0.195,0.202,0.5,4.8,,2,중부산,3,동천,동천2,범4호교,2006,12,동천,B,280000.0,1,1
200612,208,7.3,3.8,3.2,,7.0,1.3,0.197,17000.0,,11.0,40210.0,0.0,0.0,0.0,0.0,0.013,0.0,0.0,,,2.379,2.431,0.108,0.125,0.6,0.9,,2,중부산,3,동천,동천3,범일교,2006,12,동천,B,17000.0,1,1
200509,327,7.4,0.4,,,6.9,8.6,0.126,35000.0,,24.0,164.0,0.0,0.0,0.0,0.0,0.0,0.0,0.0,,,0.937,1.263,0.047,0.103,0.0,1.2,,1,수영강,29,온천천,온천천(청룡),청룡2호교,2005,9,온천천,A,35000.0,1,0
200509,328,8.0,2.2,,,6.4,10.7,0.525,220000.0,,27.0,244.0,0.0,0.0,0.0,0.0,0.0,0.0,0.0,,,1.881,3.745,0.188,0.474,0.0,2.3,,1,수영강,29,온천천,온천천(온천),온천교,2005,9,온천천,A,220000.0,1,0
200510,206,7.4,8.9,17.6,,19.2,1.3,1.584,17000000.0,,21.0,816.0,0.0,,,,,,,,,13.356,17.388,1.253,1.314,,1.1,,2,중부산,3,동천,동천1,광무교,2005,10,동천,B,17000000.0,1,1
200510,207,7.3,5.7,6.8,,12.8,1.0,0.469,80000.0,,23.0,39940.0,0.0,,,,,,,,,4.262,4.545,0.367,0.45,,6.3,,2,중부산,3,동천,동천2,범4호교,2005,10,동천,B,80000.0,1,1
200510,208,7.5,4.2,4.8,,6.8,1.6,0.4,300000.0,,22.0,40950.0,0.0,,,,,,,,,3.303,3.484,0.261,0.372,,1.0,,2,중부산,3,동천,동천3,범일교,2005,10,동천,B,300000.0,1,1
200510,215,7.8,3.1,3.8,,2.1,10.9,0.264,23000.0,,19.0,241.0,0.0,,,,,,,,,2.738,2.749,0.251,0.254,,1.9,,1,수영강,29,온천천,온천천1(태광산업),태광산업 앞,2005,10,온천천,A,23000.0,1,0
200510,216,8.1,2.2,4.6,,15.3,4.0,0.64,50000.0,,20.0,509.0,0.0,,,,,,,,,6.644,7.515,0.426,0.427,,6.7,,1,수영강,29,온천천,온천천2(연안교),연안교,2005,10,온천천,A,50000.0,1,0
200511,206,7.7,13.3,9.2,,9.3,5.4,0.782,2400000.0,,16.0,6033.0,0.0,,,,,,,,,10.288,11.177,0.605,0.612,,1.2,,2,중부산,3,동천,동천1,광무교,2005,11,동천,B,2400000.0,1,0
200511,207,7.3,7.9,6.4,,11.3,1.4,0.449,240000.0,,17.0,24530.0,0.0,,,,,,,,,5.843,6.132,0.332,0.344,,1.2,,2,중부산,3,동천,동천2,범4호교,2005,11,동천,B,240000.0,1,1
200511,208,7.4,4.8,4.0,,8.5,1.9,0.269,80000.0,,18.0,44310.0,0.0,,,,,,,,,2.832,2.908,0.21,0.221,,1.1,,2,중부산,3,동천,동천3,범일교,2005,11,동천,B,80000.0,1,1
200511,215,8.3,2.3,5.0,,8.0,12.0,0.174,50000.0,,17.0,393.0,0.0,,,,,,,,,2.374,2.752,0.085,0.092,,14.4,,1,수영강,29,온천천,온천천1(태광산업),태광산업 앞,2005,11,온천천,A,50000.0,1,0
200511,216,7.8,3.0,6.0,,10.4,13.6,0.157,30000.0,,15.0,385.0,0.0,,,,,,,,,2.936,3.638,0.056,0.062,,9.8,,1,수영강,29,온천천,온천천2(연안교),연안교,2005,11,온천천,A,30000.0,1,0
200512,206,7.6,8.5,5.8,,5.8,6.1,0.395,300000.0,,6.0,2007.0,0.0,0.0,0.0,0.0,0.0,0.0,0.0,,,8.685,8.915,0.369,0.373,0.5,2.4,,2,중부산,3,동천,동천1,광무교,2005,12,동천,B,300000.0,1,0
200512,207,7.4,11.5,11.6,,15.0,4.1,0.345,160000.0,,9.0,28860.0,0.0,0.0,0.0,0.0,0.0,0.0,0.0,,,4.364,4.657,0.216,0.233,0.7,128.6,,2,중부산,3,동천,동천2,범4호교,2005,12,동천,B,160000.0,1,0
200512,208,7.5,3.4,4.0,,6.6,4.0,0.177,11000.0,,10.0,38300.0,0.0,0.0,0.0,0.0,0.0,0.0,0.0,,,2.093,2.11,0.103,0.119,0.7,17.2,,2,중부산,3,동천,동천3,범일교,2005,12,동천,B,11000.0,1,0
200512,215,8.4,2.9,5.0,,9.1,12.4,0.11,50000.0,,10.0,390.0,0.0,0.0,0.0,0.0,0.0,0.0,0.0,,,2.429,2.431,0.036,0.091,0.2,38.0,,1,수영강,29,온천천,온천천1(태광산업),태광산업 앞,2005,12,온천천,A,50000.0,1,0
200512,216,8.3,3.6,4.8,,9.6,13.2,0.094,11000.0,,10.0,401.0,0.0,0.0,0.0,0.0,0.0,0.0,0.0,,,2.647,2.829,0.026,0.067,0.1,27.1,,1,수영강,29,온천천,온천천2(연안교),연안교,2005,12,온천천,A,11000.0,1,0
200512,301,7.3,11.6,14.6,,24.0,6.3,1.419,14000000.0,,12.0,920.0,,,,,,,,,,,16.722,,,,,,4,낙동강,22,괴정천,괴정천,하단초등학교 뒤,2005,12,괴정천,B,14000000.0,1,0
200512,327,8.2,3.5,,,9.3,12.5,0.1,1700.0,,9.0,379.0,,,,,,,,,,,2.467,,,,,,1,수영강,29,온천천,온천천(청룡),청룡2호교,2005,12,온천천,A,1700.0,1,0
200512,328,9.0,3.6,,,10.1,14.2,0.084,30000.0,,10.0,393.0,,,,,,,,,,,2.334,,,,,,1,수영강,29,온천천,온천천(온천),온천교,2005,12,온천천,A,30000.0,1,0
200601,206,7.5,13.3,12.8,,29.0,5.4,0.658,500000.0,,7.0,24460.0,0.0,,,,,,,,,8.35,9.159,0.393,0.451,,25.3,,2,중부산,3,동천,동천1,광무교,2006,1,동천,B,500000.0,1,0
200601,207,7.4,4.5,4.8,,31.2,4.8,0.231,30000.0,,7.0,40160.0,0.0,,,,,,,,,3.41,3.859,0.119,0.164,,16.8,,2,중부산,3,동천,동천2,범4호교,2006,1,동천,B,30000.0,1,0
200601,208,7.4,3.8,2.4,,5.7,5.3,0.158,130000.0,,7.0,46970.0,0.0,,,,,,,,,1.874,2.144,0.075,0.11,,1.3,,2,중부산,3,동천,동천3,범일교,2006,1,동천,B,130000.0,1,0
200601,215,7.7,5.0,7.2,,14.6,14.6,0.107,500.0,,2.0,524.0,0.0,,,,,,,,,3.696,3.851,0.072,0.098,,2.0,,1,수영강,29,온천천,온천천1(태광산업),태광산업 앞,2006,1,온천천,A,500.0,0,0
200601,216,7.6,6.5,7.0,,6.7,13.8,0.135,14000.0,,3.0,519.0,0.0,,,,,,,,,3.759,3.819,0.112,0.125,,1.1,,1,수영강,29,온천천,온천천2(연안교),연안교,2006,1,온천천,A,14000.0,1,0
200601,327,7.7,4.4,5.6,,9.4,14.6,0.09,3000.0,,2.0,410.0,,,,,,,,,,,3.408,,,,,,1,수영강,29,온천천,온천천(청룡),청룡2호교,2006,1,온천천,A,3000.0,1,0
200601,328,7.4,5.1,6.0,,7.3,14.1,0.086,500.0,,2.9,498.0,,,,,,,,,,,3.45,,,,,,1,수영강,29,온천천,온천천(온천),온천교,2006,1,온천천,A,500.0,0,0
200606,216,8.0,4.7,6.4,,7.1,6.6,0.2,50000.0,,24.0,288.0,0.0,0.0,0.0,0.0,0.0,0.0,0.0,,,1.92,2.225,0.118,0.157,0.4,2.8,,1,수영강,29,온천천,온천천2(연안교),연안교,2006,6,온천천,A,50000.0,1,0
201102,215,7.3,3.1,6.3,,29.0,14.0,0.118,1700.0,320.0,5.0,267.0,0.0,,,,,,,0.345,2.967,4.042,4.299,0.031,0.036,,42.1,,1,수영강,29,온천천,온천천1(태광산업),태광산업 앞,2011,2,온천천,A,320.0,0,0
201102,216,7.1,3.2,6.1,,16.8,13.5,0.097,1300.0,330.0,4.0,363.0,0.0,,,,,,,0.387,2.848,4.014,4.428,0.037,0.044,,40.5,,1,수영강,29,온천천,온천천2(연안교),연안교,2011,2,온천천,A,330.0,0,0
201102,301,7.4,73.5,37.0,,43.0,6.7,1.72,5400000.0,,11.0,982.0,,,,,,,,,,,24.805,,,,,,4,낙동강,22,괴정천,괴정천,하단초등학교 뒤,2011,2,괴정천,B,5400000.0,1,0
201102,312,7.2,2.0,3.9,,2.7,5.8,0.089,3100.0,,6.0,49350.0,,,,,,,,,,,1.023,,,,,,2,중부산,3,동천,동천2-1,범3호교(성서교),2011,2,동천,B,3100.0,1,0
201102,327,7.2,2.6,4.3,,22.5,15.0,0.1,22.0,,3.0,207.0,,,,,,,,,,,3.845,,,,,,1,수영강,29,온천천,온천천(청룡),청룡2호교,2011,2,온천천,A,22.0,0,0
201102,328,7.3,2.7,4.9,,20.5,14.0,0.079,1300.0,,4.0,260.0,,,,,,,,,,,4.291,,,,,,1,수영강,29,온천천,온천천(온천),온천교,2011,2,온천천,A,1300.0,1,0
201103,206,7.5,2.1,3.6,,8.1,10.4,0.087,4900.0,790.0,8.0,33358.0,0.0,0.0,0.0,0.0,0.0,0.0,0.0,0.859,0.17,1.248,1.492,0.069,0.072,0.5,0.6,,2,중부산,3,동천,동천1,광무교,2011,3,동천,B,790.0,0,0
201103,207,7.3,3.6,4.0,,7.8,4.7,0.22,13000.0,1300.0,7.0,32204.0,0.0,0.0,0.0,0.0,0.0,0.0,0.0,1.934,0.101,2.419,2.565,0.167,0.184,0.4,0.1,,2,중부산,3,동천,동천2,범4호교,2011,3,동천,B,1300.0,1,0
201103,208,7.2,2.0,3.6,,5.6,5.0,0.16,13000.0,1300.0,8.0,33769.0,0.0,0.0,0.0,0.0,0.0,0.0,0.0,1.336,0.094,1.759,1.874,0.127,0.132,0.4,0.4,,2,중부산,3,동천,동천3,범일교,2011,3,동천,B,1300.0,1,0
201103,215,7.6,2.6,5.4,,13.8,11.2,0.097,2.0,2.0,9.0,371.0,0.0,0.0,0.0,0.0,0.0,0.0,0.0,0.575,1.136,3.928,4.231,0.04,0.064,0.1,4.1,,1,수영강,29,온천천,온천천1(태광산업),태광산업 앞,2011,3,온천천,A,2.0,0,0
201103,216,7.6,3.1,5.2,,8.8,11.8,0.097,2.0,2.0,8.0,455.0,0.0,0.0,0.0,0.0,0.0,0.0,0.0,0.482,1.141,3.915,4.168,0.042,0.066,0.1,1.5,,1,수영강,29,온천천,온천천2(연안교),연안교,2011,3,온천천,A,2.0,0,0
201103,312,7.2,3.4,2.0,,8.0,5.3,0.172,790.0,,7.0,32572.0,,,,,,,,,,,2.104,,,,,,2,중부산,3,동천,동천2-1,범3호교(성서교),2011,3,동천,B,790.0,0,0
201103,327,7.7,1.9,4.4,,7.4,12.1,0.054,2.0,,6.0,253.0,,,,,,,,,,,3.259,,,,,,1,수영강,29,온천천,온천천(청룡),청룡2호교,2011,3,온천천,A,2.0,0,0
201103,328,7.6,2.6,5.0,,9.6,11.3,0.073,11.0,,8.0,377.0,,,,,,,,,,,3.801,,,,,,1,수영강,29,온천천,온천천(온천),온천교,2011,3,온천천,A,11.0,0,0
201104,206,7.7,2.3,3.7,,9.2,10.5,0.147,33000.0,7900.0,12.0,47010.0,0.0,,,,,,,1.733,0.136,2.253,2.35,0.119,0.128,,0.4,,2,중부산,3,동천,동천1,광무교,2011,4,동천,B,7900.0,1,0
201104,207,7.4,6.2,5.9,,11.7,2.3,0.276,49000.0,17000.0,13.0,46500.0,0.0,,,,,,,2.418,0.026,2.894,3.223,0.185,0.201,,0.6,,2,중부산,3,동천,동천2,범4호교,2011,4,동천,B,17000.0,1,1
201104,208,7.7,4.5,4.9,,9.8,3.6,0.252,79000.0,11000.0,14.0,46460.0,0.0,,,,,,,1.618,0.026,2.051,2.305,0.127,0.178,,0.6,,2,중부산,3,동천,동천3,범일교,2011,4,동천,B,11000.0,1,0
201104,215,8.3,2.3,6.8,,14.4,11.3,0.052,13000.0,13000.0,15.0,344.0,0.0,,,,,,,0.047,1.184,2.766,3.222,0.029,0.044,,49.7,,1,수영강,29,온천천,온천천1(태광산업),태광산업 앞,2011,4,온천천,A,13000.0,1,0
201104,216,8.1,2.3,5.8,,15.2,11.1,0.049,4600.0,460.0,13.0,369.0,0.0,,,,,,,0.111,1.193,2.864,2.944,0.031,0.045,,8.3,,1,수영강,29,온천천,온천천2(연안교),연안교,2011,4,온천천,A,460.0,0,0
201104,312,7.6,5.5,5.2,,9.0,3.7,0.253,7900.0,,14.0,46810.0,,,,,,,,,,,2.901,,,,,,2,중부산,3,동천,동천2-1,범3호교(성서교),2011,4,동천,B,7900.0,1,0
201104,327,7.5,1.4,3.6,,6.0,10.3,0.034,330.0,,13.0,220.0,,,,,,,,,,,2.127,,,,,,1,수영강,29,온천천,온천천(청룡),청룡2호교,2011,4,온천천,A,330.0,0,0
201104,328,8.5,1.6,5.6,,5.2,11.9,0.027,350.0,,14.0,339.0,,,,,,,,,,,2.737,,,,,,1,수영강,29,온천천,온천천(온천),온천교,2011,4,온천천,A,350.0,0,0
201105,206,7.3,3.8,4.8,,3.7,12.2,0.204,13000.0,2200.0,16.0,46530.0,0.0,,,,,,,1.519,0.129,2.067,2.204,0.152,0.155,,1.6,,2,중부산,3,동천,동천1,광무교,2011,5,동천,B,2200.0,1,0
201105,207,7.1,5.9,6.0,,9.0,4.6,0.26,330000.0,11000.0,16.0,46050.0,0.0,,,,,,,2.101,0.205,2.983,3.246,0.144,0.171,,1.1,,2,중부산,3,동천,동천2,범4호교,2011,5,동천,B,11000.0,1,0
201105,208,7.2,6.0,6.4,,7.1,5.4,0.246,130000.0,6300.0,16.0,44620.0,0.0,,,,,,,1.837,0.035,2.448,2.714,0.138,0.166,,1.5,,2,중부산,3,동천,동천3,범일교,2011,5,동천,B,6300.0,1,0
201105,215,7.8,0.5,6.8,,52.8,11.2,0.128,17000.0,17000.0,19.0,162.0,0.0,,,,,,,0.131,1.197,3.502,3.654,0.053,0.102,,2.1,,1,수영강,29,온천천,온천천1(태광산업),태광산업 앞,2011,5,온천천,A,17000.0,1,0
201105,216,7.8,0.3,6.2,,66.4,9.5,0.141,17000.0,270.0,19.0,199.0,0.0,,,,,,,0.195,2.646,3.351,3.791,0.046,0.073,,3.6,,1,수영강,29,온천천,온천천2(연안교),연안교,2011,5,온천천,A,270.0,0,0
201105,301,7.0,73.7,36.5,,56.3,10.8,1.578,54000000.0,680000.0,15.0,1514.0,0.0,0.0,0.0,0.0,0.0,0.0,0.0,17.616,0.088,19.527,21.39,1.019,1.215,0.8,6.4,,4,낙동강,22,괴정천,괴정천,하단초등학교 뒤,2011,5,괴정천,B,680000.0,1,0
201105,312,7.2,8.4,6.4,,13.0,3.1,0.269,2400000.0,8400.0,16.0,43330.0,0.0,0.0,0.0,0.0,0.0,0.0,0.0,2.115,0.037,2.784,3.122,0.14,0.188,0.5,0.9,,2,중부산,3,동천,동천2-1,범3호교(성서교),2011,5,동천,B,8400.0,1,0
201105,327,7.7,0.3,3.2,,15.0,12.0,0.058,1300.0,330.0,15.0,79.0,0.0,0.0,0.0,0.0,0.0,0.0,0.0,0.436,1.012,1.641,1.65,0.021,0.049,0.1,0.9,,1,수영강,29,온천천,온천천(청룡),청룡2호교,2011,5,온천천,A,330.0,0,0
201105,328,7.8,0.8,5.8,,42.8,10.9,0.121,4900.0,1700.0,18.0,166.0,0.0,0.0,0.0,0.0,0.0,0.0,0.0,0.087,2.27,3.408,3.586,0.04,0.061,0.1,1.5,,1,수영강,29,온천천,온천천(온천),온천교,2011,5,온천천,A,1700.0,1,0
201106,206,7.4,7.2,3.2,,2.1,8.6,0.123,110000.0,17000.0,18.0,46150.0,0.0,0.0,0.0,0.0,0.0,0.0,0.0,1.15,0.06,1.258,1.323,0.106,0.108,0.3,0.9,,2,중부산,3,동천,동천1,광무교,2011,6,동천,B,17000.0,1,0
201106,207,7.3,13.2,4.5,,17.7,4.2,0.187,1100.0,790.0,18.0,46180.0,0.0,0.0,0.0,0.0,0.0,0.0,0.0,1.595,0.114,1.772,1.886,0.151,0.16,0.3,2.4,,2,중부산,3,동천,동천2,범4호교,2011,6,동천,B,790.0,0,0
201106,208,7.1,9.9,3.6,,14.3,3.4,0.151,17000.0,1700.0,18.0,48220.0,0.0,0.0,0.0,0.0,0.0,0.0,0.0,1.01,0.025,1.097,1.152,0.126,0.131,0.2,2.7,,2,중부산,3,동천,동천3,범일교,2011,6,동천,B,1700.0,1,0
201106,215,8.0,1.5,5.2,,12.2,10.3,0.045,17000.0,11000.0,22.0,223.0,0.0,0.0,0.0,0.0,0.0,0.0,0.0,1.321,1.003,2.895,3.923,0.033,0.043,0.2,4.1,,1,수영강,29,온천천,온천천1(태광산업),태광산업 앞,2011,6,온천천,A,11000.0,1,0
201106,216,8.0,1.5,5.2,,20.0,6.7,0.07,4600.0,3300.0,22.0,324.0,0.0,0.0,0.0,0.0,0.0,0.0,0.0,0.349,0.93,2.337,3.362,0.045,0.063,0.2,3.6,,1,수영강,29,온천천,온천천2(연안교),연안교,2011,6,온천천,A,3300.0,1,0
201106,312,7.1,12.6,4.1,,14.3,3.1,0.177,790.0,,19.0,46400.0,,,,,,,,,,,1.859,,,,,,2,중부산,3,동천,동천2-1,범3호교(성서교),2011,6,동천,B,790.0,0,0
201106,327,7.2,1.1,3.4,,11.7,8.5,0.04,330.0,,20.0,223.0,,,,,,,,,,,2.24,,,,,,1,수영강,29,온천천,온천천(청룡),청룡2호교,2011,6,온천천,A,330.0,0,0
201106,328,8.3,1.2,4.2,,5.4,9.9,0.035,790.0,,21.0,273.0,,,,,,,,,,,2.254,,,,,,1,수영강,29,온천천,온천천(온천),온천교,2011,6,온천천,A,790.0,0,0
201107,206,6.7,8.2,8.4,,4.8,6.6,0.576,330000.0,330000.0,23.5,24420.0,0.0,,,,,,,6.124,0.189,6.762,7.458,0.456,0.516,,1.1,,2,중부산,3,동천,동천1,광무교,2011,7,동천,B,330000.0,1,0
201107,207,6.6,7.6,7.1,,5.2,5.4,0.33,49000.0,49000.0,22.6,35600.0,0.0,,,,,,,1.993,0.038,2.176,2.404,0.208,0.244,,0.0,,2,중부산,3,동천,동천2,범4호교,2011,7,동천,B,49000.0,1,0
201107,208,6.6,6.9,6.4,,8.7,4.6,0.195,24000.0,13000.0,22.3,39170.0,0.0,,,,,,,1.439,0.046,1.516,1.597,0.092,0.115,,30.9,,2,중부산,3,동천,동천3,범일교,2011,7,동천,B,13000.0,1,0
201107,215,7.7,1.4,4.0,,12.2,8.1,0.076,54000.0,35000.0,25.0,140.0,0.0,,,,,,,0.114,0.942,1.876,2.147,0.055,0.066,,2.5,,1,수영강,29,온천천,온천천1(태광산업),태광산업 앞,2011,7,온천천,A,35000.0,1,0
201107,216,7.7,3.4,5.4,,28.7,5.5,0.141,54000.0,7000.0,25.1,220.0,0.0,,,,,,,0.43,1.232,2.641,2.812,0.076,0.083,,3.7,,1,수영강,29,온천천,온천천2(연안교),연안교,2011,7,온천천,A,7000.0,1,0
201107,312,6.5,7.5,7.5,,6.5,2.5,0.26,33000.0,,22.1,46400.0,,,,,,,,,,,2.065,,,,,,2,중부산,3,동천,동천2-1,범3호교(성서교),2011,7,동천,B,33000.0,1,1
201107,327,7.8,3.3,2.4,,5.4,10.3,0.034,2400.0,,21.7,68.0,,,,,,,,,,,0.958,,,,,,1,수영강,29,온천천,온천천(청룡),청룡2호교,2011,7,온천천,A,2400.0,1,0
201107,328,7.8,1.3,3.4,,10.0,11.9,0.076,24000.0,,24.8,173.0,,,,,,,,,,,2.197,,,,,,1,수영강,29,온천천,온천천(온천),온천교,2011,7,온천천,A,24000.0,1,0
201108,206,7.7,10.2,9.1,,15.2,4.2,0.737,940000.0,17000.0,23.6,26550.0,0.0,,,,,,,6.778,0.218,8.648,9.093,0.564,0.624,,0.9,,2,중부산,3,동천,동천1,광무교,2011,8,동천,B,17000.0,1,0
201108,207,7.6,8.6,8.0,,25.0,1.5,0.365,31000.0,28000.0,24.4,37590.0,0.0,,,,,,,3.341,0.07,4.031,4.546,0.264,0.296,,77.3,,2,중부산,3,동천,동천2,범4호교,2011,8,동천,B,28000.0,1,1
201108,208,7.6,4.4,6.1,,5.2,3.0,0.232,13000.0,1700.0,24.9,41420.0,0.0,,,,,,,2.03,0.065,2.642,2.742,0.168,0.19,,20.1,,2,중부산,3,동천,동천3,범일교,2011,8,동천,B,1700.0,1,0
201108,215,7.8,2.5,3.2,,16.0,6.5,0.104,54000.0,17000.0,25.2,135.0,0.0,,,,,,,0.057,0.954,1.831,1.89,0.053,0.059,,2.3,,1,수영강,29,온천천,온천천1(태광산업),태광산업 앞,2011,8,온천천,A,17000.0,1,0
201108,216,7.6,3.1,3.4,,22.3,5.4,0.145,24000.0,7000.0,25.1,191.0,0.0,,,,,,,0.266,0.978,2.287,2.482,0.062,0.07,,1.3,,1,수영강,29,온천천,온천천2(연안교),연안교,2011,8,온천천,A,7000.0,1,0
201108,301,6.9,36.2,26.3,,26.2,1.8,0.73,28000000.0,,24.3,766.0,,,,,,,,,,,9.78,,,,,,4,낙동강,22,괴정천,괴정천,하단초등학교 뒤,2011,8,괴정천,B,28000000.0,1,1
201108,312,7.5,5.6,7.4,,13.7,2.9,0.26,49000.0,,24.5,41050.0,,,,,,,,,,,2.997,,,,,,2,중부산,3,동천,동천2-1,범3호교(성서교),2011,8,동천,B,49000.0,1,1
201108,327,7.8,2.0,2.6,,2.4,6.3,0.091,490.0,,23.8,136.0,,,,,,,,,,,2.069,,,,,,1,수영강,29,온천천,온천천(청룡),청룡2호교,2011,8,온천천,A,490.0,0,0
201108,328,7.7,2.5,2.2,,11.8,6.6,0.081,35000.0,,24.6,154.0,,,,,,,,,,,1.948,,,,,,1,수영강,29,온천천,온천천(온천),온천교,2011,8,온천천,A,35000.0,1,0
201109,206,6.9,1.6,2.3,,14.0,6.6,0.172,24000.0,1400.0,20.9,42530.0,0.0,0.0,0.0,0.0,0.0,0.0,0.0,1.659,0.061,2.008,2.038,0.153,0.169,,3.1,,2,중부산,3,동천,동천1,광무교,2011,9,동천,B,1400.0,1,0
201109,207,7.1,2.3,3.4,,12.7,2.6,0.238,4600.0,1400.0,21.4,42320.0,0.0,0.0,0.0,0.0,0.0,0.0,0.0,1.962,0.137,2.427,2.645,0.151,0.16,,8.1,,2,중부산,3,동천,동천2,범4호교,2011,9,동천,B,1400.0,1,1
201109,208,7.1,2.8,3.2,,14.8,3.9,0.206,280000.0,3500.0,21.5,43630.0,0.0,0.0,0.0,0.0,0.0,0.0,0.0,1.528,0.024,2.03,2.208,0.127,0.159,,13.7,,2,중부산,3,동천,동천3,범일교,2011,9,동천,B,3500.0,1,0
201109,215,7.5,1.4,5.2,,9.2,7.9,0.089,7900.0,4900.0,26.4,250.0,0.0,0.0,0.0,0.0,0.0,0.0,0.0,0.095,1.113,1.936,2.12,0.04,0.057,0.1,20.4,,1,수영강,29,온천천,온천천1(태광산업),태광산업 앞,2011,9,온천천,A,4900.0,1,0
201109,216,7.4,3.0,5.6,,14.0,5.5,0.15,92000.0,2800.0,25.3,274.0,0.0,0.0,0.0,0.0,0.0,0.0,0.0,0.295,1.188,2.606,2.64,0.066,0.078,0.2,2.6,,1,수영강,29,온천천,온천천2(연안교),연안교,2011,9,온천천,A,2800.0,1,0
201109,312,7.1,2.0,2.8,,8.1,3.8,0.214,49000.0,,21.7,42740.0,,,,,,,,,,,2.348,,,,,,2,중부산,3,동천,동천2-1,범3호교(성서교),2011,9,동천,B,49000.0,1,0
201109,327,7.1,0.8,3.8,,8.2,7.7,0.065,1100.0,,23.5,174.0,,,,,,,,,,,1.682,,,,,,1,수영강,29,온천천,온천천(청룡),청룡2호교,2011,9,온천천,A,1100.0,1,0
201109,328,7.5,0.8,4.4,,4.0,7.5,0.081,3300.0,,25.3,239.0,,,,,,,,,,,2.096,,,,,,1,수영강,29,온천천,온천천(온천),온천교,2011,9,온천천,A,3300.0,1,0
201110,206,6.3,3.0,3.6,,3.4,8.2,0.052,17000.0,11000.0,18.4,44930.0,0.0,,,,,,,0.353,0.156,0.542,0.558,0.046,0.05,,0.5,,2,중부산,3,동천,동천1,광무교,2011,10,동천,B,11000.0,1,0
201110,207,3.4,7.2,5.6,,2.5,6.7,0.132,4900.0,1700.0,19.1,42360.0,0.0,,,,,,,0.819,0.256,1.194,1.395,0.091,0.099,,33.0,,2,중부산,3,동천,동천2,범4호교,2011,10,동천,B,1700.0,1,0
201110,208,6.8,3.4,4.2,,2.2,5.9,0.11,33000.0,33000.0,19.6,43800.0,0.0,,,,,,,0.863,0.115,1.091,1.184,0.076,0.083,,4.6,,2,중부산,3,동천,동천3,범일교,2011,10,동천,B,33000.0,1,0
201110,215,7.9,1.8,4.0,,15.7,6.4,0.065,7000.0,2400.0,20.4,193.0,0.0,,,,,,,0.021,0.906,1.982,2.143,0.041,0.044,,8.4,,1,수영강,29,온천천,온천천1(태광산업),태광산업 앞,2011,10,온천천,A,2400.0,1,0
201110,216,7.9,2.1,4.6,,10.0,5.6,0.059,7000.0,3300.0,19.8,321.0,0.0,,,,,,,0.172,0.928,2.336,2.484,0.028,0.033,,2.2,,1,수영강,29,온천천,온천천2(연안교),연안교,2011,10,온천천,A,3300.0,1,0
201110,312,6.5,5.7,5.4,,2.4,7.0,0.139,2400.0,,19.3,42720.0,,,,,,,,,,,1.35,,,,,,2,중부산,3,동천,동천2-1,범3호교(성서교),2011,10,동천,B,2400.0,1,0
201110,327,7.7,1.5,3.8,,11.5,6.1,0.068,33.0,,19.3,201.0,,,,,,,,,,,2.191,,,,,,1,수영강,29,온천천,온천천(청룡),청룡2호교,2011,10,온천천,A,33.0,0,0
201110,328,8.0,1.9,3.8,,7.3,7.8,0.048,1100.0,,18.9,230.0,,,,,,,,,,,2.018,,,,,,1,수영강,29,온천천,온천천(온천),온천교,2011,10,온천천,A,1100.0,1,0
201111,206,7.0,3.8,3.4,,4.3,9.0,0.059,1700.0,210.0,14.7,47400.0,0.0,,,,,,,0.418,0.506,0.973,1.212,0.056,0.059,,4.8,,2,중부산,3,동천,동천1,광무교,2011,11,동천,B,210.0,0,0
201111,207,7.0,5.9,5.8,,2.6,2.7,0.17,7000.0,110.0,13.5,45830.0,0.0,,,,,,,0.15,0.04,1.525,1.781,0.125,0.135,,0.3,,2,중부산,3,동천,동천2,범4호교,2011,11,동천,B,110.0,0,1
201111,208,6.9,6.0,7.5,,4.3,2.2,0.173,110000.0,3100.0,14.9,47130.0,0.0,,,,,,,1.314,0.033,1.768,1.872,0.138,0.152,,0.7,,2,중부산,3,동천,동천3,범일교,2011,11,동천,B,3100.0,1,1
201111,215,7.3,2.3,3.2,,4.8,11.1,0.076,24000.0,24000.0,14.9,286.0,0.0,,,,,,,0.056,1.124,3.205,3.301,0.06,0.064,,0.5,,1,수영강,29,온천천,온천천1(태광산업),태광산업 앞,2011,11,온천천,A,24000.0,1,0
201111,216,7.1,2.0,7.0,,8.2,7.6,0.084,7900.0,1700.0,13.4,3110.0,0.0,,,,,,,0.319,1.111,3.297,3.417,0.061,0.065,,1.3,,1,수영강,29,온천천,온천천2(연안교),연안교,2011,11,온천천,A,1700.0,1,0
200612,215,8.2,3.4,2.4,,2.6,12.3,0.077,13000.0,,12.0,380.0,0.0,0.0,0.0,0.0,0.0,0.0,0.0,,,3.283,3.297,0.049,0.066,0.0,0.4,,1,수영강,29,온천천,온천천1(태광산업),태광산업 앞,2006,12,온천천,A,13000.0,1,0
200612,216,8.3,3.4,2.2,,3.7,12.3,0.065,24000.0,,13.0,374.0,0.0,0.0,0.0,0.0,0.0,0.0,0.0,,,3.342,3.358,0.046,0.056,0.0,3.9,,1,수영강,29,온천천,온천천2(연안교),연안교,2006,12,온천천,A,24000.0,1,0
200612,327,8.2,2.2,,,4.1,12.0,0.073,8000.0,,8.0,294.0,,,,,,,,,,,2.757,,,,,,1,수영강,29,온천천,온천천(청룡),청룡2호교,2006,12,온천천,A,8000.0,1,0
200612,328,8.5,2.9,,,4.8,13.3,0.076,110000.0,,12.0,378.0,,,,,,,,,,,3.31,,,,,,1,수영강,29,온천천,온천천(온천),온천교,2006,12,온천천,A,110000.0,1,0
200701,206,7.7,2.8,2.8,,4.4,7.4,0.162,17000.0,,5.0,22490.0,0.0,,,,,,,,,5.182,5.35,0.143,0.156,,13.2,,2,중부산,3,동천,동천1,광무교,2007,1,동천,B,17000.0,1,0
200701,207,7.6,3.4,3.2,,6.6,4.6,0.16,22000.0,,7.0,40510.0,0.0,,,,,,,,,2.878,3.022,0.098,0.11,,19.6,,2,중부산,3,동천,동천2,범4호교,2007,1,동천,B,22000.0,1,0
200701,208,7.7,1.8,2.8,,6.2,4.4,0.114,110000.0,,8.0,44560.0,0.0,,,,,,,,,1.873,1.898,0.073,0.082,,8.2,,2,중부산,3,동천,동천3,범일교,2007,1,동천,B,110000.0,1,0
200701,215,7.8,5.1,5.4,,14.6,13.4,0.118,50000.0,,7.0,457.0,0.0,,,,,,,,,3.09,3.466,0.036,0.048,,16.2,,1,수영강,29,온천천,온천천1(태광산업),태광산업 앞,2007,1,온천천,A,50000.0,1,0
200701,216,8.1,5.0,4.2,,16.2,13.5,0.076,13000.0,,6.0,445.0,0.0,,,,,,,,,3.122,3.254,0.015,0.037,,23.0,,1,수영강,29,온천천,온천천2(연안교),연안교,2007,1,온천천,A,13000.0,1,0
200702,327,8.5,4.7,6.6,,18.3,13.5,0.125,300.0,,6.0,424.0,,,,,,,,,,,2.849,,,,,,1,수영강,29,온천천,온천천(청룡),청룡2호교,2007,2,온천천,A,300.0,0,0
200702,328,9.3,4.9,7.2,,15.2,13.7,0.144,2300.0,,10.0,442.0,,,,,,,,,,,3.249,,,,,,1,수영강,29,온천천,온천천(온천),온천교,2007,2,온천천,A,2300.0,1,0
200703,206,7.4,8.3,12.8,,22.8,3.9,0.279,13000.0,2300.0,11.0,10560.0,0.0,0.0,0.0,0.0,0.0,0.0,0.0,2.68,1.422,4.308,4.354,0.144,0.147,0.5,196.6,,2,중부산,3,동천,동천1,광무교,2007,3,동천,B,2300.0,1,0
200703,207,7.4,9.9,12.0,,15.7,2.1,0.19,17000.0,3500.0,12.0,48270.0,0.0,0.0,0.0,0.0,0.0,0.0,0.0,2.57,0.214,2.912,3.002,0.092,0.182,0.5,140.9,,2,중부산,3,동천,동천2,범4호교,2007,3,동천,B,3500.0,1,1
200703,208,7.7,3.9,6.4,,9.5,3.1,0.146,90000.0,17000.0,12.0,49680.0,0.0,0.0,0.0,0.0,0.0,0.0,0.0,1.864,0.245,2.21,2.25,0.123,0.13,0.5,37.9,,2,중부산,3,동천,동천3,범일교,2007,3,동천,B,17000.0,1,0
200703,215,8.0,3.7,5.8,,12.4,9.7,0.135,50000.0,500.0,12.0,346.0,0.0,0.0,0.0,0.0,0.0,0.0,0.0,0.191,2.706,2.951,3.099,0.048,0.073,0.0,46.1,,1,수영강,29,온천천,온천천1(태광산업),태광산업 앞,2007,3,온천천,A,500.0,0,0
200703,216,8.9,4.2,8.2,,16.2,11.5,0.126,11000.0,500.0,12.0,346.0,0.0,0.0,0.0,0.0,0.0,0.0,0.0,0.355,2.273,2.769,2.822,0.042,0.046,0.1,124.9,,1,수영강,29,온천천,온천천2(연안교),연안교,2007,3,온천천,A,500.0,0,0
200703,327,7.7,2.6,,,6.1,10.7,0.079,170.0,,10.0,262.0,,,,,,,,,,,2.455,,,,,,1,수영강,29,온천천,온천천(청룡),청룡2호교,2007,3,온천천,A,170.0,0,0
200703,328,8.0,3.7,,,12.4,9.7,0.135,50000.0,,12.0,346.0,,,,,,,,,,,3.099,,,,,,1,수영강,29,온천천,온천천(온천),온천교,2007,3,온천천,A,50000.0,1,0
200704,206,7.5,10.0,8.8,,9.0,2.2,0.424,1600000.0,140000.0,13.0,27800.0,0.0,,,,,,,5.342,0.056,5.596,5.784,0.349,0.404,,1.8,,2,중부산,3,동천,동천1,광무교,2007,4,동천,B,140000.0,1,1
200704,207,7.4,9.7,9.2,,6.7,1.4,0.215,130000.0,30000.0,15.0,46280.0,0.0,,,,,,,2.467,0.018,2.494,2.577,0.185,0.211,,1.6,,2,중부산,3,동천,동천2,범4호교,2007,4,동천,B,30000.0,1,1
200704,208,7.5,4.4,4.8,,5.3,1.8,0.154,90000.0,30000.0,14.0,47800.0,0.0,,,,,,,1.54,0.035,1.598,1.606,0.131,0.145,,2.9,,2,중부산,3,동천,동천3,범일교,2007,4,동천,B,30000.0,1,1
200704,215,8.7,2.7,7.4,,10.3,10.5,0.086,1700.0,500.0,18.0,425.0,0.0,,,,,,,0.021,2.071,2.533,2.606,0.026,0.082,,12.1,,1,수영강,29,온천천,온천천1(태광산업),태광산업 앞,2007,4,온천천,A,500.0,0,0
200704,216,9.2,3.9,7.4,,9.1,12.6,0.07,3000.0,70.0,18.0,558.0,0.0,,,,,,,0.019,2.319,2.855,2.878,0.027,0.06,,3.5,,1,수영강,29,온천천,온천천2(연안교),연안교,2007,4,온천천,A,70.0,0,0
200704,327,8.5,1.7,,,12.5,10.7,0.087,300.0,,14.0,247.0,,,,,,,,,,,2.2,,,,,,1,수영강,29,온천천,온천천(청룡),청룡2호교,2007,4,온천천,A,300.0,0,0
200704,328,8.7,2.7,,,10.3,10.5,0.086,1700.0,,18.0,425.0,,,,,,,,,,,2.606,,,,,,1,수영강,29,온천천,온천천(온천),온천교,2007,4,온천천,A,1700.0,1,0
200705,206,7.1,4.4,8.2,,6.4,3.5,0.27,900000.0,110000.0,15.0,3218.0,0.0,,,,,,,1.587,1.924,4.836,5.37,0.177,0.221,,2.1,,2,중부산,3,동천,동천1,광무교,2007,5,동천,B,110000.0,1,0
200705,207,7.6,15.9,12.0,,10.3,0.6,0.31,110000.0,17000.0,18.0,37580.0,0.0,,,,,,,2.307,0.068,3.377,3.761,0.22,0.266,,43.5,,2,중부산,3,동천,동천2,범4호교,2007,5,동천,B,17000.0,1,1
200705,208,7.6,5.7,4.0,,8.3,0.5,0.246,500000.0,22000.0,18.0,41620.0,0.0,,,,,,,1.446,0.013,2.319,2.574,0.171,0.182,,15.8,,2,중부산,3,동천,동천3,범일교,2007,5,동천,B,22000.0,1,1
200705,215,8.4,1.8,5.0,,5.1,7.7,0.081,30000.0,8000.0,21.0,354.0,0.0,,,,,,,0.15,1.482,1.876,2.031,0.067,0.069,,2.7,,1,수영강,29,온천천,온천천1(태광산업),태광산업 앞,2007,5,온천천,A,8000.0,1,0
200705,216,8.2,2.2,4.6,,2.1,7.5,0.091,24000.0,280.0,23.0,365.0,0.0,,,,,,,0.311,1.407,1.945,1.98,0.063,0.08,,1.7,,1,수영강,29,온천천,온천천2(연안교),연안교,2007,5,온천천,A,280.0,0,0
200705,301,7.9,7.3,4.0,,4.4,6.2,0.163,50000.0,14000.0,19.0,18870.0,0.0,0.0,0.0,0.0,0.0,0.0,0.0,0.622,1.113,2.227,2.288,0.071,0.106,0.4,2.4,,4,낙동강,22,괴정천,괴정천,하단초등학교 뒤,2007,5,괴정천,B,14000.0,1,0
200701,327,8.6,3.0,,,3.7,13.8,0.076,1700.0,,4.0,317.0,,,,,,,,,,,2.954,,,,,,1,수영강,29,온천천,온천천(청룡),청룡2호교,2007,1,온천천,A,1700.0,1,0
200701,328,8.4,5.7,,,15.0,13.4,0.084,13000.0,,6.0,447.0,,,,,,,,,,,3.421,,,,,,1,수영강,29,온천천,온천천(온천),온천교,2007,1,온천천,A,13000.0,1,0
200702,206,7.3,5.1,6.2,,2.8,7.4,0.312,130000.0,22000.0,9.0,3611.0,0.0,,,,,,,3.048,4.409,7.856,7.866,0.204,0.302,,0.1,,2,중부산,3,동천,동천1,광무교,2007,2,동천,B,22000.0,1,0
200702,207,6.8,5.6,6.8,,5.8,1.7,0.378,50000.0,11000.0,10.0,41040.0,0.0,,,,,,,3.186,0.674,4.178,4.215,0.317,0.325,,13.4,,2,중부산,3,동천,동천2,범4호교,2007,2,동천,B,11000.0,1,1
200702,208,7.1,2.1,4.0,,5.2,2.3,0.248,3000.0,300.0,10.0,47430.0,0.0,,,,,,,1.776,0.186,2.028,2.034,0.179,0.192,,10.3,,2,중부산,3,동천,동천3,범일교,2007,2,동천,B,300.0,0,1
200702,215,8.6,5.8,7.4,,18.0,13.7,0.194,13000.0,300.0,7.0,458.0,0.0,,,,,,,0.117,2.451,2.868,3.026,0.088,0.119,,88.7,,1,수영강,29,온천천,온천천1(태광산업),태광산업 앞,2007,2,온천천,A,300.0,0,0
200702,216,9.0,3.7,6.8,,14.2,13.7,0.12,7000.0,1300.0,9.0,444.0,0.0,,,,,,,0.117,2.521,2.954,3.102,0.066,0.112,,51.6,,1,수영강,29,온천천,온천천2(연안교),연안교,2007,2,온천천,A,1300.0,1,0
200702,301,7.5,40.3,21.6,,45.3,4.1,0.81,50000000.0,,10.0,23390.0,,,,,,,,,,,11.24,,,,,,4,낙동강,22,괴정천,괴정천,하단초등학교 뒤,2007,2,괴정천,B,50000000.0,1,0
200705,327,7.9,0.5,2.0,,3.3,8.3,0.075,17000.0,2.0,18.0,111.0,0.0,0.0,0.0,0.0,0.0,0.0,0.0,0.0,0.777,0.912,0.945,0.024,0.04,0.0,1.8,,1,수영강,29,온천천,온천천(청룡),청룡2호교,2007,5,온천천,A,2.0,0,0
200705,328,8.4,2.0,4.6,,3.0,7.8,0.082,7000.0,220.0,23.0,363.0,0.0,0.0,0.0,0.0,0.0,0.0,0.0,0.05,1.634,1.896,1.961,0.069,0.07,0.0,2.2,,1,수영강,29,온천천,온천천(온천),온천교,2007,5,온천천,A,220.0,0,0
200706,206,7.8,3.0,6.4,,8.0,2.2,0.391,50000.0,17000.0,21.0,3624.0,0.0,0.0,0.0,0.0,0.0,0.0,0.0,2.55,2.054,5.201,5.984,0.014,0.267,0.1,4.7,,2,중부산,3,동천,동천1,광무교,2007,6,동천,B,17000.0,1,1
200706,207,7.5,7.7,14.8,,8.0,0.6,0.3,8000.0,1100.0,22.0,45800.0,0.0,0.0,0.0,0.0,0.0,0.0,0.0,2.356,0.026,2.664,2.986,0.041,0.214,0.8,4.6,,2,중부산,3,동천,동천2,범4호교,2007,6,동천,B,1100.0,1,1
200706,208,7.6,4.8,10.8,,6.8,1.0,0.251,30000.0,17000.0,21.0,46720.0,0.0,0.0,0.0,0.0,0.0,0.0,0.0,2.272,0.012,2.363,2.396,0.05,0.179,0.8,5.1,,2,중부산,3,동천,동천3,범일교,2007,6,동천,B,17000.0,1,1
200706,215,9.4,1.3,4.8,,12.6,8.4,0.187,24000.0,170.0,28.0,401.0,0.0,0.0,0.0,0.0,0.0,0.0,0.0,0.162,0.472,1.896,2.14,0.099,0.169,0.0,1.0,,1,수영강,29,온천천,온천천1(태광산업),태광산업 앞,2007,6,온천천,A,170.0,0,0
200706,216,8.1,3.3,5.2,,4.3,10.2,0.147,24000.0,3500.0,26.0,380.0,0.0,0.0,0.0,0.0,0.0,0.0,0.0,0.341,1.299,2.098,2.149,0.103,0.123,0.1,0.4,,1,수영강,29,온천천,온천천2(연안교),연안교,2007,6,온천천,A,3500.0,1,0
200706,327,7.9,0.3,,,0.3,8.1,0.051,800.0,,23.0,243.0,,,,,,,,,,,2.044,,,,,,1,수영강,29,온천천,온천천(청룡),청룡2호교,2007,6,온천천,A,800.0,0,0
200706,328,9.4,1.3,,,12.6,8.4,0.187,24000.0,,28.0,401.0,,,,,,,,,,,2.14,,,,,,1,수영강,29,온천천,온천천(온천),온천교,2007,6,온천천,A,24000.0,1,0
200707,206,7.5,26.6,16.0,,9.0,0.4,0.671,240000.0,50000.0,23.0,28020.0,0.0,,,,,,,9.215,0.015,9.68,9.861,0.576,0.658,,2.2,,2,중부산,3,동천,동천1,광무교,2007,7,동천,B,50000.0,1,1
200707,207,7.6,15.8,16.8,,8.5,0.2,0.437,140000.0,23000.0,23.0,37410.0,0.0,,,,,,,4.101,0.035,4.375,4.679,0.367,0.378,,1.4,,2,중부산,3,동천,동천2,범4호교,2007,7,동천,B,23000.0,1,1
200707,208,7.4,3.9,5.6,,5.8,0.5,0.168,30000.0,11000.0,22.0,43290.0,0.0,,,,,,,1.076,0.074,1.556,1.708,0.137,0.139,,0.6,,2,중부산,3,동천,동천3,범일교,2007,7,동천,B,11000.0,1,1
200707,215,7.5,3.0,4.6,,11.8,9.7,0.131,900000.0,17000.0,27.0,187.0,0.0,,,,,,,0.57,1.439,2.418,2.488,0.103,0.129,,1.2,,1,수영강,29,온천천,온천천1(태광산업),태광산업 앞,2007,7,온천천,A,17000.0,1,0
200707,216,7.6,2.7,4.2,,8.1,10.3,0.15,90000.0,11000.0,29.0,198.0,0.0,,,,,,,0.27,1.719,2.341,2.373,0.111,0.118,,1.5,,1,수영강,29,온천천,온천천2(연안교),연안교,2007,7,온천천,A,11000.0,1,0
200707,327,7.3,0.6,,,1.9,9.3,0.044,34.0,,22.0,85.0,,,,,,,,,,,0.94,,,,,,1,수영강,29,온천천,온천천(청룡),청룡2호교,2007,7,온천천,A,34.0,0,0
200707,328,7.5,3.0,,,11.8,9.7,0.131,900000.0,,27.0,187.0,,,,,,,,,,,2.488,,,,,,1,수영강,29,온천천,온천천(온천),온천교,2007,7,온천천,A,900000.0,1,0
200708,206,7.3,30.9,32.0,,12.4,0.3,0.406,170000.0,70000.0,26.0,30240.0,0.0,,,,,,,0.925,0.027,4.788,5.398,0.063,0.292,,20.2,,2,중부산,3,동천,동천1,광무교,2007,8,동천,B,70000.0,1,1
200708,207,7.5,6.3,10.4,,7.0,0.3,0.245,160000.0,90000.0,28.0,37620.0,0.0,,,,,,,1.335,0.028,2.839,3.169,0.062,0.174,,11.0,,2,중부산,3,동천,동천2,범4호교,2007,8,동천,B,90000.0,1,1
200708,208,7.4,5.4,6.0,,5.6,0.5,0.239,90000.0,13000.0,27.0,37190.0,0.0,,,,,,,1.34,0.041,2.55,2.789,0.102,0.183,,7.0,,2,중부산,3,동천,동천3,범일교,2007,8,동천,B,13000.0,1,1
200708,215,7.4,1.7,3.8,,2.3,8.1,0.126,900000.0,17000.0,28.0,174.0,0.0,,,,,,,0.352,0.566,2.474,2.503,0.109,0.121,,2.7,,1,수영강,29,온천천,온천천1(태광산업),태광산업 앞,2007,8,온천천,A,17000.0,1,0
200708,216,7.4,4.5,4.6,,1.5,4.5,0.148,3000.0,500.0,30.0,675.0,0.0,,,,,,,0.569,1.696,2.485,2.54,0.091,0.098,,3.3,,1,수영강,29,온천천,온천천2(연안교),연안교,2007,8,온천천,A,500.0,0,0
200708,301,7.5,26.5,10.0,,26.0,0.7,0.37,2200000.0,,28.0,11900.0,,,,,,,,,,,5.332,,,,,,4,낙동강,22,괴정천,괴정천,하단초등학교 뒤,2007,8,괴정천,B,2200000.0,1,1
200708,327,7.3,0.3,2.0,,3.1,7.7,0.059,30000.0,,28.0,125.0,,,,,,,,,,,1.583,,,,,,1,수영강,29,온천천,온천천(청룡),청룡2호교,2007,8,온천천,A,30000.0,1,0
200708,328,8.7,2.0,3.8,,3.7,8.5,0.126,16000.0,,29.0,195.0,,,,,,,,,,,2.289,,,,,,1,수영강,29,온천천,온천천(온천),온천교,2007,8,온천천,A,16000.0,1,0
200709,206,7.2,13.6,13.2,,7.0,0.7,0.48,5000000.0,1600000.0,22.0,16000.0,0.0,0.0,0.0,0.0,0.0,0.0,0.0,5.88,0.019,6.432,7.47,0.346,0.464,0.6,2.7,,2,중부산,3,동천,동천1,광무교,2007,9,동천,B,1600000.0,1,1
200709,207,7.2,13.0,12.4,,6.4,0.5,0.243,300000.0,30000.0,23.0,36280.0,0.0,0.0,0.0,0.0,0.0,0.0,0.0,2.396,0.018,3.116,3.125,0.196,0.216,0.7,1.0,,2,중부산,3,동천,동천2,범4호교,2007,9,동천,B,30000.0,1,1
200709,208,7.3,10.2,10.4,,5.6,0.5,0.224,240000.0,17000.0,24.0,38450.0,0.0,0.0,0.0,0.0,0.0,0.0,0.0,1.706,0.011,2.144,2.434,0.163,0.198,0.8,1.4,,2,중부산,3,동천,동천3,범일교,2007,9,동천,B,17000.0,1,1
200709,215,7.8,1.6,4.8,,17.6,8.1,0.088,50000.0,5000.0,25.0,126.0,0.0,0.0,0.0,0.0,0.0,0.0,0.0,0.183,1.527,2.014,2.153,0.065,0.082,0.1,2.2,,1,수영강,29,온천천,온천천1(태광산업),태광산업 앞,2007,9,온천천,A,5000.0,1,0
200709,216,7.8,1.9,4.8,,18.6,7.2,0.108,90000.0,5000.0,25.0,148.0,0.0,0.0,0.0,0.0,0.0,0.0,0.0,0.253,1.267,2.184,2.402,0.08,0.098,0.1,8.1,,1,수영강,29,온천천,온천천2(연안교),연안교,2007,9,온천천,A,5000.0,1,0
200709,327,7.4,0.3,,,14.4,8.3,0.078,5000.0,,21.0,83.0,,,,,,,,,,,1.498,,,,,,1,수영강,29,온천천,온천천(청룡),청룡2호교,2007,9,온천천,A,5000.0,1,0
200709,328,7.8,1.6,,,17.6,8.1,0.088,50000.0,,25.0,126.0,,,,,,,,,,,2.153,,,,,,1,수영강,29,온천천,온천천(온천),온천교,2007,9,온천천,A,50000.0,1,0
200710,206,7.2,3.4,4.2,,6.2,3.9,0.182,130000.0,22000.0,20.0,2054.0,0.0,,,,,,,4.708,1.88,3.527,7.446,0.105,0.128,,0.3,,2,중부산,3,동천,동천1,광무교,2007,10,동천,B,22000.0,1,0
200710,207,7.3,7.8,7.2,,7.0,0.8,0.207,500000.0,240000.0,21.0,28620.0,0.0,,,,,,,4.483,0.055,4.868,5.059,0.118,0.138,,0.6,,2,중부산,3,동천,동천2,범4호교,2007,10,동천,B,240000.0,1,1
200710,208,7.3,13.6,11.6,,11.8,0.5,0.343,300000.0,240000.0,21.0,22670.0,0.0,,,,,,,6.458,0.427,7.254,7.676,0.221,0.226,,1.1,,2,중부산,3,동천,동천3,범일교,2007,10,동천,B,240000.0,1,1
200710,215,7.5,2.9,4.4,,4.6,8.7,0.087,30000.0,16000.0,21.0,192.0,0.0,,,,,,,0.281,1.638,2.529,2.638,0.057,0.077,,6.4,,1,수영강,29,온천천,온천천1(태광산업),태광산업 앞,2007,10,온천천,A,16000.0,1,0
200710,216,8.1,1.3,4.0,,2.6,9.0,0.092,17000.0,2200.0,21.0,202.0,0.0,,,,,,,0.153,1.652,2.572,2.651,0.065,0.084,,4.8,,1,수영강,29,온천천,온천천2(연안교),연안교,2007,10,온천천,A,2200.0,1,0
200710,327,7.1,0.7,,,0.5,8.9,0.042,5000.0,,18.0,112.0,,,,,,,,,,,1.152,,,,,,1,수영강,29,온천천,온천천(청룡),청룡2호교,2007,10,온천천,A,5000.0,1,0
200710,328,7.5,2.9,,,4.6,8.7,0.087,30000.0,,21.0,192.0,,,,,,,,,,,2.638,,,,,,1,수영강,29,온천천,온천천(온천),온천교,2007,10,온천천,A,30000.0,1,0
200711,206,7.4,23.0,22.0,,16.3,1.1,0.323,2200.0,1100.0,15.0,26230.0,0.0,,,,,,,1.797,0.027,2.464,2.973,0.105,0.192,,175.9,,2,중부산,3,동천,동천1,광무교,2007,11,동천,B,1100.0,1,1
200711,207,7.4,8.7,6.4,,7.7,2.1,0.178,50000.0,9000.0,16.0,35380.0,0.0,,,,,,,1.564,0.131,2.248,2.457,0.116,0.138,,16.7,,2,중부산,3,동천,동천2,범4호교,2007,11,동천,B,9000.0,1,1
200711,208,7.4,3.6,4.0,,5.8,3.3,0.199,28000.0,5000.0,16.0,34800.0,0.0,,,,,,,0.926,0.584,2.009,2.028,0.141,0.178,,6.8,,2,중부산,3,동천,동천3,범일교,2007,11,동천,B,5000.0,1,0
200711,215,8.7,1.8,4.2,,4.0,9.9,0.098,24000.0,16000.0,17.0,345.0,0.0,,,,,,,0.223,2.654,2.752,3.004,0.09,0.094,,18.2,,1,수영강,29,온천천,온천천1(태광산업),태광산업 앞,2007,11,온천천,A,16000.0,1,0
200711,216,9.4,1.1,3.4,,3.1,10.9,0.188,13000.0,220.0,16.0,335.0,0.0,,,,,,,1.181,0.825,2.736,2.8,0.113,0.173,,4.3,,1,수영강,29,온천천,온천천2(연안교),연안교,2007,11,온천천,A,220.0,0,0
200711,301,7.2,19.7,14.0,,14.9,0.2,0.318,2400000.0,300000.0,13.0,17480.0,0.0,0.0,0.0,0.0,0.0,0.0,0.0,4.5,0.024,6.06,6.45,0.242,0.276,0.5,2.3,,4,낙동강,22,괴정천,괴정천,하단초등학교 뒤,2007,11,괴정천,B,300000.0,1,1
200711,327,7.6,0.7,2.4,,2.3,10.0,0.094,2400.0,170.0,14.0,171.0,0.0,0.0,0.0,0.0,0.0,0.0,0.0,0.149,1.674,1.857,1.906,0.08,0.088,0.0,31.6,,1,수영강,29,온천천,온천천(청룡),청룡2호교,2007,11,온천천,A,170.0,0,0
200711,328,9.2,1.6,4.4,,5.9,10.4,0.098,160000.0,2200.0,16.0,337.0,0.0,0.0,0.0,0.0,0.0,0.0,0.0,0.215,2.655,2.982,2.998,0.091,0.094,0.0,7.5,,1,수영강,29,온천천,온천천(온천),온천교,2007,11,온천천,A,2200.0,1,0
200712,206,7.1,6.8,9.6,,7.7,10.4,0.139,220000.0,8000.0,5.0,1229.0,0.0,0.0,0.0,0.0,0.002,0.0,0.0,1.752,1.459,3.588,3.718,0.112,0.13,0.4,3.1,,2,중부산,3,동천,동천1,광무교,2007,12,동천,B,8000.0,1,0
200712,207,7.1,11.5,8.8,,17.8,4.8,0.187,220000.0,90000.0,8.0,28890.0,0.0,0.0,0.0,0.0,0.014,0.0,0.0,3.216,0.232,3.545,3.654,0.12,0.154,0.6,172.5,,2,중부산,3,동천,동천2,범4호교,2007,12,동천,B,90000.0,1,0
200712,208,7.0,3.8,4.0,,6.4,3.1,0.19,90000.0,30000.0,10.0,36930.0,0.0,0.0,0.0,0.0,0.015,0.0,0.0,1.326,0.591,2.059,2.124,0.127,0.163,0.4,29.6,,2,중부산,3,동천,동천3,범일교,2007,12,동천,B,30000.0,1,0
200712,215,8.2,3.8,6.8,,8.9,12.7,0.104,300000.0,28000.0,9.0,374.0,0.0,0.0,0.0,0.0,0.001,0.0,0.0,0.526,2.119,3.29,3.491,0.056,0.091,0.0,60.9,,1,수영강,29,온천천,온천천1(태광산업),태광산업 앞,2007,12,온천천,A,28000.0,1,0
200712,216,8.0,2.6,6.2,,8.4,13.2,0.08,90000.0,17000.0,7.0,345.0,0.0,0.0,0.0,0.0,0.001,0.0,0.0,0.388,2.144,3.057,3.086,0.073,0.074,0.0,18.6,,1,수영강,29,온천천,온천천2(연안교),연안교,2007,12,온천천,A,17000.0,1,0
200712,327,8.6,1.3,,,6.1,12.9,0.046,3000.0,,8.0,226.0,,,,,,,,,,,2.105,,,,,,1,수영강,29,온천천,온천천(청룡),청룡2호교,2007,12,온천천,A,3000.0,1,0
200712,328,8.2,3.8,,,8.9,12.7,0.104,300000.0,,9.0,374.0,,,,,,,,,,,3.491,,,,,,1,수영강,29,온천천,온천천(온천),온천교,2007,12,온천천,A,300000.0,1,0
200801,206,7.7,11.3,18.4,,3.6,7.4,0.404,280000.0,22000.0,4.0,878.0,0.0,,,,,,,6.78,1.105,8.435,8.488,0.292,0.343,,0.7,,2,중부산,3,동천,동천1,광무교,2008,1,동천,B,22000.0,1,0
200801,207,7.8,8.9,8.4,,7.6,1.7,0.219,35000.0,24000.0,6.0,33060.0,0.0,,,,,,,2.424,0.132,2.978,3.035,0.186,0.196,,2.7,,2,중부산,3,동천,동천2,범4호교,2008,1,동천,B,24000.0,1,1
200801,208,7.8,4.2,4.4,,6.0,2.7,0.169,50000.0,17000.0,8.0,36110.0,0.0,,,,,,,1.612,0.192,1.907,1.947,0.128,0.15,,0.8,,2,중부산,3,동천,동천3,범일교,2008,1,동천,B,17000.0,1,1
200801,215,8.0,4.5,7.8,,12.2,12.8,0.128,90000.0,22000.0,7.0,334.0,0.0,,,,,,,0.488,1.031,3.791,3.884,0.047,0.121,,69.4,,1,수영강,29,온천천,온천천1(태광산업),태광산업 앞,2008,1,온천천,A,22000.0,1,0
200801,216,8.0,4.1,6.6,,22.0,13.3,0.112,90000.0,3000.0,6.0,410.0,0.0,,,,,,,0.209,1.058,3.603,3.695,0.043,0.077,,65.3,,1,수영강,29,온천천,온천천2(연안교),연안교,2008,1,온천천,A,3000.0,1,0
200801,327,8.3,2.6,,,9.4,13.9,0.083,500.0,,6.0,228.0,,,,,,,,,,,2.337,,,,,,1,수영강,29,온천천,온천천(청룡),청룡2호교,2008,1,온천천,A,500.0,0,0
200801,328,8.0,4.5,,,12.2,12.8,0.128,90000.0,,7.0,334.0,,,,,,,,,,,3.884,,,,,,1,수영강,29,온천천,온천천(온천),온천교,2008,1,온천천,A,90000.0,1,0
200802,206,7.6,5.7,7.2,,11.6,7.9,0.289,50000.0,3000.0,4.0,9474.0,0.0,,,,,,,2.847,2.017,5.542,5.718,0.176,0.206,,1.4,,2,중부산,3,동천,동천1,광무교,2008,2,동천,B,3000.0,1,0
200802,207,7.3,3.3,4.4,,25.2,2.1,0.299,1700.0,1300.0,7.0,38880.0,0.0,,,,,,,3.156,0.414,3.962,4.096,0.197,0.2,,1.6,,2,중부산,3,동천,동천2,범4호교,2008,2,동천,B,1300.0,1,1
200802,208,7.9,2.0,1.6,,6.4,6.0,0.149,3000.0,1700.0,8.0,43780.0,0.0,,,,,,,0.822,0.174,1.061,1.104,0.089,0.107,,1.6,,2,중부산,3,동천,동천3,범일교,2008,2,동천,B,1700.0,1,0
200802,215,8.4,3.9,6.6,,9.8,12.5,0.18,30000.0,2700.0,6.0,336.0,0.0,,,,,,,0.24,2.949,3.669,3.963,0.084,0.097,,9.8,,1,수영강,29,온천천,온천천1(태광산업),태광산업 앞,2008,2,온천천,A,2700.0,1,0
200802,216,8.3,3.8,6.4,,26.5,13.4,0.204,22000.0,5000.0,2.0,191.0,0.0,,,,,,,0.18,3.032,3.591,3.967,0.077,0.094,,34.8,,1,수영강,29,온천천,온천천2(연안교),연안교,2008,2,온천천,A,5000.0,1,0
200802,301,7.8,36.3,11.6,,18.4,7.7,0.459,300000.0,,4.0,24150.0,,,,,,,,,,,7.092,,,,,,4,낙동강,22,괴정천,괴정천,하단초등학교 뒤,2008,2,괴정천,B,300000.0,1,0
200802,327,7.9,1.3,4.8,,9.3,11.8,0.12,800.0,,4.0,159.0,,,,,,,,,,,3.026,,,,,,1,수영강,29,온천천,온천천(청룡),청룡2호교,2008,2,온천천,A,800.0,0,0
200802,328,9.0,4.0,6.8,,18.4,12.9,0.166,7000.0,,4.0,205.0,,,,,,,,,,,3.794,,,,,,1,수영강,29,온천천,온천천(온천),온천교,2008,2,온천천,A,7000.0,1,0
200803,206,7.6,30.2,20.4,,36.5,4.2,0.621,1300000.0,1700.0,10.0,7817.0,0.0,0.0,0.0,0.0,0.0,0.0,0.0,14.34,1.001,15.474,15.858,0.408,0.471,0.1,393.6,,2,중부산,3,동천,동천1,광무교,2008,3,동천,B,1700.0,1,0
200803,207,7.4,11.8,6.4,,10.0,0.5,0.397,500000.0,3000.0,12.0,36480.0,0.0,0.0,0.0,0.0,0.0,0.0,0.0,3.02,0.076,5.367,6.184,0.058,0.327,0.0,16.1,,2,중부산,3,동천,동천2,범4호교,2008,3,동천,B,3000.0,1,1
200803,208,7.4,7.2,4.4,,7.0,0.4,0.307,50000.0,30000.0,12.0,38790.0,0.0,0.0,0.0,0.0,0.0,0.0,0.0,1.538,0.03,3.445,3.954,0.285,0.295,0.0,2.9,,2,중부산,3,동천,동천3,범일교,2008,3,동천,B,30000.0,1,1
200803,215,9.2,7.0,8.6,,15.3,9.7,0.169,50000.0,11000.0,14.0,339.0,0.0,0.0,0.0,0.0,0.0,0.0,0.0,0.4,1.965,3.49,4.133,0.079,0.086,0.1,13.6,,1,수영강,29,온천천,온천천1(태광산업),태광산업 앞,2008,3,온천천,A,11000.0,1,0
200803,216,9.5,3.2,7.0,,6.2,11.5,0.138,13000.0,300.0,12.0,645.0,0.0,0.0,0.0,0.0,0.0,0.0,0.0,0.4,1.93,3.434,3.779,0.075,0.082,0.2,5.3,,1,수영강,29,온천천,온천천2(연안교),연안교,2008,3,온천천,A,300.0,0,0
200803,327,8.5,3.0,,,32.1,10.7,0.142,500.0,,9.0,272.0,,,,,,,,,,,3.042,,,,,,1,수영강,29,온천천,온천천(청룡),청룡2호교,2008,3,온천천,A,500.0,0,0
200803,328,9.2,7.0,,,15.3,9.7,0.169,50000.0,,14.0,339.0,,,,,,,,,,,4.133,,,,,,1,수영강,29,온천천,온천천(온천),온천교,2008,3,온천천,A,50000.0,1,0
200804,206,7.5,1.1,4.4,,1.2,8.3,0.151,24000.0,2400.0,12.0,969.0,0.0,,,,,,,1.588,2.018,4.047,4.237,0.131,0.148,,0.0,,2,중부산,3,동천,동천1,광무교,2008,4,동천,B,2400.0,1,0
200804,207,7.1,21.9,16.8,,8.3,0.4,0.436,70000.0,30000.0,15.0,36740.0,0.0,,,,,,,2.634,0.01,4.226,4.578,0.328,0.354,,3.7,,2,중부산,3,동천,동천2,범4호교,2008,4,동천,B,30000.0,1,1
200804,208,7.3,8.1,8.4,,9.3,0.7,0.371,240000.0,22000.0,14.0,38700.0,0.0,,,,,,,1.406,0.008,3.296,3.718,0.266,0.277,,1.3,,2,중부산,3,동천,동천3,범일교,2008,4,동천,B,22000.0,1,1
200804,215,8.4,5.8,8.4,,28.8,9.5,0.194,110000.0,70000.0,21.0,314.0,0.0,,,,,,,1.277,1.688,3.751,3.822,0.163,0.169,,12.2,,1,수영강,29,온천천,온천천1(태광산업),태광산업 앞,2008,4,온천천,A,70000.0,1,0
200804,216,9.1,3.3,7.0,,5.3,9.5,0.165,3000.0,1100.0,20.0,343.0,0.0,,,,,,,1.003,2.032,3.821,3.885,0.142,0.143,,1.6,,1,수영강,29,온천천,온천천2(연안교),연안교,2008,4,온천천,A,1100.0,1,0
200805,327,6.7,0.4,3.4,,7.9,8.7,0.065,4.0,2.0,17.0,176.0,0.0,0.0,0.0,0.0,0.0,0.0,0.0,0.01,1.079,1.558,1.665,0.041,0.044,0.0,0.2,,1,수영강,29,온천천,온천천(청룡),청룡2호교,2008,5,온천천,A,2.0,0,0
200805,328,10.3,3.5,7.4,,49.1,8.0,0.196,50000.0,3000.0,18.0,289.0,0.0,0.0,0.0,0.0,0.0,0.0,0.0,0.662,1.339,3.028,3.121,0.07,0.093,0.1,2.5,,1,수영강,29,온천천,온천천(온천),온천교,2008,5,온천천,A,3000.0,1,0
200806,206,7.4,4.7,6.6,,4.7,5.8,0.498,80000.0,24000.0,18.0,3706.0,0.0,0.0,0.0,0.0,0.0,0.0,0.0,4.755,0.633,5.559,5.847,0.373,0.42,0.3,0.2,,2,중부산,3,동천,동천1,광무교,2008,6,동천,B,24000.0,1,0
200806,207,7.1,10.6,13.2,,5.2,0.6,1.257,90000.0,50000.0,19.0,39950.0,0.0,0.0,0.0,0.0,0.0,0.0,0.0,2.625,0.011,10.956,12.558,0.836,1.069,0.7,6.5,,2,중부산,3,동천,동천2,범4호교,2008,6,동천,B,50000.0,1,1
200806,208,7.4,3.8,4.4,,6.8,0.5,0.585,28000.0,17000.0,18.0,43130.0,0.0,0.0,0.0,0.0,0.0,0.0,0.0,1.041,0.02,3.443,4.082,0.321,0.38,0.7,1.0,,2,중부산,3,동천,동천3,범일교,2008,6,동천,B,17000.0,1,1
200806,215,8.3,3.1,7.0,,7.1,8.2,0.138,220000.0,24000.0,21.0,485.0,0.0,0.0,0.0,0.0,0.0,0.0,0.0,0.224,0.82,2.24,2.542,0.069,0.095,0.0,1.0,,1,수영강,29,온천천,온천천1(태광산업),태광산업 앞,2008,6,온천천,A,24000.0,1,0
200806,216,7.9,7.7,8.0,,4.0,0.6,0.293,50000.0,1100.0,22.0,354.0,0.0,0.0,0.0,0.0,0.0,0.0,0.0,1.82,0.38,2.574,3.025,0.174,0.192,0.0,4.5,,1,수영강,29,온천천,온천천2(연안교),연안교,2008,6,온천천,A,1100.0,1,1
200806,327,7.5,2.0,,,5.0,8.7,0.094,2400.0,,21.0,230.0,,,,,,,,,,,1.949,,,,,,1,수영강,29,온천천,온천천(청룡),청룡2호교,2008,6,온천천,A,2400.0,1,0
200806,328,9.3,2.2,,,1.6,8.3,0.107,2200.0,,21.0,290.0,,,,,,,,,,,2.408,,,,,,1,수영강,29,온천천,온천천(온천),온천교,2008,6,온천천,A,2200.0,1,0
200807,206,7.2,20.2,16.0,,17.3,0.5,1.302,5000000.0,2400000.0,25.0,2022.0,0.0,,,,,,,13.633,0.062,13.86,14.442,1.001,1.005,,0.0,,2,중부산,3,동천,동천1,광무교,2008,7,동천,B,2400000.0,1,1
200807,207,6.9,47.4,29.3,,23.0,0.2,1.428,17000000.0,5000000.0,26.0,17040.0,0.0,,,,,,,13.067,0.002,14.211,14.397,0.978,1.026,,3.3,,2,중부산,3,동천,동천2,범4호교,2008,7,동천,B,5000000.0,1,1
200807,208,7.2,9.6,8.8,,9.2,0.2,0.461,220000.0,130000.0,25.0,37440.0,0.0,,,,,,,3.88,0.014,3.975,4.217,0.333,0.335,,1.0,,2,중부산,3,동천,동천3,범일교,2008,7,동천,B,130000.0,1,1
200807,215,8.3,4.1,5.8,,8.3,7.1,0.133,240000.0,22000.0,25.0,170.0,0.0,,,,,,,0.23,1.481,1.879,2.109,0.063,0.097,,10.7,,1,수영강,29,온천천,온천천1(태광산업),태광산업 앞,2008,7,온천천,A,22000.0,1,0
200807,216,7.9,3.5,5.2,,17.7,4.6,0.217,13000.0,1700.0,28.0,232.0,0.0,,,,,,,0.519,1.764,2.77,2.948,0.154,0.168,,13.9,,1,수영강,29,온천천,온천천2(연안교),연안교,2008,7,온천천,A,1700.0,1,0
200807,327,7.5,1.3,,,3.9,7.7,0.082,3000.0,,22.0,75.0,,,,,,,,,,,0.954,,,,,,1,수영강,29,온천천,온천천(청룡),청룡2호교,2008,7,온천천,A,3000.0,1,0
200807,328,9.3,2.5,,,12.5,6.6,0.131,30000.0,,26.0,203.0,,,,,,,,,,,2.395,,,,,,1,수영강,29,온천천,온천천(온천),온천교,2008,7,온천천,A,30000.0,1,0
200808,206,7.1,6.9,7.6,,6.4,1.9,0.576,300000.0,170000.0,23.0,8745.0,0.0,,,,,,,8.7,0.619,9.698,9.813,0.197,0.477,,1.5,,2,중부산,3,동천,동천1,광무교,2008,8,동천,B,170000.0,1,1
200808,207,7.2,4.2,4.4,,6.8,1.0,0.249,240000.0,5000.0,23.0,28400.0,0.0,,,,,,,3.394,0.423,3.961,3.995,0.01,0.225,,11.2,,2,중부산,3,동천,동천2,범4호교,2008,8,동천,B,5000.0,1,1
200808,208,7.4,3.0,3.2,,7.6,1.8,0.244,30000.0,13000.0,23.0,33860.0,0.0,,,,,,,1.844,0.51,2.672,2.763,0.065,0.204,,13.5,,2,중부산,3,동천,동천3,범일교,2008,8,동천,B,13000.0,1,1
200808,215,7.8,2.4,5.6,,4.2,7.6,0.119,50000.0,13000.0,31.0,232.0,0.0,,,,,,,0.092,1.496,1.896,2.165,0.099,0.117,,4.2,,1,수영강,29,온천천,온천천1(태광산업),태광산업 앞,2008,8,온천천,A,13000.0,1,0
200808,216,7.0,3.7,6.4,,19.4,3.7,0.145,30000.0,5000.0,27.0,280.0,0.0,,,,,,,0.562,1.288,2.254,2.414,0.093,0.103,,3.7,,1,수영강,29,온천천,온천천2(연안교),연안교,2008,8,온천천,A,5000.0,1,0
200804,327,7.7,1.0,,,4.2,9.5,0.066,1100.0,,14.0,173.0,,,,,,,,,,,1.687,,,,,,1,수영강,29,온천천,온천천(청룡),청룡2호교,2008,4,온천천,A,1100.0,1,0
200804,328,8.4,5.8,,,28.8,9.5,0.194,110000.0,,21.0,314.0,,,,,,,,,,,3.822,,,,,,1,수영강,29,온천천,온천천(온천),온천교,2008,4,온천천,A,110000.0,1,0
200805,206,7.2,16.6,11.3,,17.4,2.0,0.474,1700000.0,30000.0,14.0,645.0,0.0,,,,,,,5.255,1.105,6.691,6.938,0.364,0.367,,2.9,,2,중부산,3,동천,동천1,광무교,2008,5,동천,B,30000.0,1,1
200805,207,7.3,30.2,17.2,,30.0,0.3,0.886,2800000.0,220000.0,18.0,29190.0,0.0,,,,,,,9.82,0.012,9.91,9.98,0.229,0.655,,59.3,,2,중부산,3,동천,동천2,범4호교,2008,5,동천,B,220000.0,1,1
200805,208,7.3,11.1,6.8,,9.4,0.7,0.425,500000.0,110000.0,17.0,37920.0,0.0,,,,,,,3.756,0.002,3.787,3.923,0.285,0.362,,5.6,,2,중부산,3,동천,동천3,범일교,2008,5,동천,B,110000.0,1,1
200805,215,7.4,5.8,8.2,,25.0,8.3,0.176,500000.0,22000.0,19.0,268.0,0.0,,,,,,,0.106,1.102,2.012,2.067,0.069,0.077,,3.3,,1,수영강,29,온천천,온천천1(태광산업),태광산업 앞,2008,5,온천천,A,22000.0,1,0
200805,216,8.8,8.7,13.9,,36.2,3.5,0.496,1600000.0,110000.0,19.0,320.0,0.0,,,,,,,3.76,0.95,6.225,6.461,0.275,0.281,,5.7,,1,수영강,29,온천천,온천천2(연안교),연안교,2008,5,온천천,A,110000.0,1,0
200805,301,7.3,48.4,37.3,,21.0,0.4,0.83,1300000.0,500000.0,16.0,17420.0,0.0,0.0,0.0,0.0,0.0,0.0,0.0,2.56,0.03,9.11,10.87,0.532,0.79,0.7,12.0,,4,낙동강,22,괴정천,괴정천,하단초등학교 뒤,2008,5,괴정천,B,500000.0,1,1
200808,301,7.0,29.0,19.3,,9.0,1.0,1.227,3000000.0,,26.0,9910.0,,,,,,,,,,,7.895,,,,,,4,낙동강,22,괴정천,괴정천,하단초등학교 뒤,2008,8,괴정천,B,3000000.0,1,1
200808,327,6.7,1.2,3.6,,3.3,6.9,0.063,5000.0,,28.0,181.0,,,,,,,,,,,1.637,,,,,,1,수영강,29,온천천,온천천(청룡),청룡2호교,2008,8,온천천,A,5000.0,1,0
200808,328,7.6,2.7,6.0,,18.0,6.7,0.122,80000.0,,30.0,258.0,,,,,,,,,,,2.281,,,,,,1,수영강,29,온천천,온천천(온천),온천교,2008,8,온천천,A,80000.0,1,0
200809,206,7.2,15.4,18.0,,18.3,0.4,1.146,9000000.0,5000000.0,24.0,9252.0,0.0,0.0,0.0,0.0,0.0,0.0,0.0,17.967,0.018,18.096,18.63,0.837,1.028,0.2,0.9,,2,중부산,3,동천,동천1,광무교,2008,9,동천,B,5000000.0,1,1
200809,207,7.2,4.6,6.4,,10.0,1.3,0.339,80000.0,30000.0,24.0,40800.0,0.0,0.0,0.0,0.0,0.0,0.0,0.0,5.035,0.066,5.127,5.133,0.247,0.28,0.5,46.1,,2,중부산,3,동천,동천2,범4호교,2008,9,동천,B,30000.0,1,1
200809,208,7.6,1.1,3.2,,5.0,3.8,0.111,23000.0,8000.0,23.0,48370.0,0.0,0.0,0.0,0.0,0.0,0.0,0.0,1.348,0.047,1.694,1.807,0.057,0.108,0.5,4.1,,2,중부산,3,동천,동천3,범일교,2008,9,동천,B,8000.0,1,0
200809,215,8.4,2.1,4.6,,3.0,10.5,0.113,80000.0,23000.0,26.0,289.0,0.0,0.0,0.0,0.0,0.0,0.0,0.0,0.196,1.311,2.17,2.178,0.088,0.103,0.0,0.3,,1,수영강,29,온천천,온천천1(태광산업),태광산업 앞,2008,9,온천천,A,23000.0,1,0
200809,216,7.8,3.1,5.4,,23.6,8.2,0.131,17000.0,800.0,25.0,321.0,0.0,0.0,0.0,0.0,0.0,0.0,0.0,0.129,1.428,2.261,2.441,0.072,0.087,0.0,0.8,,1,수영강,29,온천천,온천천2(연안교),연안교,2008,9,온천천,A,800.0,0,0
200809,327,7.7,1.3,,,2.9,7.7,0.064,3000.0,,24.0,219.0,,,,,,,,,,,1.553,,,,,,1,수영강,29,온천천,온천천(청룡),청룡2호교,2008,9,온천천,A,3000.0,1,0
200809,328,8.2,2.1,,,3.7,8.7,0.104,22000.0,,25.0,304.0,,,,,,,,,,,2.209,,,,,,1,수영강,29,온천천,온천천(온천),온천교,2008,9,온천천,A,22000.0,1,0
200810,206,7.2,15.7,17.6,,9.0,0.4,0.667,240000.0,130000.0,24.0,9252.0,0.0,,,,,,,8.001,0.051,8.06,8.365,0.447,0.52,,53.8,,2,중부산,3,동천,동천1,광무교,2008,10,동천,B,130000.0,1,1
200810,207,7.2,6.3,5.6,,7.5,1.3,0.251,1700.0,800.0,24.0,40800.0,0.0,,,,,,,1.951,0.081,2.313,2.393,0.1,0.243,,76.4,,2,중부산,3,동천,동천2,범4호교,2008,10,동천,B,800.0,0,1
200810,208,7.6,3.5,2.4,,3.7,3.8,0.215,5000.0,1700.0,23.0,48370.0,0.0,,,,,,,1.731,0.061,1.922,2.012,0.084,0.178,,8.1,,2,중부산,3,동천,동천3,범일교,2008,10,동천,B,1700.0,1,0
200810,215,8.6,1.5,4.6,,9.5,10.1,0.078,30000.0,800.0,21.0,736.0,0.0,,,,,,,0.018,1.557,1.695,1.988,0.057,0.062,,0.8,,1,수영강,29,온천천,온천천1(태광산업),태광산업 앞,2008,10,온천천,A,800.0,0,0
200810,216,7.8,1.4,4.6,,27.8,7.8,0.099,13000.0,5000.0,20.0,409.0,0.0,,,,,,,0.182,1.991,2.33,2.672,0.028,0.053,,0.6,,1,수영강,29,온천천,온천천2(연안교),연안교,2008,10,온천천,A,5000.0,1,0
200810,327,7.7,0.9,,,8.6,8.6,0.081,300.0,,20.0,366.0,,,,,,,,,,,2.031,,,,,,1,수영강,29,온천천,온천천(청룡),청룡2호교,2008,10,온천천,A,300.0,0,0
200810,328,8.5,1.1,,,13.6,10.2,0.064,5000.0,,20.0,383.0,,,,,,,,,,,2.031,,,,,,1,수영강,29,온천천,온천천(온천),온천교,2008,10,온천천,A,5000.0,1,0
200811,206,7.4,33.3,16.7,,30.0,0.3,1.072,3500000.0,1600000.0,12.0,2600.0,0.0,,,,,,,14.924,0.233,16.416,16.888,0.839,0.856,,2.4,,2,중부산,3,동천,동천1,광무교,2008,11,동천,B,1600000.0,1,1
200811,207,7.3,7.7,8.0,,12.6,2.1,0.305,46000.0,31000.0,13.0,42890.0,0.0,,,,,,,4.723,0.126,4.917,4.946,0.192,0.24,,24.3,,2,중부산,3,동천,동천2,범4호교,2008,11,동천,B,31000.0,1,1
200811,208,7.4,3.0,3.2,,5.8,2.8,0.139,24000.0,13000.0,14.0,49120.0,0.0,,,,,,,1.156,0.08,1.272,1.432,0.079,0.123,,5.5,,2,중부산,3,동천,동천3,범일교,2008,11,동천,B,13000.0,1,1
200811,215,7.0,1.5,4.2,,9.1,10.1,0.08,54000.0,2800.0,17.0,423.0,0.0,,,,,,,0.084,1.695,2.041,2.331,0.071,0.073,,0.6,,1,수영강,29,온천천,온천천1(태광산업),태광산업 앞,2008,11,온천천,A,2800.0,1,0
200811,216,7.5,2.2,5.0,,32.7,9.5,0.128,28000.0,3300.0,15.0,441.0,0.0,,,,,,,0.184,1.581,2.362,2.582,0.067,0.071,,0.3,,1,수영강,29,온천천,온천천2(연안교),연안교,2008,11,온천천,A,3300.0,1,0
200811,301,7.1,13.9,13.0,,17.0,0.3,0.255,490000.0,4900.0,15.0,18530.0,0.0,0.0,0.0,0.0,0.0,0.0,0.0,4.88,0.145,5.053,5.19,0.233,0.249,0.5,0.9,,4,낙동강,22,괴정천,괴정천,하단초등학교 뒤,2008,11,괴정천,B,4900.0,1,1
200811,327,6.2,0.8,3.8,,9.0,9.4,0.071,5.0,,15.0,378.0,0.0,0.0,0.0,0.0,0.0,0.0,0.0,0.029,1.605,2.103,2.276,0.058,0.065,0.2,0.2,,1,수영강,29,온천천,온천천(청룡),청룡2호교,2008,11,온천천,A,5.0,0,0
200811,328,8.1,2.7,8.4,,188.7,9.6,0.272,17000.0,1700.0,15.0,445.0,0.0,0.0,0.0,0.0,0.0,0.0,0.0,0.159,1.419,2.448,2.658,0.08,0.094,0.2,0.8,,1,수영강,29,온천천,온천천(온천),온천교,2008,11,온천천,A,1700.0,1,0
200812,206,6.9,22.5,14.4,,14.8,1.0,1.956,3500000.0,1600000.0,7.0,17040.0,0.0,0.0,0.0,0.0,0.0,0.0,0.0,8.709,0.243,9.02,23.829,0.498,0.522,0.3,1.2,,2,중부산,3,동천,동천1,광무교,2008,12,동천,B,1600000.0,1,1
200812,207,6.9,5.7,4.8,,8.3,0.9,0.215,92000.0,35000.0,10.0,47510.0,0.0,0.0,0.0,0.0,0.0,0.0,0.0,2.239,0.091,2.935,2.937,0.161,0.171,0.7,4.6,,2,중부산,3,동천,동천2,범4호교,2008,12,동천,B,35000.0,1,1
200812,208,7.0,7.2,4.4,,7.1,2.8,0.253,4900.0,1300.0,7.0,41090.0,0.0,0.0,0.0,0.0,0.0,0.0,0.0,3.866,0.162,4.257,4.47,0.226,0.234,0.5,1.4,,2,중부산,3,동천,동천3,범일교,2008,12,동천,B,1300.0,1,1
200812,215,7.4,4.3,7.4,,150.7,11.9,0.132,17000.0,4900.0,9.0,540.0,0.0,0.0,0.0,0.0,0.0,0.0,0.0,0.285,1.771,2.165,2.483,0.076,0.078,0.2,0.5,,1,수영강,29,온천천,온천천1(태광산업),태광산업 앞,2008,12,온천천,A,4900.0,1,0
200812,216,7.5,1.8,6.0,,51.5,12.1,0.11,7900.0,2300.0,7.0,548.0,0.0,0.0,0.0,0.0,0.0,0.0,0.0,0.3,1.516,2.529,2.92,0.063,0.065,0.2,0.3,,1,수영강,29,온천천,온천천2(연안교),연안교,2008,12,온천천,A,2300.0,1,0
200812,327,7.2,1.5,,,5.2,12.1,0.076,49.0,,7.0,534.0,,,,,,,,,,,2.078,,,,,,1,수영강,29,온천천,온천천(청룡),청룡2호교,2008,12,온천천,A,49.0,0,0
200812,328,7.4,4.1,,,361.3,9.8,0.153,35000.0,,8.0,572.0,,,,,,,,,,,2.887,,,,,,1,수영강,29,온천천,온천천(온천),온천교,2008,12,온천천,A,35000.0,1,0
200901,206,7.1,33.0,15.3,,17.7,4.0,0.636,1600000.0,220000.0,6.0,929.0,0.0,,,,,,,9.405,1.443,11.244,11.772,0.599,0.626,,0.9,,2,중부산,3,동천,동천1,광무교,2009,1,동천,B,220000.0,1,0
200901,207,6.8,7.1,6.0,,9.5,0.7,0.336,130000.0,79000.0,7.0,40590.0,0.0,,,,,,,3.86,0.083,4.14,4.375,0.256,0.299,,0.8,,2,중부산,3,동천,동천2,범4호교,2009,1,동천,B,79000.0,1,1
200901,208,6.9,3.7,4.4,,7.7,2.8,0.109,1700.0,700.0,8.0,49400.0,0.0,,,,,,,1.394,0.125,1.601,1.632,0.094,0.096,,0.3,,2,중부산,3,동천,동천3,범일교,2009,1,동천,B,700.0,0,1
200901,215,7.8,4.7,9.0,,11.7,13.1,0.082,2400.0,230.0,4.0,729.0,0.0,,,,,,,0.228,1.839,2.904,2.983,0.052,0.054,,0.9,,1,수영강,29,온천천,온천천1(태광산업),태광산업 앞,2009,1,온천천,A,230.0,0,0
200901,216,7.5,3.8,7.4,,9.9,12.8,0.069,3300.0,330.0,3.0,1027.0,0.0,,,,,,,0.268,2.475,3.002,3.154,0.035,0.047,,0.5,,1,수영강,29,온천천,온천천2(연안교),연안교,2009,1,온천천,A,330.0,0,0
200901,328,7.6,3.6,7.4,,34.7,13.0,0.07,2300.0,,3.0,560.0,,,,,,,,,,,2.933,,,,,,1,수영강,29,온천천,온천천(온천),온천교,2009,1,온천천,A,2300.0,1,0
200902,206,7.3,16.6,12.0,,12.8,0.9,0.745,330000.0,230000.0,9.0,30000.0,0.0,,,,,,,6.946,0.089,7.398,7.884,0.226,0.52,,2.9,,2,중부산,3,동천,동천1,광무교,2009,2,동천,B,230000.0,1,1
200902,207,7.2,8.8,6.0,,10.0,0.7,0.341,22000.0,17000.0,9.0,41040.0,0.0,,,,,,,3.489,0.094,3.825,3.916,0.238,0.264,,1.0,,2,중부산,3,동천,동천2,범4호교,2009,2,동천,B,17000.0,1,1
200902,208,7.3,2.1,2.0,,7.6,3.7,0.166,4900.0,1700.0,10.0,49410.0,0.0,,,,,,,0.999,0.197,1.245,1.286,0.079,0.126,,1.0,,2,중부산,3,동천,동천3,범일교,2009,2,동천,B,1700.0,1,0
200902,215,6.4,3.7,8.8,,15.2,12.2,0.137,790.0,110.0,7.0,518.0,0.0,,,,,,,0.11,2.282,3.113,3.493,0.036,0.081,,2.4,,1,수영강,29,온천천,온천천1(태광산업),태광산업 앞,2009,2,온천천,A,110.0,0,0
200902,216,6.9,5.0,7.8,,10.8,11.0,0.097,3500.0,490.0,7.0,547.0,0.0,,,,,,,0.198,1.971,3.088,3.138,0.042,0.073,,2.4,,1,수영강,29,온천천,온천천2(연안교),연안교,2009,2,온천천,A,490.0,0,0
200902,301,6.3,20.6,19.0,,39.3,1.6,0.788,330000.0,,8.0,30100.0,,,,,,,,,,,9.62,,,,,,4,낙동강,22,괴정천,괴정천,하단초등학교 뒤,2009,2,괴정천,B,330000.0,1,1
200902,327,6.5,2.4,7.6,,12.4,15.4,0.134,2.0,,5.0,469.0,,,,,,,,,,,2.654,,,,,,1,수영강,29,온천천,온천천(청룡),청룡2호교,2009,2,온천천,A,2.0,0,0
200902,328,6.7,4.0,7.8,,11.8,12.0,0.094,790.0,,5.0,533.0,,,,,,,,,,,3.358,,,,,,1,수영강,29,온천천,온천천(온천),온천교,2009,2,온천천,A,790.0,0,0
200903,206,6.9,19.9,19.2,,18.3,0.9,1.475,700000.0,330000.0,8.0,19610.0,0.0,0.0,0.0,0.0,0.0,0.0,0.0,17.643,0.125,18.17,21.64,1.234,1.275,0.4,5.7,,2,중부산,3,동천,동천1,광무교,2009,3,동천,B,330000.0,1,1
200903,207,6.9,10.1,11.2,,8.2,0.8,0.396,49000.0,33000.0,10.0,41450.0,0.0,0.0,0.0,0.0,0.0,0.0,0.0,4.811,0.075,5.556,5.793,0.374,0.381,0.6,1.3,,2,중부산,3,동천,동천2,범4호교,2009,3,동천,B,33000.0,1,1
200903,208,7.1,3.2,4.0,,6.5,0.8,0.242,13000.0,11000.0,11.0,46460.0,0.0,0.0,0.0,0.0,0.0,0.0,0.0,2.315,0.032,2.54,3.005,0.167,0.186,0.6,0.5,,2,중부산,3,동천,동천3,범일교,2009,3,동천,B,11000.0,1,1
200903,215,7.4,2.9,6.4,,6.8,10.9,0.131,790.0,79.0,13.0,542.0,0.0,0.0,0.0,0.0,0.0,0.0,0.0,0.414,1.95,3.272,3.349,0.09,0.128,0.0,0.7,,1,수영강,29,온천천,온천천1(태광산업),태광산업 앞,2009,3,온천천,A,79.0,0,0
200903,216,7.3,3.2,6.8,,13.0,8.0,0.111,17000.0,790.0,13.0,546.0,0.0,0.0,0.0,0.0,0.0,0.0,0.0,0.563,1.816,3.136,3.137,0.061,0.089,0.0,0.4,,1,수영강,29,온천천,온천천2(연안교),연안교,2009,3,온천천,A,790.0,0,0
200903,327,7.2,1.1,4.4,,4.4,10.5,0.109,33.0,,11.0,368.0,,,,,,,,,,,2.324,,,,,,1,수영강,29,온천천,온천천(청룡),청룡2호교,2009,3,온천천,A,33.0,0,0
200903,328,7.4,2.9,6.4,,6.8,10.9,0.131,790.0,,13.0,542.0,,,,,,,,,,,3.272,,,,,,1,수영강,29,온천천,온천천(온천),온천교,2009,3,온천천,A,790.0,0,0
200904,206,7.4,12.3,9.6,,9.5,0.7,1.459,330000.0,230000.0,15.0,1345.0,0.0,,,,,,,17.61,0.125,18.025,18.669,0.888,1.267,,3.0,,2,중부산,3,동천,동천1,광무교,2009,4,동천,B,230000.0,1,1
200904,207,7.1,9.8,6.4,,12.6,0.4,0.55,49000.0,33000.0,16.0,38380.0,0.0,,,,,,,5.166,0.038,6.81,6.83,0.308,0.508,,1.8,,2,중부산,3,동천,동천2,범4호교,2009,4,동천,B,33000.0,1,1
200904,208,7.3,5.6,4.8,,16.6,0.5,0.287,4900.0,330.0,16.0,46930.0,0.0,,,,,,,3.128,0.015,3.342,3.735,0.189,0.233,,2.0,,2,중부산,3,동천,동천3,범일교,2009,4,동천,B,330.0,0,1
200904,215,7.7,7.2,8.0,,8.8,10.7,0.123,13000.0,500.0,19.0,577.0,0.0,,,,,,,0.067,1.319,3.012,3.026,0.084,0.105,,5.8,,1,수영강,29,온천천,온천천1(태광산업),태광산업 앞,2009,4,온천천,A,500.0,0,0
200904,216,7.5,3.0,8.4,,44.3,9.0,0.107,50000.0,5000.0,17.0,519.0,0.0,,,,,,,0.192,1.214,2.43,2.59,0.071,0.089,,4.7,,1,수영강,29,온천천,온천천2(연안교),연안교,2009,4,온천천,A,5000.0,1,0
200904,327,7.0,1.7,5.0,,7.1,10.8,0.1,300.0,,15.0,338.0,,,,,,,,,,,1.493,,,,,,1,수영강,29,온천천,온천천(청룡),청룡2호교,2009,4,온천천,A,300.0,0,0
200904,328,7.7,4.9,8.8,,43.0,9.2,0.11,35000.0,,17.0,523.0,,,,,,,,,,,2.53,,,,,,1,수영강,29,온천천,온천천(온천),온천교,2009,4,온천천,A,35000.0,1,0
200905,206,7.1,16.6,15.7,,40.4,0.7,1.344,28000000.0,3500000.0,16.0,6087.0,0.0,,,,,,,8.652,0.031,12.93,13.671,1.147,1.197,,37.5,,2,중부산,3,동천,동천1,광무교,2009,5,동천,B,3500000.0,1,1
200905,207,6.8,11.2,8.0,,19.2,0.6,0.268,22000.0,1100.0,18.0,42650.0,0.0,,,,,,,2.06,0.025,2.46,2.8,0.172,0.217,,59.1,,2,중부산,3,동천,동천2,범4호교,2009,5,동천,B,1100.0,1,1
200905,208,7.1,3.7,2.8,,17.4,4.2,0.125,2300.0,110.0,16.0,48290.0,0.0,,,,,,,0.913,0.079,1.116,1.248,0.106,0.119,,8.9,,2,중부산,3,동천,동천3,범일교,2009,5,동천,B,110.0,0,0
200905,215,7.3,2.0,5.8,,5.4,8.3,0.11,35000.0,7900.0,22.0,447.0,0.0,,,,,,,0.167,1.189,2.463,2.636,0.064,0.09,,0.3,,1,수영강,29,온천천,온천천1(태광산업),태광산업 앞,2009,5,온천천,A,7900.0,1,0
200905,216,7.1,2.2,10.0,,17.2,7.0,0.114,160000.0,11000.0,21.0,438.0,0.0,,,,,,,0.528,1.199,2.876,2.942,0.067,0.104,,1.0,,1,수영강,29,온천천,온천천2(연안교),연안교,2009,5,온천천,A,11000.0,1,0
200905,301,7.2,17.0,17.2,,13.7,0.8,0.486,540000.0,240000.0,19.0,31220.0,0.0,0.0,0.0,0.0,0.0,0.0,0.0,5.281,0.051,5.604,6.304,0.407,0.45,0.5,8.2,,4,낙동강,22,괴정천,괴정천,하단초등학교 뒤,2009,5,괴정천,B,240000.0,1,1
200905,327,7.0,0.6,2.8,,0.8,9.4,0.064,5400.0,310.0,16.0,134.0,0.0,0.0,0.0,0.0,0.0,0.0,0.0,0.043,0.678,1.138,1.551,0.015,0.061,0.0,0.2,,1,수영강,29,온천천,온천천(청룡),청룡2호교,2009,5,온천천,A,310.0,0,0
200905,328,7.4,2.3,6.0,,30.2,7.5,0.114,35000.0,13000.0,21.0,452.0,0.0,0.0,0.0,0.0,0.0,0.0,0.0,0.333,1.277,2.635,2.844,0.071,0.106,0.0,0.9,,1,수영강,29,온천천,온천천(온천),온천교,2009,5,온천천,A,13000.0,1,0
200906,206,7.5,18.1,15.5,,13.2,2.2,1.008,7900000.0,580000.0,18.0,605.0,0.0,0.0,0.0,0.0,0.0,0.0,0.0,9.1,0.756,12.884,13.218,0.887,0.954,0.1,1.4,,2,중부산,3,동천,동천1,광무교,2009,6,동천,B,580000.0,1,1
200906,207,7.5,4.2,5.0,,12.6,1.4,0.374,310000.0,78000.0,18.0,30390.0,0.0,0.0,0.0,0.0,0.0,0.0,0.0,2.298,0.301,3.004,3.137,0.285,0.327,0.4,1.8,,2,중부산,3,동천,동천2,범4호교,2009,6,동천,B,78000.0,1,1
200906,208,7.5,3.6,5.0,,8.7,2.3,0.281,4600000.0,1100000.0,20.0,28930.0,0.0,0.0,0.0,0.0,0.0,0.0,0.0,2.639,0.296,3.443,3.841,0.181,0.251,0.5,0.9,,2,중부산,3,동천,동천3,범일교,2009,6,동천,B,1100000.0,1,1
200907,327,7.2,0.2,2.4,,2.6,9.8,0.03,2400.0,,18.0,69.0,,,,,,,,,,,0.527,,,,,,1,수영강,29,온천천,온천천(청룡),청룡2호교,2009,7,온천천,A,2400.0,1,0
200907,328,7.4,2.2,,,2.9,7.0,0.138,160000.0,,21.0,247.0,,,,,,,,,,,2.858,,,,,,1,수영강,29,온천천,온천천(온천),온천교,2009,7,온천천,A,160000.0,1,0
200908,206,7.6,14.3,13.0,,11.6,2.9,0.987,230000.0,79000.0,23.0,891.0,0.0,,,,,,,10.83,0.756,12.195,12.831,0.87,0.93,,0.9,,2,중부산,3,동천,동천1,광무교,2009,8,동천,B,79000.0,1,1
200908,207,7.3,19.3,16.8,,44.0,1.0,0.461,130000.0,78000.0,26.0,33370.0,0.0,,,,,,,2.94,0.137,3.694,4.049,0.381,0.399,,0.5,,2,중부산,3,동천,동천2,범4호교,2009,8,동천,B,78000.0,1,1
200908,208,7.6,5.6,4.0,,28.7,0.8,0.282,350000.0,130000.0,24.0,37120.0,0.0,,,,,,,2.37,0.039,2.479,2.492,0.246,0.252,,0.1,,2,중부산,3,동천,동천3,범일교,2009,8,동천,B,130000.0,1,1
200908,215,8.2,1.1,4.4,,4.0,8.2,0.068,11000.0,1700.0,29.0,233.0,0.0,,,,,,,0.002,1.222,1.606,1.619,0.024,0.026,,0.1,,1,수영강,29,온천천,온천천1(태광산업),태광산업 앞,2009,8,온천천,A,1700.0,1,0
200908,216,7.3,2.0,4.2,,11.9,5.9,0.102,7900.0,330.0,28.0,364.0,0.0,,,,,,,0.0,1.546,2.08,2.095,0.05,0.058,,0.1,,1,수영강,29,온천천,온천천2(연안교),연안교,2009,8,온천천,A,330.0,0,0
200908,301,7.5,44.3,38.0,,33.0,1.3,1.635,4900.0,,23.0,675.0,,,,,,,,,,,15.102,,,,,,4,낙동강,22,괴정천,괴정천,하단초등학교 뒤,2009,8,괴정천,B,4900.0,1,1
200908,327,7.0,0.6,3.2,,4.4,8.5,0.049,1300.0,,24.0,163.0,,,,,,,,,,,1.113,,,,,,1,수영강,29,온천천,온천천(청룡),청룡2호교,2009,8,온천천,A,1300.0,1,0
200908,328,7.7,0.6,,,2.7,7.4,0.067,3300.0,,28.0,268.0,,,,,,,,,,,1.795,,,,,,1,수영강,29,온천천,온천천(온천),온천교,2009,8,온천천,A,3300.0,1,0
200909,206,7.6,13.2,16.0,,20.8,1.7,0.558,330000.0,130000.0,20.8,2258.0,0.0,0.0,0.0,0.0,0.0,0.0,0.0,6.772,0.082,7.398,8.04,0.423,0.507,0.2,0.9,,2,중부산,3,동천,동천1,광무교,2009,9,동천,B,130000.0,1,1
200909,207,7.8,9.1,10.0,,17.8,3.0,0.263,49000.0,33000.0,23.1,40480.0,0.0,0.0,0.0,0.0,0.0,0.0,0.0,1.936,0.074,2.225,2.427,0.143,0.229,0.4,0.5,,2,중부산,3,동천,동천2,범4호교,2009,9,동천,B,33000.0,1,0
200909,208,7.9,5.3,4.0,,6.4,3.4,0.162,79000.0,17000.0,22.1,43692.0,0.0,0.0,0.0,0.0,0.0,0.0,0.0,0.972,0.05,1.28,1.426,0.13,0.135,0.4,0.1,,2,중부산,3,동천,동천3,범일교,2009,9,동천,B,17000.0,1,0
200909,215,9.2,0.9,5.2,,4.4,8.6,0.091,4900.0,1700.0,25.0,278.0,0.0,0.0,0.0,0.0,0.0,0.0,0.0,0.146,0.791,1.289,1.384,0.067,0.071,0.0,0.1,,1,수영강,29,온천천,온천천1(태광산업),태광산업 앞,2009,9,온천천,A,1700.0,1,0
200909,216,7.5,1.7,5.6,,6.0,5.4,0.11,13000.0,1100.0,23.0,1229.0,0.0,0.0,0.0,0.0,0.0,0.0,0.0,0.306,1.332,1.762,1.784,0.069,0.071,0.0,0.1,,1,수영강,29,온천천,온천천2(연안교),연안교,2009,9,온천천,A,1100.0,1,0
200909,327,7.5,1.3,4.4,,5.7,6.9,0.084,790.0,,25.0,252.0,,,,,,,,,,,1.356,,,,,,1,수영강,29,온천천,온천천(청룡),청룡2호교,2009,9,온천천,A,790.0,0,0
200909,328,8.5,0.7,,,3.6,7.6,0.084,330.0,,23.0,295.0,,,,,,,,,,,1.326,,,,,,1,수영강,29,온천천,온천천(온천),온천교,2009,9,온천천,A,330.0,0,0
200910,215,8.1,3.9,5.4,,74.0,9.7,0.146,22000.0,11000.0,20.0,335.0,0.0,,,,,,,0.03,0.893,1.73,2.135,0.048,0.067,,30.4,,1,수영강,29,온천천,온천천1(태광산업),태광산업 앞,2009,10,온천천,A,11000.0,1,0
200910,216,7.5,5.3,6.6,,16.3,8.7,0.121,310.0,79.0,18.0,2488.0,0.0,,,,,,,0.174,1.368,2.453,2.975,0.052,0.074,,36.2,,1,수영강,29,온천천,온천천2(연안교),연안교,2009,10,온천천,A,79.0,0,0
200910,327,7.5,2.0,5.2,,13.4,9.8,0.098,220.0,,19.0,298.0,,,,,,,,,,,2.035,,,,,,1,수영강,29,온천천,온천천(청룡),청룡2호교,2009,10,온천천,A,220.0,0,0
200910,328,8.0,2.3,,,14.0,10.5,0.1,4900.0,,19.0,327.0,,,,,,,,,,,2.15,,,,,,1,수영강,29,온천천,온천천(온천),온천교,2009,10,온천천,A,4900.0,1,0
200911,215,7.5,1.9,4.4,,6.1,12.8,0.114,33000.0,3300.0,10.0,355.0,0.0,,,,,,,0.711,1.382,2.574,2.781,0.074,0.085,,4.0,,1,수영강,29,온천천,온천천1(태광산업),태광산업 앞,2009,11,온천천,A,3300.0,1,0
200911,216,7.4,1.7,5.0,,6.4,13.0,0.119,33000.0,2800.0,8.0,350.0,0.0,,,,,,,0.16,1.756,2.618,2.962,0.092,0.096,,1.8,,1,수영강,29,온천천,온천천2(연안교),연안교,2009,11,온천천,A,2800.0,1,0
200911,301,7.0,58.9,43.0,,15.3,1.2,0.226,3500000.0,790000.0,13.0,28240.0,0.0,0.0,0.0,0.0,0.0,0.0,0.0,6.12,0.039,6.458,11.404,0.141,0.152,0.9,3.1,,4,낙동강,22,괴정천,괴정천,하단초등학교 뒤,2009,11,괴정천,B,790000.0,1,1
200906,215,9.9,3.5,9.2,,6.5,13.0,0.173,4900.0,1100.0,28.0,338.0,0.0,0.0,0.0,0.0,0.0,0.0,0.0,0.093,1.415,1.896,2.222,0.127,0.143,0.0,5.4,,1,수영강,29,온천천,온천천1(태광산업),태광산업 앞,2009,6,온천천,A,1100.0,1,0
200906,216,7.8,2.4,6.8,,12.6,7.6,0.146,7900.0,490.0,25.0,393.0,0.0,0.0,0.0,0.0,0.0,0.0,0.0,0.273,1.685,2.17,2.255,0.13,0.138,0.0,0.9,,1,수영강,29,온천천,온천천2(연안교),연안교,2009,6,온천천,A,490.0,0,0
200906,327,8.1,1.7,6.0,,3.3,11.3,0.062,490.0,,23.0,308.0,,,,,,,,,,,1.817,,,,,,1,수영강,29,온천천,온천천(청룡),청룡2호교,2009,6,온천천,A,490.0,0,0
200906,328,9.1,2.5,,,6.5,11.8,0.125,79.0,,25.0,347.0,,,,,,,,,,,1.84,,,,,,1,수영강,29,온천천,온천천(온천),온천교,2009,6,온천천,A,79.0,0,0
200907,206,7.5,12.4,10.3,,8.3,4.2,0.526,22000000.0,1200000.0,22.0,870.0,0.0,,,,,,,7.011,1.068,8.748,9.812,0.377,0.402,,0.4,,2,중부산,3,동천,동천1,광무교,2009,7,동천,B,1200000.0,1,0
200907,207,7.3,12.6,13.5,,16.7,1.4,0.458,9400000.0,2200000.0,23.0,855.0,0.0,,,,,,,4.879,1.422,6.496,6.842,0.353,0.392,,0.9,,2,중부산,3,동천,동천2,범4호교,2009,7,동천,B,2200000.0,1,1
200907,208,7.3,10.5,11.6,,22.8,0.8,0.45,79000000.0,5400000.0,23.0,6312.0,0.0,,,,,,,5.59,0.173,6.106,6.538,0.295,0.342,,0.6,,2,중부산,3,동천,동천3,범일교,2009,7,동천,B,5400000.0,1,1
200907,215,7.9,3.4,5.0,,2.8,9.9,0.09,350000.0,5000.0,21.0,176.0,0.0,,,,,,,0.761,1.086,2.028,2.088,0.086,0.088,,1.6,,1,수영강,29,온천천,온천천1(태광산업),태광산업 앞,2009,7,온천천,A,5000.0,1,0
200907,216,7.3,1.8,4.2,,2.7,5.5,0.143,24000.0,3500.0,21.0,286.0,0.0,,,,,,,1.548,1.705,3.51,3.516,0.117,0.122,,0.7,,1,수영강,29,온천천,온천천2(연안교),연안교,2009,7,온천천,A,3500.0,1,0
200911,327,7.2,1.9,3.8,,6.8,12.6,0.106,49.0,5.0,11.0,332.0,0.0,0.0,0.0,0.0,0.0,0.0,0.0,0.095,1.441,2.238,2.295,0.069,0.082,0.1,7.4,,1,수영강,29,온천천,온천천(청룡),청룡2호교,2009,11,온천천,A,5.0,0,0
200911,328,7.6,1.7,,,7.3,13.6,0.131,7900.0,1700.0,9.0,349.0,0.0,0.0,0.0,0.0,0.0,0.0,0.0,0.056,1.598,2.576,2.769,0.069,0.099,0.0,3.8,,1,수영강,29,온천천,온천천(온천),온천교,2009,11,온천천,A,1700.0,1,0
200912,215,8.1,3.0,6.6,,8.6,14.2,0.086,1700.0,5.0,7.0,558.0,0.0,0.0,0.0,0.0,0.0,0.0,0.0,0.093,2.146,2.847,2.99,0.074,0.076,0.0,2.7,,1,수영강,29,온천천,온천천1(태광산업),태광산업 앞,2009,12,온천천,A,5.0,0,0
200912,216,7.8,2.8,6.0,,11.3,15.3,0.109,24000.0,140.0,5.0,773.0,0.0,0.0,0.0,0.0,0.0,0.0,0.0,0.15,2.177,3.086,3.145,0.079,0.082,0.0,2.3,,1,수영강,29,온천천,온천천2(연안교),연안교,2009,12,온천천,A,140.0,0,0
200912,327,8.7,1.5,5.8,,9.9,15.2,0.087,8.0,,6.0,495.0,,,,,,,,,,,2.875,,,,,,1,수영강,29,온천천,온천천(청룡),청룡2호교,2009,12,온천천,A,8.0,0,0
200912,328,8.1,3.0,,,8.6,14.2,0.086,1700.0,,7.0,558.0,,,,,,,,,,,2.99,,,,,,1,수영강,29,온천천,온천천(온천),온천교,2009,12,온천천,A,1700.0,1,0
201001,215,8.2,4.4,7.6,,10.5,16.7,0.104,490.0,230.0,3.0,765.0,0.0,,,,,,,0.019,1.637,3.564,3.867,0.038,0.069,,5.3,,1,수영강,29,온천천,온천천1(태광산업),태광산업 앞,2010,1,온천천,A,230.0,0,0
201001,216,8.1,4.9,7.6,,8.4,18.4,0.096,2400.0,330.0,2.0,728.0,0.0,,,,,,,0.199,1.69,3.958,4.182,0.037,0.064,,4.8,,1,수영강,29,온천천,온천천2(연안교),연안교,2010,1,온천천,A,330.0,0,0
201001,327,9.5,3.4,7.6,,11.8,17.2,0.092,2.0,,2.0,,,,,,,,,,,,3.689,,,,,,1,수영강,29,온천천,온천천(청룡),청룡2호교,2010,1,온천천,A,2.0,0,0
201001,328,8.0,5.0,,,8.6,17.4,0.105,1700.0,,3.0,,,,,,,,,,,,4.04,,,,,,1,수영강,29,온천천,온천천(온천),온천교,2010,1,온천천,A,1700.0,1,0
201002,215,7.5,5.3,8.2,,9.7,19.9,0.112,11000.0,3500.0,5.0,643.0,0.0,,,,,,,0.27,2.217,4.125,4.59,0.04,0.1,,5.1,,1,수영강,29,온천천,온천천1(태광산업),태광산업 앞,2010,2,온천천,A,3500.0,1,0
201002,216,7.2,9.4,8.6,,8.2,14.8,0.142,24000.0,7900.0,6.0,658.0,0.0,,,,,,,0.897,1.851,4.409,4.597,0.061,0.087,,2.6,,1,수영강,29,온천천,온천천2(연안교),연안교,2010,2,온천천,A,7900.0,1,0
201002,301,6.7,54.0,38.0,,34.5,4.2,0.726,1100000.0,,7.0,38100.0,,,,,,,,,,,15.126,,,,,,4,낙동강,22,괴정천,괴정천,하단초등학교 뒤,2010,2,괴정천,B,1100000.0,1,0
201002,327,8.5,4.4,6.8,,4.2,23.1,0.12,,,3.0,551.0,,,,,,,,,,,3.85,,,,,,1,수영강,29,온천천,온천천(청룡),청룡2호교,2010,2,온천천,A,,0,0
201002,328,7.3,4.6,,,5.1,19.0,0.1,49000.0,,5.0,646.0,,,,,,,,,,,4.107,,,,,,1,수영강,29,온천천,온천천(온천),온천교,2010,2,온천천,A,49000.0,1,0
201003,215,7.7,1.5,4.6,,7.1,11.5,0.08,8.0,2.0,8.0,313.0,0.0,0.0,0.0,0.0,0.0,0.0,0.0,0.388,2.509,3.094,3.228,0.056,0.069,0.1,1.0,,1,수영강,29,온천천,온천천1(태광산업),태광산업 앞,2010,3,온천천,A,2.0,0,0
201003,216,7.6,3.3,4.8,,7.4,11.0,0.109,13000.0,3300.0,8.0,288.0,0.0,0.0,0.0,0.0,0.0,0.0,0.0,0.629,2.499,3.276,3.412,0.066,0.082,0.1,1.0,,1,수영강,29,온천천,온천천2(연안교),연안교,2010,3,온천천,A,3300.0,1,0
201003,327,7.7,1.0,2.4,,3.6,12.1,0.049,2.0,,8.0,167.0,,,,,,,,,,,2.06,,,,,,1,수영강,29,온천천,온천천(청룡),청룡2호교,2010,3,온천천,A,2.0,0,0
201003,328,7.7,1.2,,,5.2,11.1,0.077,23.0,,8.0,272.0,,,,,,,,,,,2.892,,,,,,1,수영강,29,온천천,온천천(온천),온천교,2010,3,온천천,A,23.0,0,0
201004,215,8.0,2.5,4.6,,10.7,9.7,0.073,17000.0,7000.0,14.0,181.0,0.0,,,,,,,0.152,2.155,2.755,2.835,0.041,0.053,,25.5,,1,수영강,29,온천천,온천천1(태광산업),태광산업 앞,2010,4,온천천,A,7000.0,1,0
201004,216,7.7,2.3,4.8,,8.4,9.9,0.071,33000.0,700.0,14.0,203.0,0.0,,,,,,,0.164,2.185,2.676,2.763,0.046,0.057,,14.1,,1,수영강,29,온천천,온천천2(연안교),연안교,2010,4,온천천,A,700.0,0,0
201005,206,8.0,2.9,4.6,,4.4,12.5,0.082,330.0,170.0,16.0,45540.0,0.0,,,,,,,0.328,0.291,0.773,0.873,0.066,0.079,,6.5,,2,중부산,3,동천,동천1,광무교,2010,5,동천,B,170.0,0,0
201005,207,7.8,9.4,6.0,,13.9,10.5,0.136,4900.0,700.0,18.0,44700.0,0.0,,,,,,,1.176,0.117,1.423,1.694,0.079,0.089,,18.5,,2,중부산,3,동천,동천2,범4호교,2010,5,동천,B,700.0,0,0
201005,208,7.8,9.2,6.0,,5.7,9.5,0.131,790.0,170.0,18.0,45080.0,0.0,,,,,,,1.005,0.117,1.238,1.678,0.059,0.059,,32.0,,2,중부산,3,동천,동천3,범일교,2010,5,동천,B,170.0,0,0
201005,215,7.3,2.9,3.6,,3.8,12.1,0.115,13000.0,790.0,21.0,123.0,0.0,,,,,,,0.408,0.169,0.928,2.723,0.046,0.067,,0.2,,1,수영강,29,온천천,온천천1(태광산업),태광산업 앞,2010,5,온천천,A,790.0,0,0
201005,216,7.0,2.8,3.8,,3.3,8.3,0.128,79000.0,33000.0,20.0,141.0,0.0,,,,,,,0.518,0.17,2.101,2.609,0.087,0.095,,0.1,,1,수영강,29,온천천,온천천2(연안교),연안교,2010,5,온천천,A,33000.0,1,0
201005,301,7.1,28.8,14.8,,3.6,1.9,1.175,2400000.0,1600000.0,19.0,8018.0,0.0,0.0,0.0,0.0,0.0,0.0,0.0,8.602,0.065,8.99,9.535,0.41,0.46,0.6,16.9,,4,낙동강,22,괴정천,괴정천,하단초등학교 뒤,2010,5,괴정천,B,1600000.0,1,1
201005,327,6.9,0.8,1.8,,0.8,12.8,0.047,3300.0,330.0,17.0,46.0,0.0,0.0,0.0,0.0,0.0,0.0,0.0,0.019,0.107,0.726,0.728,0.02,0.026,0.0,0.1,,1,수영강,29,온천천,온천천(청룡),청룡2호교,2010,5,온천천,A,330.0,0,0
201005,328,7.0,2.7,,,1.6,9.8,0.103,70000.0,17000.0,20.0,128.0,0.0,0.0,0.0,0.0,0.0,0.0,0.0,0.258,0.17,1.705,1.823,0.08,0.9,0.0,0.0,,1,수영강,29,온천천,온천천(온천),온천교,2010,5,온천천,A,17000.0,1,0
201006,206,8.0,1.3,3.6,,3.0,10.8,0.133,790.0,170.0,21.0,51090.0,0.0,0.0,0.0,0.0,0.0,0.0,0.0,0.265,0.156,1.771,1.814,0.081,0.122,0.0,2.3,,2,중부산,3,동천,동천1,광무교,2010,6,동천,B,170.0,0,0
201006,207,7.9,3.1,7.6,,5.7,6.1,0.155,7900.0,700.0,22.0,46940.0,0.0,0.0,0.0,0.0,0.0,0.0,0.0,1.104,0.324,1.835,1.843,0.131,0.133,0.1,13.0,,2,중부산,3,동천,동천2,범4호교,2010,6,동천,B,700.0,0,0
201006,208,7.9,3.3,4.4,,5.4,5.1,0.164,1300.0,220.0,22.0,47290.0,0.0,0.0,0.0,0.0,0.0,0.0,0.0,0.711,0.105,1.575,1.678,0.082,0.141,0.1,32.7,,2,중부산,3,동천,동천3,범일교,2010,6,동천,B,220.0,0,0
201006,215,8.8,2.4,5.4,,8.6,8.3,0.096,7900.0,2200.0,28.0,343.0,0.0,0.0,0.0,0.0,0.0,0.0,0.0,0.261,1.674,2.969,2.977,0.069,0.086,0.0,8.0,,1,수영강,29,온천천,온천천1(태광산업),태광산업 앞,2010,6,온천천,A,2200.0,1,0
201006,216,8.5,1.7,5.0,,13.0,9.5,0.1,2400.0,490.0,27.0,256.0,0.0,0.0,0.0,0.0,0.0,0.0,0.0,0.094,2.039,2.676,3.122,0.075,0.085,0.1,10.1,,1,수영강,29,온천천,온천천2(연안교),연안교,2010,6,온천천,A,490.0,0,0
201006,327,7.8,0.9,3.4,,0.6,8.8,0.021,110.0,,23.0,183.0,,,,,,,,,,,2.03,,,,,,1,수영강,29,온천천,온천천(청룡),청룡2호교,2010,6,온천천,A,110.0,0,0
201006,328,9.0,1.4,,,5.1,8.0,0.111,2400.0,,26.0,258.0,,,,,,,,,,,3.292,,,,,,1,수영강,29,온천천,온천천(온천),온천교,2010,6,온천천,A,2400.0,1,0
201007,206,8.0,1.4,5.6,,2.8,8.0,0.115,940.0,330.0,22.0,48800.0,0.0,,,,,,,0.767,0.082,1.29,1.712,0.087,0.109,,0.4,,2,중부산,3,동천,동천1,광무교,2010,7,동천,B,330.0,0,0
201007,207,7.9,2.5,3.2,,4.4,3.4,0.181,2200.0,1100.0,23.0,45910.0,0.0,,,,,,,2.15,0.047,2.49,2.504,0.166,0.174,,1.8,,2,중부산,3,동천,동천2,범4호교,2010,7,동천,B,1100.0,1,0
201007,208,7.8,2.5,3.6,,3.5,4.6,0.192,1300.0,490.0,23.0,40760.0,0.0,,,,,,,2.434,0.22,2.812,2.965,0.16,0.182,,2.8,,2,중부산,3,동천,동천3,범일교,2010,7,동천,B,490.0,0,0
201007,215,7.3,2.3,3.4,,7.2,12.1,0.069,490000.0,24000.0,23.0,123.0,0.0,,,,,,,0.418,0.834,1.399,1.439,0.042,0.049,,2.3,,1,수영강,29,온천천,온천천1(태광산업),태광산업 앞,2010,7,온천천,A,24000.0,1,0
201007,216,7.1,12.3,10.0,,11.0,4.7,0.511,1100000.0,49000.0,24.0,314.0,0.0,,,,,,,1.548,0.9,7.203,7.771,0.419,0.451,,2.1,,1,수영강,29,온천천,온천천2(연안교),연안교,2010,7,온천천,A,49000.0,1,0
201007,327,7.8,0.8,1.8,,1.3,12.8,0.03,1300.0,,20.0,78.0,,,,,,,,,,,0.223,,,,,,1,수영강,29,온천천,온천천(청룡),청룡2호교,2010,7,온천천,A,1300.0,1,0
201007,328,7.1,5.1,,,17.5,9.3,0.174,1700000.0,,23.0,189.0,,,,,,,,,,,3.312,,,,,,1,수영강,29,온천천,온천천(온천),온천교,2010,7,온천천,A,1700000.0,1,0
201008,206,7.7,1.7,4.4,,6.0,9.1,0.145,33000.0,23000.0,23.0,39660.0,0.0,,,,,,,1.299,0.456,1.993,2.102,0.111,0.141,,3.5,,2,중부산,3,동천,동천1,광무교,2010,8,동천,B,23000.0,1,0
201008,207,7.6,2.4,5.6,,11.5,5.6,0.247,34000.0,13000.0,25.0,37880.0,0.0,,,,,,,2.096,0.191,2.418,2.781,0.176,0.202,,3.0,,2,중부산,3,동천,동천2,범4호교,2010,8,동천,B,13000.0,1,0
201008,208,7.7,2.7,6.8,,9.0,3.6,0.308,220000.0,110000.0,24.0,33270.0,0.0,,,,,,,2.334,0.011,2.431,2.998,0.227,0.24,,0.8,,2,중부산,3,동천,동천3,범일교,2010,8,동천,B,110000.0,1,0
201008,215,8.1,1.6,3.8,,5.0,7.4,0.079,13000.0,2200.0,27.0,160.0,0.0,,,,,,,0.017,1.029,2.206,2.224,0.051,0.066,,8.3,,1,수영강,29,온천천,온천천1(태광산업),태광산업 앞,2010,8,온천천,A,2200.0,1,0
201008,216,7.6,2.5,4.6,,11.1,7.1,0.131,49000.0,7900.0,29.0,213.0,0.0,,,,,,,0.379,1.037,2.559,2.835,0.086,0.099,,4.8,,1,수영강,29,온천천,온천천2(연안교),연안교,2010,8,온천천,A,7900.0,1,0
201008,301,6.8,21.0,14.0,,11.4,0.8,0.846,35000000.0,,29.0,12380.0,,,,,,,,,,,9.729,,,,,,4,낙동강,22,괴정천,괴정천,하단초등학교 뒤,2010,8,괴정천,B,35000000.0,1,1
201008,327,7.4,1.0,1.8,,1.5,8.8,0.034,1100.0,,24.0,86.0,,,,,,,,,,,0.849,,,,,,1,수영강,29,온천천,온천천(청룡),청룡2호교,2010,8,온천천,A,1100.0,1,0
201008,328,8.3,1.7,,,5.9,8.3,0.092,4900.0,,27.0,184.0,,,,,,,,,,,2.203,,,,,,1,수영강,29,온천천,온천천(온천),온천교,2010,8,온천천,A,4900.0,1,0
201009,206,7.6,5.3,6.3,,15.3,1.5,0.431,240000.0,79000.0,23.0,32011.0,0.0,0.0,0.0,0.0,0.0,0.0,0.0,3.152,0.068,3.405,3.912,0.308,0.322,0.1,11.3,,2,중부산,3,동천,동천1,광무교,2010,9,동천,B,79000.0,1,1
201009,207,7.7,5.8,7.2,,17.1,1.4,0.465,1300000.0,280000.0,24.0,33250.0,0.0,0.0,0.0,0.0,0.0,0.0,0.0,2.241,1.451,4.172,4.537,0.294,0.326,0.1,5.9,,2,중부산,3,동천,동천2,범4호교,2010,9,동천,B,280000.0,1,1
201009,208,7.7,3.4,4.2,,18.6,1.7,0.239,79000.0,17000.0,23.0,34994.0,0.0,0.0,0.0,0.0,0.0,0.0,0.0,1.474,0.061,2.076,2.438,0.13,0.182,0.1,2.6,,2,중부산,3,동천,동천3,범일교,2010,9,동천,B,17000.0,1,1
201009,215,7.7,1.0,5.0,,26.5,7.8,0.103,24000.0,3300.0,24.0,140.0,0.0,0.0,0.0,0.0,0.0,0.0,0.0,0.042,1.008,1.457,1.529,0.046,0.056,0.1,1.9,,1,수영강,29,온천천,온천천1(태광산업),태광산업 앞,2010,9,온천천,A,3300.0,1,0
201009,216,7.3,1.8,4.2,,6.9,5.6,0.121,170000.0,14000.0,22.0,170.0,0.0,0.0,0.0,0.0,0.0,0.0,0.0,0.795,1.056,2.219,2.243,0.077,0.083,0.1,0.8,,1,수영강,29,온천천,온천천2(연안교),연안교,2010,9,온천천,A,14000.0,1,0
201009,327,7.5,0.5,2.0,,2.7,9.0,0.028,17000.0,,20.0,58.0,,,,,,,,,,,0.452,,,,,,1,수영강,29,온천천,온천천(청룡),청룡2호교,2010,9,온천천,A,17000.0,1,0
201009,328,7.7,0.8,,,9.4,7.5,0.099,490000.0,,23.0,145.0,,,,,,,,,,,1.634,,,,,,1,수영강,29,온천천,온천천(온천),온천교,2010,9,온천천,A,490000.0,1,0
201010,206,7.9,2.4,3.3,,1.3,8.7,0.122,22000.0,3300.0,19.0,45350.0,0.0,,,,,,,0.954,0.105,1.12,1.369,0.088,0.109,,1.4,,2,중부산,3,동천,동천1,광무교,2010,10,동천,B,3300.0,1,0
201010,207,7.8,3.8,4.9,,4.0,5.5,0.173,28000.0,3300.0,19.0,43030.0,0.0,,,,,,,1.898,0.173,2.206,2.393,0.165,0.167,,15.2,,2,중부산,3,동천,동천2,범4호교,2010,10,동천,B,3300.0,1,0
201010,208,7.8,2.8,4.1,,2.7,3.6,0.147,3300.0,2300.0,19.0,45090.0,0.0,,,,,,,1.169,0.127,1.346,1.479,0.111,0.122,,14.3,,2,중부산,3,동천,동천3,범일교,2010,10,동천,B,2300.0,1,0
201010,215,8.5,1.7,4.4,,9.4,12.2,0.076,33000.0,7000.0,20.0,439.0,0.0,,,,,,,0.052,1.116,2.112,2.193,0.055,0.068,,17.0,,1,수영강,29,온천천,온천천1(태광산업),태광산업 앞,2010,10,온천천,A,7000.0,1,0
201010,216,8.1,2.7,5.6,,7.0,9.1,0.094,130000.0,22000.0,18.0,1299.0,0.0,,,,,,,0.727,1.129,2.974,3.015,0.077,0.083,,7.9,,1,수영강,29,온천천,온천천2(연안교),연안교,2010,10,온천천,A,22000.0,1,0
201010,327,7.7,0.7,2.8,,10.5,11.3,0.022,240.0,,19.0,210.0,,,,,,,,,,,1.654,,,,,,1,수영강,29,온천천,온천천(청룡),청룡2호교,2010,10,온천천,A,240.0,0,0
201010,328,8.6,1.4,,,10.1,12.7,0.033,490.0,,19.0,266.0,,,,,,,,,,,2.149,,,,,,1,수영강,29,온천천,온천천(온천),온천교,2010,10,온천천,A,490.0,0,0
201011,206,7.8,1.9,3.4,,8.8,8.0,0.113,13000.0,4900.0,14.0,30080.0,0.0,,,,,,,1.159,0.272,1.518,1.559,0.092,0.102,,0.0,,2,중부산,3,동천,동천1,광무교,2010,11,동천,B,4900.0,1,0
201011,207,7.7,2.9,4.7,,9.2,4.0,0.196,33000.0,3400.0,13.0,28940.0,0.0,,,,,,,1.665,0.255,2.003,2.198,0.133,0.15,,0.0,,2,중부산,3,동천,동천2,범4호교,2010,11,동천,B,3400.0,1,0
201011,208,7.7,2.0,4.4,,5.5,4.0,0.218,24000.0,3400.0,14.0,29630.0,0.0,,,,,,,2.178,0.155,2.439,2.576,0.16,0.185,,0.8,,2,중부산,3,동천,동천3,범일교,2010,11,동천,B,3400.0,1,0
201011,215,7.1,1.7,4.0,,3.3,7.5,0.033,7900.0,3300.0,11.0,315.0,0.0,,,,,,,0.149,1.11,2.425,2.523,0.026,0.029,,2.6,,1,수영강,29,온천천,온천천1(태광산업),태광산업 앞,2010,11,온천천,A,3300.0,1,0
201011,216,7.3,2.0,4.2,,6.2,6.7,0.046,33000.0,7900.0,8.0,360.0,0.0,,,,,,,0.212,1.118,2.561,2.622,0.026,0.031,,1.9,,1,수영강,29,온천천,온천천2(연안교),연안교,2010,11,온천천,A,7900.0,1,0
201011,327,6.9,0.9,1.8,,1.7,8.7,0.016,130.0,49.0,9.0,159.0,0.0,0.0,0.0,0.0,0.0,0.0,0.0,0.078,0.975,1.216,1.227,0.009,0.01,0.1,1.3,,1,수영강,29,온천천,온천천(청룡),청룡2호교,2010,11,온천천,A,49.0,0,0
201011,328,7.2,1.3,,,15.3,7.2,0.033,13000.0,140.0,10.0,230.0,0.0,0.0,0.0,0.0,0.0,0.0,0.0,0.148,1.11,2.425,2.523,0.026,0.029,0.1,2.7,,1,수영강,29,온천천,온천천(온천),온천교,2010,11,온천천,A,140.0,0,0
201012,206,7.7,3.0,3.6,,1.3,10.1,0.095,1300.0,790.0,12.0,48280.0,0.0,0.0,0.0,0.0,0.0,0.0,0.0,0.962,0.015,1.445,1.58,0.077,0.092,0.0,0.3,,2,중부산,3,동천,동천1,광무교,2010,12,동천,B,790.0,0,0
201012,207,7.6,3.7,4.7,,5.9,4.2,0.152,11000.0,3300.0,12.0,46500.0,0.0,0.0,0.0,0.0,0.0,0.0,0.0,1.596,0.586,2.241,2.282,0.083,0.132,0.0,1.1,,2,중부산,3,동천,동천2,범4호교,2010,12,동천,B,3300.0,1,0
201012,208,7.7,4.0,4.6,,3.3,8.1,0.205,24000.0,4900.0,12.0,46450.0,0.0,0.0,0.0,0.0,0.0,0.0,0.0,1.567,0.792,2.448,2.512,0.002,0.14,0.0,1.1,,2,중부산,3,동천,동천3,범일교,2010,12,동천,B,4900.0,1,0
201012,215,7.7,2.6,2.6,,9.9,14.2,0.045,33000.0,23000.0,7.0,425.0,0.0,0.0,0.0,0.0,0.0,0.0,0.0,0.066,2.445,0.365,3.455,0.019,0.025,0.0,11.4,,1,수영강,29,온천천,온천천1(태광산업),태광산업 앞,2010,12,온천천,A,23000.0,1,0
201012,216,7.5,3.9,6.8,,5.4,14.1,0.064,13000.0,1300.0,5.0,4282.0,0.0,0.0,0.0,0.0,0.0,0.0,0.0,0.301,2.411,3.258,3.328,0.028,0.033,0.0,26.6,,1,수영강,29,온천천,온천천2(연안교),연안교,2010,12,온천천,A,1300.0,1,0
201012,327,7.9,1.9,2.8,,6.1,13.6,0.038,220.0,,6.0,347.0,,,,,,,,,,,2.753,,,,,,1,수영강,29,온천천,온천천(청룡),청룡2호교,2010,12,온천천,A,220.0,0,0
201012,328,7.7,2.6,,,9.9,14.2,0.045,33000.0,,7.0,425.0,,,,,,,,,,,3.455,,,,,,1,수영강,29,온천천,온천천(온천),온천교,2010,12,온천천,A,33000.0,1,0
201101,206,7.5,2.5,2.9,,2.4,11.1,0.127,9200.0,470.0,5.0,50130.0,0.0,,,,,,,1.244,0.29,1.891,1.913,0.11,0.119,,0.2,,2,중부산,3,동천,동천1,광무교,2011,1,동천,B,470.0,0,0
201101,207,7.5,3.8,4.4,,5.1,9.2,0.161,13000.0,2420.0,4.0,48800.0,0.0,,,,,,,1.337,0.33,1.952,2.149,0.135,0.146,,0.0,,2,중부산,3,동천,동천2,범4호교,2011,1,동천,B,2420.0,1,0
201101,208,7.5,2.7,3.1,,2.5,6.9,0.106,3500.0,400.0,4.0,50200.0,0.0,,,,,,,1.21,0.283,1.677,1.769,0.052,0.059,,0.0,,2,중부산,3,동천,동천3,범일교,2011,1,동천,B,400.0,0,0
201101,215,7.1,3.4,5.0,,20.0,9.4,0.089,170000.0,49000.0,2.0,463.0,0.0,,,,,,,0.225,2.797,3.957,4.054,0.026,0.034,,35.7,,1,수영강,29,온천천,온천천1(태광산업),태광산업 앞,2011,1,온천천,A,49000.0,1,0
201101,216,6.9,10.4,8.6,,16.0,9.7,0.216,7000.0,1400.0,1.0,3001.0,0.0,,,,,,,0.319,2.797,4.256,4.814,0.024,0.091,,115.5,,1,수영강,29,온천천,온천천2(연안교),연안교,2011,1,온천천,A,1400.0,1,0
201101,327,7.4,2.2,4.4,,16.7,12.6,0.088,9.0,,1.0,387.0,,,,,,,,,,,3.564,,,,,,1,수영강,29,온천천,온천천(청룡),청룡2호교,2011,1,온천천,A,9.0,0,0
201101,328,7.2,2.8,,,16.0,9.6,0.078,13000.0,,0.0,429.0,,,,,,,,,,,4.152,,,,,,1,수영강,29,온천천,온천천(온천),온천교,2011,1,온천천,A,13000.0,1,0
201102,206,7.3,3.5,3.9,,2.7,11.0,0.09,49000.0,33000.0,7.0,48870.0,0.0,,,,,,,0.783,0.324,1.205,1.225,0.084,0.088,,0.3,,2,중부산,3,동천,동천1,광무교,2011,2,동천,B,33000.0,1,0
201102,207,7.3,3.8,4.2,,2.1,6.7,0.092,2400.0,1300.0,7.0,48630.0,0.0,,,,,,,0.802,0.273,1.124,1.234,0.08,0.083,,0.7,,2,중부산,3,동천,동천2,범4호교,2011,2,동천,B,1300.0,1,0
201102,208,7.1,3.2,4.3,,4.0,5.1,0.077,33000.0,3300.0,6.0,49590.0,0.0,,,,,,,0.856,0.142,1.036,1.069,0.051,0.055,,0.1,,2,중부산,3,동천,동천3,범일교,2011,2,동천,B,3300.0,1,0
201601,215,8.6,2.8,5.8,,2.5,11.0,0.039,1400.0,1100.0,6.4,282.0,0.0,,,,,,,0.027,1.816,2.39,2.456,0.018,0.026,,3.4,,1,수영강,29,온천천,온천천1(태광산업),태광산업 앞,2016,1,온천천,A,1100.0,1,0
201601,216,6.9,2.6,4.8,,4.9,10.6,0.107,1700.0,790.0,4.7,8668.0,0.0,,,,,,,0.182,2.049,2.655,2.841,0.079,0.081,,1.2,,1,수영강,29,온천천,온천천2(연안교),연안교,2016,1,온천천,A,790.0,0,0
201601,312,7.5,5.3,3.2,2.0,10.6,3.0,0.2,2600.0,,7.0,39954.0,,,,,,,,,,,2.638,,,,,,2,중부산,3,동천,동천2-1,범3호교(성서교),2016,1,동천,B,2600.0,1,0
201601,327,8.7,0.9,2.0,0.5,0.3,11.4,0.016,240.0,,3.4,87.0,,,,,,,,,,,1.171,,,,,,1,수영강,29,온천천,온천천(청룡),청룡2호교,2016,1,온천천,A,240.0,0,0
201601,328,8.4,2.6,5.6,2.4,4.2,11.6,0.052,2200.0,,5.0,287.0,,,,,,,,,,,2.598,,,,,,1,수영강,29,온천천,온천천(온천),온천교,2016,1,온천천,A,2200.0,1,0
201602,206,7.6,1.8,2.0,,7.2,7.3,0.086,13000.0,3400.0,9.0,38882.0,0.0,0.0,0.0,0.0,0.0,0.0,0.0,0.383,0.4421,1.364,1.549,0.08,0.083,,0.7,,2,중부산,3,동천,동천1,광무교,2016,2,동천,B,3400.0,1,0
201602,207,7.3,11.3,8.0,,6.0,0.7,0.362,170000.0,70000.0,8.1,36569.0,0.0,0.0,0.0,0.0,0.0,0.0,0.0,2.023,0.0004,2.793,3.246,0.198,0.274,,0.7,,2,중부산,3,동천,동천2,범4호교,2016,2,동천,B,70000.0,1,1
201602,208,7.5,3.5,2.4,,7.3,3.5,0.125,13000.0,4900.0,9.3,39386.0,0.0,0.0,0.0,0.0,0.0,0.0,0.0,0.775,0.0649,1.357,1.367,0.085,0.12,,1.1,,2,중부산,3,동천,동천3,범일교,2016,2,동천,B,4900.0,1,0
201602,215,8.7,2.4,6.4,,2.3,11.4,0.05,220000.0,140000.0,7.9,348.0,0.0,0.0,0.0,0.0,0.0,0.0,0.0,0.255,2.6316,3.51,3.646,0.035,0.048,0.0,3.7,,1,수영강,29,온천천,온천천1(태광산업),태광산업 앞,2016,2,온천천,A,140000.0,1,0
201602,301,,,,,,,,,,,,,,,,,,,,,,,,,,,,4,낙동강,22,괴정천,괴정천,하단초등학교 뒤,2016,2,괴정천,B,,0,0
201602,312,7.3,5.2,5.2,,6.6,0.9,0.191,7000.0,,8.9,37665.0,,,,,,,,,,,2.012,,,,,,2,중부산,3,동천,동천2-1,범3호교(성서교),2016,2,동천,B,7000.0,1,1
201602,327,8.4,1.2,5.6,,2.7,11.4,0.032,400.0,,4.7,353.0,,,,,,,,,,,3.309,,,,,,1,수영강,29,온천천,온천천(청룡),청룡2호교,2016,2,온천천,A,400.0,0,0
201602,328,8.7,2.0,6.2,,3.2,11.6,0.041,46000.0,,6.7,373.0,,,,,,,,,,,3.552,,,,,,1,수영강,29,온천천,온천천(온천),온천교,2016,2,온천천,A,46000.0,1,0
201603,206,7.8,1.7,3.6,,6.8,8.8,0.084,20000.0,2600.0,10.2,48860.0,0.0,0.0,0.0,0.0,0.0,0.0,0.0,0.206,0.4794,0.831,0.906,0.067,0.07,,0.6,0.0,2,중부산,3,동천,동천1,광무교,2016,3,동천,B,2600.0,1,0
201603,207,7.6,10.5,8.0,,11.2,1.0,0.298,120000.0,41000.0,10.3,37864.0,0.0,0.0,0.0,0.0,0.0,0.0,0.0,1.902,0.0229,2.559,3.143,0.212,0.224,,0.3,0.0,2,중부산,3,동천,동천2,범4호교,2016,3,동천,B,41000.0,1,1
201603,208,7.6,5.8,4.8,,8.2,2.2,0.164,39000.0,24000.0,10.6,44476.0,0.0,0.0,0.0,0.0,0.0,0.0,0.0,1.122,0.089,1.715,2.011,0.13,0.142,,0.8,0.0,2,중부산,3,동천,동천3,범일교,2016,3,동천,B,24000.0,1,1
201603,215,8.1,2.2,5.3,,7.0,11.9,0.08,220000.0,27000.0,11.0,318.0,0.0,0.0,0.0,0.0,0.0,0.0,0.0,0.322,2.0917,3.567,3.643,0.077,0.079,0.0,1.7,0.0,1,수영강,29,온천천,온천천1(태광산업),태광산업 앞,2016,3,온천천,A,27000.0,1,0
201603,216,7.9,3.8,2.8,,6.4,8.4,0.15,540000.0,33000.0,8.4,1206.0,0.0,0.0,0.0,0.0,0.0,0.0,0.0,0.809,1.8081,3.679,3.849,0.16,0.149,0.0,1.1,0.0,1,수영강,29,온천천,온천천2(연안교),연안교,2016,3,온천천,A,33000.0,1,0
201603,312,7.6,6.8,5.6,,9.0,1.0,0.219,1600000.0,,10.7,42913.0,,,,,,,,,,,2.316,,,,,,2,중부산,3,동천,동천2-1,범3호교(성서교),2016,3,동천,B,1600000.0,1,1
201603,327,8.2,1.3,4.2,,9.4,12.5,0.04,2300.0,,8.4,286.0,,,,,,,,,,,3.052,,,,,,1,수영강,29,온천천,온천천(청룡),청룡2호교,2016,3,온천천,A,2300.0,1,0
201603,328,7.8,2.1,4.2,,4.8,11.4,0.079,130000.0,,9.5,355.0,,,,,,,,,,,3.767,,,,,,1,수영강,29,온천천,온천천(온천),온천교,2016,3,온천천,A,130000.0,1,0
201604,206,7.8,2.2,2.8,,4.2,5.7,0.178,94000.0,2100.0,13.3,43134.0,0.0,,,,,,,1.169,0.411,2.192,2.254,0.155,0.166,,1.0,,2,중부산,3,동천,동천1,광무교,2016,4,동천,B,2100.0,1,0
201604,207,8.2,11.0,12.8,,8.0,0.6,0.372,1600000.0,33000.0,13.9,43818.0,0.0,,,,,,,2.239,0.039,2.892,3.221,0.243,0.292,,1.1,,2,중부산,3,동천,동천2,범4호교,2016,4,동천,B,33000.0,1,1
201604,208,7.6,4.1,3.6,,6.2,1.8,0.172,25000.0,1700.0,13.4,48838.0,0.0,,,,,,,0.914,0.002,1.201,1.431,0.122,0.123,,1.4,,2,중부산,3,동천,동천3,범일교,2016,4,동천,B,1700.0,1,1
201604,215,8.0,1.9,3.9,,4.2,10.6,0.07,24000.0,15000.0,12.1,261.0,0.0,,,,,,,0.205,1.626,3.026,3.095,0.066,0.067,,3.9,,1,수영강,29,온천천,온천천1(태광산업),태광산업 앞,2016,4,온천천,A,15000.0,1,0
201604,216,7.5,4.1,7.6,,4.6,7.7,0.164,48000.0,35000.0,13.4,2660.0,0.0,,,,,,,0.565,1.647,3.689,4.102,0.078,0.081,,5.5,,1,수영강,29,온천천,온천천2(연안교),연안교,2016,4,온천천,A,35000.0,1,0
201604,312,8.0,6.5,5.6,,7.8,1.2,0.237,24000.0,,13.6,47379.0,,,,,,,,,,,1.938,,,,,,2,중부산,3,동천,동천2-1,범3호교(성서교),2016,4,동천,B,24000.0,1,1
201604,327,8.0,0.9,0.7,,1.0,11.2,0.042,1300.0,,10.0,66.0,,,,,,,,,,,1.086,,,,,,1,수영강,29,온천천,온천천(청룡),청룡2호교,2016,4,온천천,A,1300.0,1,0
201604,328,7.8,1.9,3.7,,2.2,10.3,0.067,4700.0,,11.4,264.0,,,,,,,,,,,3.178,,,,,,1,수영강,29,온천천,온천천(온천),온천교,2016,4,온천천,A,4700.0,1,0
201605,215,8.1,1.8,4.0,2.1,4.4,9.8,0.054,9000.0,7000.0,18.8,262.0,0.0,,,,,,,0.15,2.328,2.62,2.682,0.049,0.053,,2.9,,1,수영강,29,온천천,온천천1(태광산업),태광산업 앞,2016,5,온천천,A,7000.0,1,0
201605,216,7.2,3.1,3.8,2.1,5.2,5.8,0.116,10000.0,400.0,17.3,313.0,0.0,,,,,,,0.452,2.062,3.105,3.185,0.092,0.1,,0.7,,1,수영강,29,온천천,온천천2(연안교),연안교,2016,5,온천천,A,400.0,0,0
201605,327,7.8,1.1,2.6,1.2,1.0,10.4,0.054,800.0,0.0,16.4,160.0,0.0,,,,,,,0.095,1.269,1.65,1.858,0.017,0.041,,2.8,,1,수영강,29,온천천,온천천(청룡),청룡2호교,2016,5,온천천,A,0.0,0,0
201605,328,7.9,1.5,3.2,2.0,2.2,9.2,0.083,4700.0,700.0,19.8,266.0,0.0,,,,,,,0.087,2.463,2.867,2.915,0.051,0.082,,1.1,,1,수영강,29,온천천,온천천(온천),온천교,2016,5,온천천,A,700.0,0,0
201605,329,7.3,1.8,2.8,1.7,4.5,7.6,0.073,17000.0,700.0,18.5,351.0,0.0,,,,,,,0.306,2.703,3.608,3.731,0.064,0.069,,1.7,,1,수영강,29,온천천,온천천(세병),세병교,2016,5,온천천,A,700.0,0,0
201606,215,8.4,2.8,5.6,2.9,4.0,8.0,0.069,920000.0,110000.0,24.8,258.0,0.0,0.0,0.0,0.0,0.0,0.0,0.0,0.278,1.523,2.131,2.226,0.075,0.061,0.0,0.2,0.0,1,수영강,29,온천천,온천천1(태광산업),태광산업 앞,2016,6,온천천,A,110000.0,1,0
201606,216,7.2,4.2,6.0,2.3,7.0,5.1,0.196,170000.0,3300.0,21.3,1537.0,0.0,0.0,0.0,0.0,0.0,0.0,0.0,0.378,1.975,2.651,2.816,0.16,0.164,0.0,1.0,0.0,1,수영강,29,온천천,온천천2(연안교),연안교,2016,6,온천천,A,3300.0,1,0
201703,312,7.3,9.4,6.8,3.0,3.2,0.8,0.385,12000.0,9400.0,8.9,44247.0,0.0,0.0,,,0.0,0.0,0.0,2.622,0.001,3.043,3.38,0.284,0.301,,1.0,0.0,2,중부산,3,동천,동천2-1,범3호교(성서교),2017,3,동천,B,9400.0,1,1
201703,327,8.1,1.9,3.8,2.2,3.2,12.8,0.05,490.0,460.0,6.5,300.0,0.0,0.0,,,0.0,0.0,0.0,0.011,2.096,2.41,2.705,0.01,0.011,0.0,4.8,0.0,1,수영강,29,온천천,온천천(청룡),청룡2호교,2017,3,온천천,A,460.0,0,0
201703,328,8.4,2.2,4.8,2.7,2.0,12.8,0.067,22000.0,4900.0,6.7,312.0,0.0,0.0,,,0.0,0.0,0.0,0.141,2.508,3.227,3.293,0.047,0.063,0.0,5.4,0.0,1,수영강,29,온천천,온천천(온천),온천교,2017,3,온천천,A,4900.0,1,0
201703,329,8.1,2.2,4.2,2.6,3.2,12.3,0.069,160000.0,54000.0,4.3,390.0,0.0,0.0,,,0.0,0.0,0.0,0.206,2.715,3.428,3.478,0.04,0.042,0.0,6.6,0.0,1,수영강,29,온천천,온천천(세병),세병교,2017,3,온천천,A,54000.0,1,0
201704,206,8.0,5.0,2.8,2.0,5.2,7.6,0.206,1600000.0,24000.0,15.1,45990.0,0.0,,,,,,,1.482,0.092,1.923,2.046,0.149,0.159,,2.9,,2,중부산,3,동천,동천1,광무교,2017,4,동천,B,24000.0,1,0
201704,207,7.8,4.9,6.4,2.5,4.8,3.9,0.312,14000.0,12000.0,15.2,46830.0,0.0,,,,,,,2.086,0.028,2.389,2.793,0.222,0.226,,2.9,,2,중부산,3,동천,동천2,범4호교,2017,4,동천,B,12000.0,1,0
201704,208,7.9,3.9,2.8,2.0,4.2,4.6,0.224,25000.0,10000.0,14.9,48450.0,0.0,,,,,,,0.672,0.123,1.635,1.889,0.149,0.162,,1.2,,2,중부산,3,동천,동천3,범일교,2017,4,동천,B,10000.0,1,0
201704,215,8.1,3.3,5.8,2.8,3.8,9.8,0.088,220000.0,54000.0,16.5,400.0,0.0,,,,,,,0.384,2.743,3.211,3.453,0.059,0.066,,2.0,,1,수영강,29,온천천,온천천1(태광산업),태광산업 앞,2017,4,온천천,A,54000.0,1,0
201704,216,7.2,3.3,5.8,2.7,3.6,9.2,0.116,540000.0,70000.0,13.5,748.0,0.0,,,,,,,0.328,2.73,3.158,3.281,0.062,0.107,,7.1,,1,수영강,29,온천천,온천천2(연안교),연안교,2017,4,온천천,A,70000.0,1,0
201704,312,7.9,5.5,3.2,2.4,5.0,3.2,0.271,24000.0,10000.0,15.4,47890.0,0.0,,,,,,,1.726,0.042,2.089,2.293,0.192,0.21,,1.1,,2,중부산,3,동천,동천2-1,범3호교(성서교),2017,4,동천,B,10000.0,1,0
201704,327,8.5,1.5,4.2,2.3,2.8,10.2,0.043,700.0,130.0,13.0,356.0,0.0,,,,,,,0.015,2.531,2.692,2.774,0.022,0.023,,0.9,,1,수영강,29,온천천,온천천(청룡),청룡2호교,2017,4,온천천,A,130.0,0,0
201704,328,7.8,2.4,5.2,2.6,3.4,9.5,0.073,24000.0,11000.0,14.8,390.0,0.0,,,,,,,0.162,2.899,3.105,3.212,0.055,0.064,,1.8,,1,수영강,29,온천천,온천천(온천),온천교,2017,4,온천천,A,11000.0,1,0
201704,329,7.0,3.1,4.6,2.6,2.4,9.8,0.087,1600000.0,4800.0,12.2,427.0,0.0,,,,,,,0.226,2.905,3.239,3.243,0.047,0.058,,2.5,,1,수영강,29,온천천,온천천(세병),세병교,2017,4,온천천,A,4800.0,1,0
201705,206,8.0,4.2,3.2,1.8,5.8,9.1,0.136,700000.0,460000.0,15.1,44973.0,0.0,,,,,,,1.136,0.047,1.476,1.651,0.101,0.127,,7.8,,2,중부산,3,동천,동천1,광무교,2017,5,동천,B,460000.0,1,0
201705,207,7.3,10.0,12.8,2.5,4.0,0.5,0.341,21000.0,14000.0,18.9,43513.0,0.0,,,,,,,2.816,0.005,3.255,3.616,0.312,0.329,,11.4,,2,중부산,3,동천,동천2,범4호교,2017,5,동천,B,14000.0,1,1
201705,208,7.3,4.9,3.6,2.1,6.2,0.8,0.224,24000.0,7000.0,20.6,45295.0,0.0,,,,,,,0.83,0.028,2.003,2.248,0.208,0.212,,5.0,,2,중부산,3,동천,동천3,범일교,2017,5,동천,B,7000.0,1,1
201705,215,8.3,1.2,5.0,2.8,3.4,8.9,0.082,35000.0,7900.0,22.2,369.0,0.0,,,,,,,0.238,2.306,2.914,2.983,0.068,0.078,,2.4,,1,수영강,29,온천천,온천천1(태광산업),태광산업 앞,2017,5,온천천,A,7900.0,1,0
201705,216,7.6,1.2,4.4,2.5,3.2,7.4,0.105,1700.0,1300.0,18.4,402.0,0.0,,,,,,,0.202,2.589,3.121,3.146,0.1,0.102,,1.8,,1,수영강,29,온천천,온천천2(연안교),연안교,2017,5,온천천,A,1300.0,1,0
201705,312,7.3,5.2,9.2,2.3,5.6,0.8,0.313,140000.0,17000.0,20.6,43864.0,0.0,,,,,,,2.494,0.006,2.886,3.243,0.284,0.306,,3.3,,2,중부산,3,동천,동천2-1,범3호교(성서교),2017,5,동천,B,17000.0,1,1
201705,327,8.3,0.6,1.4,1.1,0.9,10.7,0.022,340.0,170.0,17.2,107.0,0.0,,,,,,,0.011,0.98,1.023,1.066,0.009,0.01,,1.1,,1,수영강,29,온천천,온천천(청룡),청룡2호교,2017,5,온천천,A,170.0,0,0
201705,328,8.2,1.1,4.6,2.7,3.6,9.5,0.075,31000.0,3400.0,19.8,364.0,0.0,,,,,,,0.055,2.298,2.869,2.922,0.043,0.05,,2.5,,1,수영강,29,온천천,온천천(온천),온천교,2017,5,온천천,A,3400.0,1,0
201705,329,7.9,1.5,4.4,2.5,4.8,10.0,0.115,13000.0,12000.0,19.6,370.0,0.0,,,,,,,0.084,2.432,2.812,2.912,0.094,0.105,,3.9,,1,수영강,29,온천천,온천천(세병),세병교,2017,5,온천천,A,12000.0,1,0
201706,206,7.7,4.6,4.8,1.7,4.8,7.7,0.163,3400.0,2500.0,17.3,46203.0,0.0,0.0,,,0.0,0.0,0.0,1.43,0.075,1.826,1.91,0.058,0.14,,3.5,0.0,2,중부산,3,동천,동천1,광무교,2017,6,동천,B,2500.0,1,0
201706,207,7.4,5.0,5.2,2.5,4.6,1.3,0.256,43000.0,21000.0,20.9,45325.0,0.0,0.0,,,0.0,0.0,0.0,2.286,0.014,2.5,2.843,0.089,0.213,,2.5,0.0,2,중부산,3,동천,동천2,범4호교,2017,6,동천,B,21000.0,1,1
201706,208,7.5,2.8,3.6,2.1,7.0,3.7,0.156,2200.0,1700.0,19.6,47465.0,0.0,0.0,,,0.0,0.0,0.0,1.396,0.059,1.509,1.799,0.059,0.125,,11.9,0.0,2,중부산,3,동천,동천3,범일교,2017,6,동천,B,1700.0,1,0
201706,215,9.1,3.1,6.2,3.2,4.0,9.3,0.142,160000.0,22000.0,25.7,376.0,0.0,0.0,,,0.0,0.0,0.0,0.35,1.616,2.48,2.576,0.037,0.136,0.0,2.9,0.0,1,수영강,29,온천천,온천천1(태광산업),태광산업 앞,2017,6,온천천,A,22000.0,1,0
201706,216,7.5,3.6,5.4,2.5,4.8,6.7,0.142,22000.0,2200.0,20.9,590.0,0.0,0.0,,,0.0,0.0,0.0,0.295,2.024,2.477,2.682,0.056,0.115,0.0,33.4,0.0,1,수영강,29,온천천,온천천2(연안교),연안교,2017,6,온천천,A,2200.0,1,0
201706,312,7.3,4.2,5.2,2.3,6.4,1.7,0.235,7900.0,2700.0,20.5,46141.0,0.0,0.0,,,0.0,0.0,0.0,1.942,0.02,2.074,2.499,0.077,0.191,,9.4,0.0,2,중부산,3,동천,동천2-1,범3호교(성서교),2017,6,동천,B,2700.0,1,1
201706,327,9.0,1.3,4.6,2.3,2.8,8.5,0.068,25.0,17.0,23.0,279.0,0.0,0.0,,,0.0,0.0,0.0,0.051,1.583,1.871,2.035,0.015,0.03,0.0,2.1,0.0,1,수영강,29,온천천,온천천(청룡),청룡2호교,2017,6,온천천,A,17.0,0,0
201706,328,8.4,1.2,5.6,2.6,13.0,8.6,0.093,9200.0,3500.0,24.0,337.0,0.0,0.0,,,0.0,0.0,0.0,0.066,1.604,1.825,1.923,0.027,0.071,0.0,2.8,0.0,1,수영강,29,온천천,온천천(온천),온천교,2017,6,온천천,A,3500.0,1,0
201706,329,7.4,1.3,4.6,2.3,5.4,7.8,0.111,250.0,150.0,21.3,392.0,0.0,0.0,,,0.0,0.0,0.0,0.009,1.801,1.948,2.058,0.036,0.098,0.0,4.1,0.0,1,수영강,29,온천천,온천천(세병),세병교,2017,6,온천천,A,150.0,0,0
201707,206,7.6,4.0,2.8,2.0,4.2,7.8,0.211,110000.0,23000.0,18.7,47320.0,0.0,,,,,,,1.257,0.094,1.59,1.684,0.168,0.171,,2.8,,2,중부산,3,동천,동천1,광무교,2017,7,동천,B,23000.0,1,0
201707,207,7.4,7.4,14.0,3.6,3.0,0.5,0.585,110000.0,70000.0,24.7,41445.0,0.0,,,,,,,3.478,0.001,3.799,4.286,0.454,0.483,,13.0,,2,중부산,3,동천,동천2,범4호교,2017,7,동천,B,70000.0,1,1
201707,208,7.6,3.5,4.0,2.1,4.8,1.1,0.274,28000.0,22000.0,21.0,47504.0,0.0,,,,,,,1.406,0.006,1.933,2.036,0.195,0.204,,6.3,,2,중부산,3,동천,동천3,범일교,2017,7,동천,B,22000.0,1,1
201707,215,8.0,2.8,7.2,3.9,4.2,7.3,0.192,7900.0,4900.0,31.1,425.0,0.0,,,,,,,0.162,1.32,2.234,2.349,0.16,0.167,,4.3,,1,수영강,29,온천천,온천천1(태광산업),태광산업 앞,2017,7,온천천,A,4900.0,1,0
201707,216,7.2,3.8,6.0,3.4,7.8,3.6,0.275,17000.0,2200.0,26.5,10783.0,0.0,,,,,,,0.719,1.059,2.177,2.4,0.212,0.223,,20.9,,1,수영강,29,온천천,온천천2(연안교),연안교,2017,7,온천천,A,2200.0,1,0
201707,312,7.5,5.5,12.0,3.3,3.4,1.2,0.471,33000.0,17000.0,24.6,43417.0,0.0,,,,,,,2.692,0.003,3.144,3.376,0.375,0.38,,8.6,,2,중부산,3,동천,동천2-1,범3호교(성서교),2017,7,동천,B,17000.0,1,1
201707,327,7.6,2.0,5.0,3.4,5.0,7.8,0.115,2800.0,470.0,27.3,384.0,0.0,,,,,,,0.111,1.319,1.792,1.964,0.077,0.089,,3.3,,1,수영강,29,온천천,온천천(청룡),청룡2호교,2017,7,온천천,A,470.0,0,0
201707,328,7.7,2.2,5.2,3.3,5.4,7.6,0.192,24000.0,4900.0,28.2,442.0,0.0,,,,,,,0.065,1.34,1.903,2.024,0.163,0.175,,3.8,,1,수영강,29,온천천,온천천(온천),온천교,2017,7,온천천,A,4900.0,1,0
201707,329,7.1,2.5,5.4,3.1,6.2,6.0,0.236,14000.0,1100.0,26.3,476.0,0.0,,,,,,,0.187,1.784,2.198,2.478,0.198,0.211,,2.3,,1,수영강,29,온천천,온천천(세병),세병교,2017,7,온천천,A,1100.0,1,0
201708,206,7.8,3.2,2.8,2.3,3.7,6.1,0.138,240000.0,240000.0,24.2,46490.0,0.0,,,,,,,1.292,0.056,1.623,1.681,0.092,0.1,,1.2,,2,중부산,3,동천,동천1,광무교,2017,8,동천,B,240000.0,1,0
201708,207,7.6,37.7,18.8,7.2,158.8,2.5,0.413,17000.0,17000.0,25.9,45868.0,0.0,,,,,,,1.636,0.003,2.077,4.324,0.174,0.182,,562.6,,2,중부산,3,동천,동천2,범4호교,2017,8,동천,B,17000.0,1,1
201708,208,7.5,7.4,6.0,3.2,6.7,0.8,0.274,17000.0,7800.0,25.3,47268.0,0.0,,,,,,,1.251,0.002,1.779,2.389,0.179,0.246,,27.2,,2,중부산,3,동천,동천3,범일교,2017,8,동천,B,7800.0,1,1
201708,215,8.1,4.3,6.0,4.0,7.8,7.7,0.252,13000.0,4900.0,31.7,330.0,0.0,,,,,,,0.713,0.731,3.13,3.158,0.202,0.219,,5.4,,1,수영강,29,온천천,온천천1(태광산업),태광산업 앞,2017,8,온천천,A,4900.0,1,0
201708,216,8.6,6.4,10.8,3.6,26.9,15.8,0.164,7900.0,930.0,30.5,7968.0,0.0,,,,,,,0.007,0.846,1.352,2.17,0.008,0.015,,165.0,,1,수영강,29,온천천,온천천2(연안교),연안교,2017,8,온천천,A,930.0,0,0
201708,312,7.8,90.0,64.0,14.4,264.7,7.9,0.878,33000.0,17000.0,26.3,46277.0,0.0,,,,,,,1.228,0.021,5.423,8.889,0.138,0.491,,1563.8,,2,중부산,3,동천,동천2-1,범3호교(성서교),2017,8,동천,B,17000.0,1,0
201708,327,7.5,1.0,4.4,3.0,8.2,8.1,0.058,1100.0,210.0,27.3,258.0,0.0,,,,,,,0.012,1.677,2.041,2.135,0.035,0.037,,5.1,,1,수영강,29,온천천,온천천(청룡),청룡2호교,2017,8,온천천,A,210.0,0,0
201708,328,7.7,1.2,4.6,3.1,5.4,7.3,0.13,7900.0,4900.0,29.8,316.0,0.0,,,,,,,0.02,1.495,1.915,1.946,0.103,0.115,,2.6,,1,수영강,29,온천천,온천천(온천),온천교,2017,8,온천천,A,4900.0,1,0
201708,329,7.3,1.5,5.0,2.9,9.8,6.3,0.119,11000.0,3300.0,30.8,368.0,0.0,,,,,,,0.177,1.765,2.114,2.463,0.091,0.095,,2.8,,1,수영강,29,온천천,온천천(세병),세병교,2017,8,온천천,A,3300.0,1,0
201111,312,6.9,8.4,7.5,,3.6,2.2,0.226,7900.0,33.0,13.9,45590.0,0.0,0.0,0.0,0.0,0.0,0.0,0.0,1.606,0.0237,2.029,2.151,0.185,0.2,,0.7,,2,중부산,3,동천,동천2-1,범3호교(성서교),2011,11,동천,B,33.0,0,1
201111,327,7.5,1.0,3.2,,5.2,8.1,0.085,49.0,11.0,15.1,269.0,0.0,0.0,0.0,0.0,0.0,0.0,0.0,0.188,1.1269,3.034,3.257,0.075,0.08,0.1,0.3,,1,수영강,29,온천천,온천천(청룡),청룡2호교,2011,11,온천천,A,11.0,0,0
201111,328,7.7,1.4,3.4,,18.8,9.1,0.078,3500.0,790.0,13.0,247.0,0.0,0.0,0.0,0.0,0.0,0.0,0.0,0.05,1.1012,2.728,2.859,0.052,0.055,0.1,0.4,,1,수영강,29,온천천,온천천(온천),온천교,2011,11,온천천,A,790.0,0,0
201201,206,7.6,2.0,4.2,,4.7,13.6,0.213,17000.0,15000.0,0.2,24420.0,0.0,,,,,,,1.159,3.768,5.895,5.909,0.171,0.188,,1.6,,2,중부산,3,동천,동천1,광무교,2012,1,동천,B,15000.0,1,0
201201,207,7.5,3.0,4.2,,4.1,8.1,0.081,3300.0,350.0,3.2,43320.0,0.0,,,,,,,0.876,0.381,1.575,1.621,0.068,0.074,,2.5,,2,중부산,3,동천,동천2,범4호교,2012,1,동천,B,350.0,0,0
201201,208,7.6,2.2,3.9,,2.7,7.1,0.075,110000.0,46000.0,5.0,44400.0,0.0,,,,,,,0.864,0.254,1.337,1.361,0.054,0.064,,1.2,,2,중부산,3,동천,동천3,범일교,2012,1,동천,B,46000.0,1,0
201201,215,8.4,4.5,8.2,,35.5,14.1,0.097,54000.0,54000.0,3.6,320.0,0.0,,,,,,,0.096,1.784,2.552,2.737,0.014,0.02,,83.6,,1,수영강,29,온천천,온천천1(태광산업),태광산업 앞,2012,1,온천천,A,54000.0,1,0
201201,216,8.1,9.2,9.0,,55.0,13.9,0.197,3300.0,3300.0,3.1,2248.0,0.0,,,,,,,0.2,1.753,2.957,3.609,0.025,0.048,,133.8,,1,수영강,29,온천천,온천천2(연안교),연안교,2012,1,온천천,A,3300.0,1,0
201201,312,7.6,2.1,4.1,,4.1,7.9,0.072,700.0,0.0,3.6,43800.0,,,,,,,,0.0,0.0,0.0,1.614,0.0,0.0,,0.0,,2,중부산,3,동천,동천2-1,범3호교(성서교),2012,1,동천,B,0.0,0,0
201201,327,8.4,4.0,7.2,,13.3,16.0,0.072,1300.0,0.0,1.7,299.0,,,,,,,,0.0,0.0,0.0,2.913,0.0,0.0,,0.0,,1,수영강,29,온천천,온천천(청룡),청룡2호교,2012,1,온천천,A,0.0,0,0
201201,328,8.1,4.1,7.4,,16.0,16.0,0.071,11000.0,0.0,2.3,326.0,,,,,,,,0.0,0.0,0.0,2.924,0.0,0.0,,0.0,,1,수영강,29,온천천,온천천(온천),온천교,2012,1,온천천,A,0.0,0,0
201202,206,7.8,2.8,1.6,,8.4,10.2,0.057,4900.0,3300.0,6.4,47540.0,0.0,,,,,,,0.303,0.392,0.73,0.778,0.035,0.044,,2.3,,2,중부산,3,동천,동천1,광무교,2012,2,동천,B,3300.0,1,0
201202,207,6.9,4.1,2.8,,7.8,5.3,0.122,49000.0,1400.0,6.2,44090.0,0.0,,,,,,,1.434,0.17,1.661,1.759,0.063,0.076,,2.3,,2,중부산,3,동천,동천2,범4호교,2012,2,동천,B,1400.0,1,0
201202,208,7.3,4.8,3.6,,10.4,4.1,0.148,17000.0,7900.0,6.3,42740.0,0.0,,,,,,,2.342,0.224,2.599,2.67,0.072,0.103,,1.5,,2,중부산,3,동천,동천3,범일교,2012,2,동천,B,7900.0,1,0
201202,215,8.8,6.0,9.4,,49.0,15.7,0.094,35000.0,35000.0,2.4,209.0,0.0,,,,,,,0.116,1.925,2.799,3.17,0.003,0.041,,83.7,,1,수영강,29,온천천,온천천1(태광산업),태광산업 앞,2012,2,온천천,A,35000.0,1,0
201202,216,8.1,7.4,10.9,,60.0,14.6,0.116,4900.0,3500.0,4.8,1557.0,0.0,,,,,,,0.199,1.951,3.032,3.213,0.003,0.04,,115.7,,1,수영강,29,온천천,온천천2(연안교),연안교,2012,2,온천천,A,3500.0,1,0
201202,301,7.5,28.8,26.0,,27.3,6.0,1.85,46000000.0,,4.1,2370.0,,,,,,,,,,,24.5,,,,,,4,낙동강,22,괴정천,괴정천,하단초등학교 뒤,2012,2,괴정천,B,46000000.0,1,0
201202,312,7.2,6.0,3.6,3.1,8.3,5.5,0.127,33000.0,,6.2,42340.0,,,,,,,,,,,1.97,,,,,,2,중부산,3,동천,동천2-1,범3호교(성서교),2012,2,동천,B,33000.0,1,0
201202,327,7.5,0.3,1.6,0.9,0.3,15.7,0.009,140.0,,2.2,73.0,,,,,,,,,,,1.079,,,,,,1,수영강,29,온천천,온천천(청룡),청룡2호교,2012,2,온천천,A,140.0,0,0
201202,328,8.6,3.7,7.8,3.8,23.3,17.8,0.067,14000.0,,1.8,355.0,,,,,,,,,,,3.056,,,,,,1,수영강,29,온천천,온천천(온천),온천교,2012,2,온천천,A,14000.0,1,0
201203,206,7.9,0.9,2.4,,1.6,8.8,0.082,790.0,330.0,10.1,43740.0,0.0,0.0,0.0,0.0,0.0,0.0,0.0,0.218,0.745,1.134,1.209,0.028,0.068,,0.7,,2,중부산,3,동천,동천1,광무교,2012,3,동천,B,330.0,0,0
201203,207,7.6,2.3,4.1,,2.3,4.4,0.18,1700.0,700.0,7.8,42170.0,0.0,0.0,0.0,0.0,0.0,0.0,0.0,1.047,0.374,1.917,2.204,0.048,0.095,,0.8,,2,중부산,3,동천,동천2,범4호교,2012,3,동천,B,700.0,0,0
201203,208,7.9,2.8,2.7,,1.5,6.5,0.109,3300.0,2400.0,9.7,43040.0,0.0,0.0,0.0,0.0,0.0,0.0,0.0,0.59,0.243,1.462,1.616,0.039,0.086,,0.7,,2,중부산,3,동천,동천3,범일교,2012,3,동천,B,2400.0,1,0
201203,215,8.8,6.8,8.0,,15.0,15.6,0.075,14000.0,2800.0,6.3,306.0,0.0,0.0,0.0,0.0,0.0,0.0,0.0,0.145,1.811,3.142,3.396,0.003,0.018,0.0,83.4,,1,수영강,29,온천천,온천천1(태광산업),태광산업 앞,2012,3,온천천,A,2800.0,1,0
201203,216,8.6,22.3,20.4,,44.7,15.7,0.373,1100.0,790.0,8.0,7740.0,0.0,0.0,0.0,0.0,0.0,0.0,0.0,0.125,1.882,3.823,5.915,0.038,0.084,,426.1,,1,수영강,29,온천천,온천천2(연안교),연안교,2012,3,온천천,A,790.0,0,0
201112,206,6.6,1.8,3.8,,5.8,9.1,0.078,2200.0,120.0,10.4,50510.0,0.0,0.0,0.0,0.0,0.0,0.0,0.0,0.437,0.292,0.946,1.053,0.074,0.076,,2.0,,2,중부산,3,동천,동천1,광무교,2011,12,동천,B,120.0,0,0
201112,207,7.1,1.6,3.5,,2.6,7.4,0.1,1700.0,490.0,9.4,50030.0,0.0,0.0,0.0,0.0,0.0,0.0,0.0,0.762,0.242,1.366,1.392,0.076,0.086,,0.6,,2,중부산,3,동천,동천2,범4호교,2011,12,동천,B,490.0,0,0
201112,208,7.3,1.3,3.2,,3.0,6.3,0.088,1300.0,490.0,9.8,50760.0,0.0,0.0,0.0,0.0,0.0,0.0,0.0,0.946,0.132,1.279,1.359,0.061,0.069,,0.5,,2,중부산,3,동천,동천3,범일교,2011,12,동천,B,490.0,0,0
201112,215,7.7,2.1,5.0,,6.8,14.1,0.039,7900.0,7900.0,8.2,319.0,0.0,0.0,0.0,0.0,0.0,0.0,0.0,0.067,1.436,2.942,2.969,0.029,0.036,0.0,12.7,,1,수영강,29,온천천,온천천1(태광산업),태광산업 앞,2011,12,온천천,A,7900.0,1,0
201112,216,7.5,13.2,9.2,,50.0,13.4,0.147,22000.0,7000.0,7.4,4289.0,0.0,0.0,0.0,0.0,0.0,0.0,0.0,0.116,1.637,2.976,3.742,0.049,0.054,0.0,167.1,,1,수영강,29,온천천,온천천2(연안교),연안교,2011,12,온천천,A,7000.0,1,0
201112,312,7.1,1.4,3.6,,3.6,7.8,0.112,460.0,0.0,8.8,49770.0,,,,,,,,0.0,0.0,0.0,1.614,0.0,0.0,,0.0,,2,중부산,3,동천,동천2-1,범3호교(성서교),2011,12,동천,B,0.0,0,0
201112,327,7.9,0.8,1.6,,1.4,13.8,0.0,1100.0,0.0,4.8,70.0,,,,,,,,0.0,0.0,0.0,0.998,0.0,0.0,,0.0,,1,수영강,29,온천천,온천천(청룡),청룡2호교,2011,12,온천천,A,0.0,0,0
201112,328,8.4,1.8,3.8,,5.2,16.5,0.012,7900.0,0.0,6.3,280.0,,,,,,,,0.0,0.0,0.0,0.703,0.0,0.0,,0.0,,1,수영강,29,온천천,온천천(온천),온천교,2011,12,온천천,A,0.0,0,0
201203,312,7.5,3.1,3.4,,3.1,4.6,0.158,2400.0,0.0,8.3,42210.0,,,,,,,,0.0,0.0,0.0,2.379,0.0,0.0,,0.0,,2,중부산,3,동천,동천2-1,범3호교(성서교),2012,3,동천,B,0.0,0,0
201203,327,7.8,1.5,2.2,,0.8,13.5,0.015,170.0,0.0,5.4,59.0,,,,,,,,0.0,0.0,0.0,1.213,0.0,0.0,,0.0,,1,수영강,29,온천천,온천천(청룡),청룡2호교,2012,3,온천천,A,0.0,0,0
201203,328,9.1,5.2,7.8,,12.0,17.5,0.058,3500.0,0.0,6.1,349.0,,,,,,,,0.0,0.0,0.0,2.771,0.0,0.0,,0.0,,1,수영강,29,온천천,온천천(온천),온천교,2012,3,온천천,A,0.0,0,0
201204,206,7.8,2.2,3.7,,9.6,12.6,0.082,17000.0,4600.0,12.6,46500.0,0.0,,,,,,,0.408,0.402,0.922,1.185,0.06,0.065,,1.4,,2,중부산,3,동천,동천1,광무교,2012,4,동천,B,4600.0,1,0
201204,207,7.2,10.8,7.6,,17.5,0.8,0.251,7900.0,1700.0,14.0,44650.0,0.0,,,,,,,1.555,0.174,1.767,2.226,0.15,0.159,,0.5,,2,중부산,3,동천,동천2,범4호교,2012,4,동천,B,1700.0,1,1
201204,208,7.3,10.4,8.0,,16.9,0.5,0.288,13000.0,310.0,14.5,45550.0,0.0,,,,,,,1.735,0.27,2.063,2.405,0.194,0.223,,0.1,,2,중부산,3,동천,동천3,범일교,2012,4,동천,B,310.0,0,1
201204,215,9.3,2.7,5.0,,9.6,19.2,0.069,13000.0,4900.0,15.4,252.0,0.0,,,,,,,0.119,0.021,1.982,3.496,0.043,0.058,,20.5,,1,수영강,29,온천천,온천천1(태광산업),태광산업 앞,2012,4,온천천,A,4900.0,1,0
201204,216,7.6,3.2,6.6,,8.5,10.2,0.117,13000.0,790.0,15.5,315.0,0.0,,,,,,,0.954,0.064,2.336,3.221,0.11,0.11,,0.0,,1,수영강,29,온천천,온천천2(연안교),연안교,2012,4,온천천,A,790.0,0,0
201204,312,7.1,11.7,7.8,,18.0,0.8,0.274,4900.0,0.0,14.1,45090.0,,,,,,,,0.0,0.0,0.0,2.592,0.0,0.0,,0.0,,2,중부산,3,동천,동천2-1,범3호교(성서교),2012,4,동천,B,0.0,0,1
201204,327,7.8,2.9,4.8,,5.0,13.8,0.052,13000.0,0.0,13.5,252.0,,,,,,,,0.0,0.0,0.0,2.79,0.0,0.0,,0.0,,1,수영강,29,온천천,온천천(청룡),청룡2호교,2012,4,온천천,A,0.0,0,0
201204,328,9.1,2.3,5.0,,5.4,17.5,0.052,7900.0,0.0,6.1,349.0,,,,,,,,0.0,0.0,0.0,2.623,0.0,0.0,,0.0,,1,수영강,29,온천천,온천천(온천),온천교,2012,4,온천천,A,0.0,0,0
201205,206,8.1,1.6,1.4,,4.9,9.7,0.07,790.0,170.0,14.3,45540.0,0.0,,,,,,,0.301,0.306,0.675,0.836,0.038,0.065,,4.8,,2,중부산,3,동천,동천1,광무교,2012,5,동천,B,170.0,0,0
201205,207,7.3,6.9,3.4,,5.9,0.5,0.185,24000.0,170.0,15.9,44390.0,0.0,,,,,,,1.261,0.035,1.379,1.607,0.092,0.13,,1.5,,2,중부산,3,동천,동천2,범4호교,2012,5,동천,B,170.0,0,1
201205,208,7.4,5.0,3.0,,7.7,2.3,0.155,11000.0,1700.0,16.0,45730.0,0.0,,,,,,,1.028,0.046,1.251,1.27,0.086,0.116,,2.8,,2,중부산,3,동천,동천3,범일교,2012,5,동천,B,1700.0,1,1
201205,215,8.9,2.9,4.2,,4.6,12.1,0.057,35000.0,490.0,21.5,185.0,0.0,,,,,,,0.061,1.31,2.625,2.743,0.037,0.049,,4.1,,1,수영강,29,온천천,온천천1(태광산업),태광산업 앞,2012,5,온천천,A,490.0,0,0
201205,216,7.5,4.9,5.2,,5.6,6.4,0.124,130000.0,17000.0,20.3,403.0,0.0,,,,,,,0.391,1.449,2.591,2.959,0.062,0.069,,5.0,,1,수영강,29,온천천,온천천2(연안교),연안교,2012,5,온천천,A,17000.0,1,0
201205,301,7.4,24.6,18.7,,9.9,3.5,1.92,330000.0,78000.0,16.0,719.0,0.0,0.0,0.0,0.0,0.0,0.0,0.0,17.894,0.6179,18.785,19.335,1.245,1.63,0.3,2.6,,4,낙동강,22,괴정천,괴정천,하단초등학교 뒤,2012,5,괴정천,B,78000.0,1,0
201205,312,7.4,6.5,2.6,,6.1,0.6,0.164,4900.0,1400.0,16.3,45470.0,0.0,0.0,0.0,0.0,0.0,0.0,0.0,1.25,0.0897,1.36,1.411,0.094,0.135,,1.5,,2,중부산,3,동천,동천2-1,범3호교(성서교),2012,5,동천,B,1400.0,1,1
201205,327,7.8,1.9,2.8,,8.0,10.8,0.081,130.0,2.0,17.4,152.0,0.0,0.0,0.0,0.0,0.0,0.0,0.0,0.05,1.254,2.351,2.661,0.029,0.031,0.0,2.6,,1,수영강,29,온천천,온천천(청룡),청룡2호교,2012,5,온천천,A,2.0,0,0
201205,328,7.9,3.3,4.0,,2.0,10.5,0.057,35000.0,1700.0,18.8,193.0,0.0,0.0,0.0,0.0,0.0,0.0,0.0,0.065,1.328,2.405,3.013,0.047,0.05,0.0,2.6,,1,수영강,29,온천천,온천천(온천),온천교,2012,5,온천천,A,1700.0,1,0
201207,206,8.1,1.6,1.8,,4.3,7.3,0.071,330.0,130.0,23.4,44400.0,0.0,,,,,,,0.226,0.443,0.958,1.028,0.06,0.068,,2.1,,2,중부산,3,동천,동천1,광무교,2012,7,동천,B,130.0,0,0
201207,207,7.4,8.6,8.4,,9.0,0.3,0.323,330.0,70.0,27.6,40790.0,0.0,,,,,,,1.822,0.001,2.072,2.457,0.19,0.226,,4.3,,2,중부산,3,동천,동천2,범4호교,2012,7,동천,B,70.0,0,1
201207,208,7.6,7.8,6.2,,7.7,0.3,0.331,1700.0,130.0,26.2,40870.0,0.0,,,,,,,1.919,0.006,2.217,2.675,0.191,0.232,,5.2,,2,중부산,3,동천,동천3,범일교,2012,7,동천,B,130.0,0,1
201207,215,7.8,5.0,6.2,,5.0,8.2,0.185,160000.0,92000.0,28.1,144.0,0.0,,,,,,,0.628,2.007,2.78,2.887,0.119,0.173,,2.3,,1,수영강,29,온천천,온천천1(태광산업),태광산업 앞,2012,7,온천천,A,92000.0,1,0
201207,216,7.0,9.0,8.2,,4.4,5.4,0.335,92000.0,54000.0,24.5,655.0,0.0,,,,,,,1.949,1.878,3.941,4.013,0.207,0.264,,0.1,,1,수영강,29,온천천,온천천2(연안교),연안교,2012,7,온천천,A,54000.0,1,0
201207,312,7.5,8.0,6.6,,9.0,0.3,0.334,330.0,,27.0,40970.0,,,,,,,,,,,2.629,,,,,,2,중부산,3,동천,동천2-1,범3호교(성서교),2012,7,동천,B,330.0,0,1
201207,327,7.8,1.2,3.6,,1.8,8.2,0.098,2400.0,,24.5,144.0,,,,,,,,,,,2.255,,,,,,1,수영강,29,온천천,온천천(청룡),청룡2호교,2012,7,온천천,A,2400.0,1,0
201207,328,7.6,4.7,5.6,,3.0,6.3,0.198,35000.0,,26.7,190.0,,,,,,,,,,,3.528,,,,,,1,수영강,29,온천천,온천천(온천),온천교,2012,7,온천천,A,35000.0,1,0
201208,206,7.7,1.6,2.0,,6.0,8.6,0.077,2300.0,790.0,25.8,37910.0,0.0,,,,,,,0.625,0.393,1.108,1.124,0.047,0.062,,4.0,,2,중부산,3,동천,동천1,광무교,2012,8,동천,B,790.0,0,0
201208,207,7.8,4.3,6.8,,8.8,7.0,0.262,13000.0,4900.0,26.3,38380.0,0.0,,,,,,,0.472,0.383,1.395,2.031,0.084,0.133,,34.7,,2,중부산,3,동천,동천2,범4호교,2012,8,동천,B,4900.0,1,0
201208,208,7.8,3.2,4.8,,7.7,6.8,0.134,4600.0,1300.0,26.9,39430.0,0.0,,,,,,,0.513,0.341,0.885,1.216,0.058,0.085,,15.6,,2,중부산,3,동천,동천3,범일교,2012,8,동천,B,1300.0,1,0
201208,215,7.9,2.7,5.2,,3.1,9.8,0.248,79000.0,7000.0,29.6,252.0,0.0,,,,,,,2.054,1.429,3.525,3.772,0.168,0.232,,1.7,,1,수영강,29,온천천,온천천1(태광산업),태광산업 앞,2012,8,온천천,A,7000.0,1,0
201208,216,7.8,3.9,6.2,,7.9,8.0,0.301,33000.0,7900.0,29.3,2618.0,0.0,,,,,,,1.661,1.722,3.918,4.05,0.164,0.223,,5.0,,1,수영강,29,온천천,온천천2(연안교),연안교,2012,8,온천천,A,7900.0,1,0
201208,301,7.3,59.0,48.0,,27.0,2.0,1.28,28000000.0,,27.5,719.0,,,,,,,,,,,18.145,,,,,,4,낙동강,22,괴정천,괴정천,하단초등학교 뒤,2012,8,괴정천,B,28000000.0,1,1
201208,312,7.8,3.9,5.6,3.1,8.4,6.8,0.163,11000.0,,26.9,39050.0,,,,,,,,,,,1.505,,,,,,2,중부산,3,동천,동천2-1,범3호교(성서교),2012,8,동천,B,11000.0,1,0
201208,327,8.0,1.4,3.0,0.9,3.3,8.8,0.065,40.0,,28.6,211.0,,,,,,,,,,,2.099,,,,,,1,수영강,29,온천천,온천천(청룡),청룡2호교,2012,8,온천천,A,40.0,0,0
201208,328,7.8,3.6,5.2,3.8,2.6,8.4,0.162,33000.0,,29.2,243.0,,,,,,,,,,,2.427,,,,,,1,수영강,29,온천천,온천천(온천),온천교,2012,8,온천천,A,33000.0,1,0
201209,206,7.8,2.8,6.0,,5.7,8.2,0.049,110000.0,7900.0,23.6,47120.0,0.0,0.0,0.0,,0.0,0.0,0.0,0.049,0.06,1.116,1.132,0.018,0.033,,0.4,,2,중부산,3,동천,동천1,광무교,2012,9,동천,B,7900.0,1,0
201209,207,7.4,6.5,8.9,,14.4,1.5,0.621,790000.0,110000.0,24.7,35340.0,0.0,0.0,0.0,,0.0,0.0,0.0,2.434,0.06,3.456,4.493,0.316,0.411,,1.5,,2,중부산,3,동천,동천2,범4호교,2012,9,동천,B,110000.0,1,1
201209,208,7.4,3.5,5.2,,13.9,2.2,0.38,490000.0,130000.0,25.2,38130.0,0.0,0.0,0.0,,0.0,0.0,0.0,1.6,0.049,2.251,2.736,0.175,0.256,,1.1,,2,중부산,3,동천,동천3,범일교,2012,9,동천,B,130000.0,1,1
201209,215,7.6,2.2,4.6,,4.6,7.1,0.143,22000.0,11000.0,24.3,134.0,0.0,0.0,0.0,,0.0,0.0,0.0,0.441,1.042,2.133,2.197,0.074,0.119,0.0,1.7,,1,수영강,29,온천천,온천천1(태광산업),태광산업 앞,2012,9,온천천,A,11000.0,1,0
201209,216,8.2,2.4,5.0,,5.2,8.2,0.233,17000.0,7000.0,21.8,221.0,0.0,0.0,0.0,,0.0,0.0,0.0,1.037,1.982,3.082,3.177,0.132,0.191,0.0,1.4,,1,수영강,29,온천천,온천천2(연안교),연안교,2012,9,온천천,A,7000.0,1,0
201209,312,7.4,4.6,7.1,,16.7,1.6,0.478,940000.0,,25.8,37070.0,,,,,,,,,,,3.385,,,,,,2,중부산,3,동천,동천2-1,범3호교(성서교),2012,9,동천,B,940000.0,1,1
201209,327,7.7,1.7,3.4,,3.0,7.4,0.063,1700.0,,22.7,104.0,,,,,,,,,,,1.548,,,,,,1,수영강,29,온천천,온천천(청룡),청룡2호교,2012,9,온천천,A,1700.0,1,0
201209,328,7.5,2.4,4.8,,3.1,6.1,0.151,22000.0,,23.8,163.0,,,,,,,,,,,2.399,,,,,,1,수영강,29,온천천,온천천(온천),온천교,2012,9,온천천,A,22000.0,1,0
201210,206,7.5,1.8,2.8,,5.7,8.2,0.13,4900.0,1100.0,20.9,46040.0,0.0,,,,,,,0.884,0.148,1.381,1.424,0.089,0.127,,1.6,,2,중부산,3,동천,동천1,광무교,2012,10,동천,B,1100.0,1,0
201210,207,7.7,3.1,5.2,,14.8,8.4,0.192,13000.0,4600.0,20.5,43820.0,0.0,,,,,,,0.829,0.154,1.53,1.967,0.029,0.092,,72.4,,2,중부산,3,동천,동천2,범4호교,2012,10,동천,B,4600.0,1,0
201210,208,7.8,2.9,4.8,,8.1,5.6,0.122,7900.0,3300.0,20.5,47420.0,0.0,,,,,,,0.717,0.077,1.168,1.17,0.064,0.105,,15.5,,2,중부산,3,동천,동천3,범일교,2012,10,동천,B,3300.0,1,0
201210,215,7.5,1.9,4.8,,6.0,9.7,0.137,13000.0,4900.0,21.0,174.0,0.0,,,,,,,0.329,1.582,2.722,2.759,0.078,0.116,,1.2,,1,수영강,29,온천천,온천천1(태광산업),태광산업 앞,2012,10,온천천,A,4900.0,1,0
201210,216,8.2,2.5,5.2,,4.5,7.8,0.137,23000.0,4900.0,17.7,281.0,0.0,,,,,,,0.052,2.103,3.528,3.645,0.081,0.107,,6.7,,1,수영강,29,온천천,온천천2(연안교),연안교,2012,10,온천천,A,4900.0,1,0
201210,312,7.8,3.9,5.6,,9.3,8.3,0.14,17000.0,,20.6,45040.0,,,,,,,,,,,1.517,,,,,,2,중부산,3,동천,동천2-1,범3호교(성서교),2012,10,동천,B,17000.0,1,0
201210,327,7.7,1.3,2.6,,0.7,9.5,0.031,330.0,,17.1,67.0,,,,,,,,,,,0.874,,,,,,1,수영강,29,온천천,온천천(청룡),청룡2호교,2012,10,온천천,A,330.0,0,0
201210,328,7.7,2.2,4.2,,4.0,9.8,0.086,13000.0,,19.2,198.0,,,,,,,,,,,2.479,,,,,,1,수영강,29,온천천,온천천(온천),온천교,2012,10,온천천,A,13000.0,1,0
201211,206,7.0,2.7,3.6,,5.2,6.0,0.275,490.0,110.0,15.6,44010.0,0.0,,,,,,,2.019,0.264,2.546,2.653,0.198,0.264,,1.4,,2,중부산,3,동천,동천1,광무교,2012,11,동천,B,110.0,0,0
201211,207,7.2,4.7,5.6,,6.2,1.6,0.324,13000.0,4900.0,15.0,42750.0,0.0,,,,,,,2.101,0.091,2.521,2.741,0.203,0.283,,2.5,,2,중부산,3,동천,동천2,범4호교,2012,11,동천,B,4900.0,1,1
201211,208,7.4,3.5,4.4,,6.8,1.5,0.259,7000.0,1700.0,15.3,46030.0,0.0,,,,,,,1.546,0.033,1.772,1.914,0.142,0.207,,3.1,,2,중부산,3,동천,동천3,범일교,2012,11,동천,B,1700.0,1,1
201211,215,7.6,2.8,4.2,,3.0,10.3,0.171,17000.0,330.0,14.4,268.0,0.0,,,,,,,0.898,1.917,3.899,3.977,0.111,0.162,,5.0,,1,수영강,29,온천천,온천천1(태광산업),태광산업 앞,2012,11,온천천,A,330.0,0,0
201211,216,8.0,3.7,5.4,,2.7,8.9,0.125,14000.0,1300.0,12.8,1458.0,0.0,,,,,,,0.273,2.062,3.464,3.582,0.024,0.09,,2.1,,1,수영강,29,온천천,온천천2(연안교),연안교,2012,11,온천천,A,1300.0,1,0
201211,301,7.8,24.6,22.7,,7.0,5.9,1.565,330000.0,140000.0,15.1,695.0,0.0,0.0,0.0,0.0,0.0,0.0,0.0,14.428,0.4602,15.48,15.735,1.089,1.52,0.2,3.0,,4,낙동강,22,괴정천,괴정천,하단초등학교 뒤,2012,11,괴정천,B,140000.0,1,0
201211,312,7.2,5.9,6.4,,6.6,0.5,0.282,4900.0,790.0,15.2,44430.0,0.0,0.0,0.0,0.0,0.0,0.0,0.0,1.816,0.0099,2.104,2.326,0.204,0.241,,2.2,,2,중부산,3,동천,동천2-1,범3호교(성서교),2012,11,동천,B,790.0,0,1
201211,327,7.7,1.2,3.2,,2.6,9.3,0.034,130.0,13.0,15.1,217.0,0.0,0.0,0.0,0.0,0.0,0.0,0.0,0.049,1.73,2.457,2.553,0.02,0.03,0.0,0.3,,1,수영강,29,온천천,온천천(청룡),청룡2호교,2012,11,온천천,A,13.0,0,0
201211,328,7.7,2.7,4.0,,1.1,9.9,0.074,35000.0,7000.0,13.9,256.0,0.0,0.0,0.0,0.0,0.0,0.0,0.0,0.064,2.1288,2.783,2.986,0.045,0.052,0.0,1.8,,1,수영강,29,온천천,온천천(온천),온천교,2012,11,온천천,A,7000.0,1,0
201212,206,7.6,4.0,7.6,,6.7,8.7,0.725,790000.0,140000.0,8.2,27690.0,0.0,0.0,0.0,0.0,0.0,0.0,0.0,6.39,0.312,7.148,7.363,0.46,0.677,,0.5,,2,중부산,3,동천,동천1,광무교,2012,12,동천,B,140000.0,1,0
201212,207,7.3,4.3,5.3,,5.6,3.5,0.26,13000.0,2100.0,9.6,46400.0,0.0,0.0,0.0,0.0,0.0,0.0,0.0,1.793,0.162,2.547,2.616,0.126,0.208,,0.5,,2,중부산,3,동천,동천2,범4호교,2012,12,동천,B,2100.0,1,0
201212,208,7.3,3.2,4.0,,5.2,5.1,0.158,4600.0,1300.0,10.8,49500.0,0.0,0.0,0.0,0.0,0.0,0.0,0.0,1.042,0.067,1.527,1.549,0.087,0.105,,0.5,,2,중부산,3,동천,동천3,범일교,2012,12,동천,B,1300.0,1,0
201212,215,7.9,2.1,4.2,,3.5,12.6,0.102,7000.0,490.0,8.4,339.0,0.0,0.0,0.0,0.0,0.0,0.0,0.0,0.453,1.895,3.424,3.522,0.053,0.086,0.0,3.8,,1,수영강,29,온천천,온천천1(태광산업),태광산업 앞,2012,12,온천천,A,490.0,0,0
201212,216,8.0,2.3,4.6,,2.6,12.1,0.078,7900.0,1100.0,5.9,617.0,0.0,0.0,0.0,0.0,0.0,0.0,0.0,0.101,2.035,3.248,3.57,0.023,0.045,0.0,4.8,,1,수영강,29,온천천,온천천2(연안교),연안교,2012,12,온천천,A,1100.0,1,0
201212,312,7.3,4.4,5.9,,5.6,3.8,0.224,11000.0,,9.7,47240.0,0.0,0.0,0.0,0.0,0.0,0.0,0.0,,,,2.183,,,,,,2,중부산,3,동천,동천2-1,범3호교(성서교),2012,12,동천,B,11000.0,1,0
201212,327,8.0,1.6,3.8,,3.8,11.8,0.027,330.0,,8.8,311.0,0.0,0.0,0.0,0.0,0.0,0.0,0.0,,,,2.869,,,0.0,,,1,수영강,29,온천천,온천천(청룡),청룡2호교,2012,12,온천천,A,330.0,0,0
201212,328,8.1,2.2,4.0,,1.6,12.9,0.06,23000.0,,7.1,313.0,0.0,0.0,0.0,0.0,0.0,0.0,0.0,,,,2.87,,,0.0,,,1,수영강,29,온천천,온천천(온천),온천교,2012,12,온천천,A,23000.0,1,0
201301,206,6.9,11.7,11.3,,9.8,8.3,0.906,70000.0,13000.0,1.7,1036.0,0.0,,,,,,,6.694,1.404,9.1,9.192,0.38,0.886,,2.2,,2,중부산,3,동천,동천1,광무교,2013,1,동천,B,13000.0,1,0
201301,207,7.0,3.7,5.2,,7.2,1.6,0.328,7900.0,1100.0,6.2,45040.0,0.0,,,,,,,2.388,0.025,2.909,3.147,0.253,0.313,,2.3,,2,중부산,3,동천,동천2,범4호교,2013,1,동천,B,1100.0,1,1
201301,208,6.9,3.2,3.9,,5.3,3.2,0.176,4600.0,1700.0,7.2,49160.0,0.0,,,,,,,1.108,0.108,1.534,1.665,0.106,0.162,,1.9,,2,중부산,3,동천,동천3,범일교,2013,1,동천,B,1700.0,1,0
201301,215,7.8,2.3,3.0,,2.6,11.4,0.097,4900.0,1300.0,4.5,322.0,0.0,,,,,,,0.63,1.937,3.393,3.606,0.037,0.054,,17.0,,1,수영강,29,온천천,온천천1(태광산업),태광산업 앞,2013,1,온천천,A,1300.0,1,0
201301,216,7.4,2.4,3.8,,2.7,12.4,0.268,7900.0,1100.0,2.9,401.0,0.0,,,,,,,0.46,1.98,3.357,3.384,0.167,0.234,,16.5,,1,수영강,29,온천천,온천천2(연안교),연안교,2013,1,온천천,A,1100.0,1,0
201301,312,,4.3,4.7,2.5,6.4,1.0,0.314,7000.0,,6.3,46330.0,,,,,,,,,,,2.286,,,,,,2,중부산,3,동천,동천2-1,범3호교(성서교),2013,1,동천,B,7000.0,1,1
201301,327,7.9,2.3,3.0,2.7,4.0,11.8,0.034,940.0,,3.2,313.0,,,,,,,,,,,2.815,,,,,,1,수영강,29,온천천,온천천(청룡),청룡2호교,2013,1,온천천,A,940.0,0,0
201301,328,7.7,2.5,2.6,2.9,2.3,12.0,0.034,2600.0,,3.1,315.0,,,,,,,,,,,2.919,,,,,,1,수영강,29,온천천,온천천(온천),온천교,2013,1,온천천,A,2600.0,1,0
201302,206,7.2,6.2,14.7,,4.8,4.2,1.726,240000.0,130000.0,6.4,3568.0,,,,,,,,14.014,0.636,16.772,20.35,1.094,1.43,,0.8,,2,중부산,3,동천,동천1,광무교,2013,2,동천,B,130000.0,1,0
201302,207,6.6,4.5,8.5,,9.0,1.3,0.495,33000.0,24000.0,7.2,36570.0,,,,,,,,3.064,0.003,3.137,3.879,0.297,0.403,,1.3,,2,중부산,3,동천,동천2,범4호교,2013,2,동천,B,24000.0,1,1
201302,208,6.9,4.1,5.9,,9.5,2.2,0.268,1400.0,940.0,8.2,40290.0,,,,,,,,1.635,0.002,1.982,2.592,0.136,0.206,,1.0,,2,중부산,3,동천,동천3,범일교,2013,2,동천,B,940.0,0,1
201302,215,7.2,2.8,4.8,,6.1,14.5,0.07,4900.0,1700.0,6.4,373.0,,,,,,,,0.205,2.58,3.544,3.745,0.026,0.031,,21.1,,1,수영강,29,온천천,온천천1(태광산업),태광산업 앞,2013,2,온천천,A,1700.0,1,0
201302,216,8.2,3.1,5.0,,4.9,13.3,0.046,1300.0,170.0,4.3,390.0,,,,,,,,0.702,1.992,3.462,3.739,0.017,0.032,,10.6,,1,수영강,29,온천천,온천천2(연안교),연안교,2013,2,온천천,A,170.0,0,0
201303,215,7.8,3.2,5.0,,7.2,13.1,0.02,9400.0,3100.0,8.0,257.0,0.0,0.0,0.0,0.0,0.0,0.0,0.0,0.046,2.503,2.812,2.876,0.003,0.015,0.0,26.0,,1,수영강,29,온천천,온천천1(태광산업),태광산업 앞,2013,3,온천천,A,3100.0,1,0
201303,216,8.2,3.1,4.8,,5.2,12.7,0.044,7000.0,1300.0,5.7,302.0,0.0,0.0,0.0,0.0,0.0,0.0,0.0,0.076,3.054,3.184,3.224,0.004,0.013,0.0,16.4,,1,수영강,29,온천천,온천천2(연안교),연안교,2013,3,온천천,A,1300.0,1,0
201303,312,6.8,4.3,6.8,2.7,26.3,1.8,0.424,11000.0,,7.6,38380.0,,,,,,,,,,,4.112,,,,,,2,중부산,3,동천,동천2-1,범3호교(성서교),2013,3,동천,B,11000.0,1,1
201303,327,7.9,2.4,4.2,2.0,8.2,13.6,0.017,46.0,,6.6,257.0,,,,,,,,,,,2.778,,,,,,1,수영강,29,온천천,온천천(청룡),청룡2호교,2013,3,온천천,A,46.0,0,0
201303,328,7.8,3.4,5.0,2.1,7.5,13.5,0.064,2300.0,,7.2,258.0,,,,,,,,,,,3.115,,,,,,1,수영강,29,온천천,온천천(온천),온천교,2013,3,온천천,A,2300.0,1,0
201304,206,9.0,3.8,3.9,,15.1,7.2,0.178,7900.0,1400.0,12.8,48150.0,0.0,,,,,,,0.826,0.118,1.269,1.747,0.148,0.159,,2.0,,2,중부산,3,동천,동천1,광무교,2013,4,동천,B,1400.0,1,0
201304,207,9.0,6.5,7.7,,25.9,1.9,0.438,33000.0,17000.0,12.9,42510.0,0.0,,,,,,,1.857,0.122,3.269,4.482,0.331,0.394,,0.6,,2,중부산,3,동천,동천2,범4호교,2013,4,동천,B,17000.0,1,1
201304,208,8.9,4.2,6.0,,15.0,1.9,0.2,33000.0,1400.0,13.1,49320.0,0.0,,,,,,,1.272,0.028,1.448,1.763,0.123,0.162,,0.8,,2,중부산,3,동천,동천3,범일교,2013,4,동천,B,1400.0,1,1
201304,215,7.6,2.5,4.6,,6.7,7.7,0.081,7000.0,700.0,17.5,324.0,0.0,,,,,,,0.114,2.747,3.484,3.862,0.065,0.069,,26.7,,1,수영강,29,온천천,온천천1(태광산업),태광산업 앞,2013,4,온천천,A,700.0,0,0
201304,216,7.3,2.5,4.6,,4.2,7.3,0.145,11000.0,2300.0,12.7,401.0,0.0,,,,,,,0.079,2.738,3.758,3.873,0.125,0.126,,9.8,,1,수영강,29,온천천,온천천2(연안교),연안교,2013,4,온천천,A,2300.0,1,0
201304,312,9.0,5.5,6.3,3.4,24.0,1.5,0.3,13000.0,,13.2,47050.0,,,,,,,,,,,2.77,,,,,,2,중부산,3,동천,동천2-1,범3호교(성서교),2013,4,동천,B,13000.0,1,1
201304,327,7.4,2.3,3.4,2.8,14.9,7.9,0.08,260.0,,14.0,290.0,,,,,,,,,,,3.687,,,,,,1,수영강,29,온천천,온천천(청룡),청룡2호교,2013,4,온천천,A,260.0,0,0
201304,328,7.8,2.3,3.6,2.0,4.5,9.0,0.053,3300.0,,14.4,285.0,,,,,,,,,,,3.512,,,,,,1,수영강,29,온천천,온천천(온천),온천교,2013,4,온천천,A,3300.0,1,0
201305,206,8.1,4.1,4.4,,13.5,8.0,0.249,49000.0,1700.0,18.3,45450.0,0.0,,,,,,,1.782,0.153,2.5,2.502,0.217,0.234,,4.1,,2,중부산,3,동천,동천1,광무교,2013,5,동천,B,1700.0,1,0
201305,207,7.3,12.9,19.4,,51.8,1.0,0.432,7000.0,2200.0,20.6,45780.0,0.0,,,,,,,3.208,0.024,3.311,3.729,0.341,0.346,,5.3,,2,중부산,3,동천,동천2,범4호교,2013,5,동천,B,2200.0,1,1
201305,208,7.5,8.4,8.3,,52.3,1.3,0.363,170000.0,35000.0,20.2,45810.0,0.0,,,,,,,2.415,0.016,3.026,3.421,0.264,0.281,,2.1,,2,중부산,3,동천,동천3,범일교,2013,5,동천,B,35000.0,1,1
201305,215,7.8,2.7,5.6,,4.8,10.2,0.069,13000.0,220.0,17.4,197.0,0.0,,,,,,,0.281,1.946,2.818,2.831,0.056,0.063,,3.6,,1,수영강,29,온천천,온천천1(태광산업),태광산업 앞,2013,5,온천천,A,220.0,0,0
201305,216,8.1,2.6,5.4,,3.8,9.7,0.048,1700.0,330.0,13.8,227.0,0.0,,,,,,,0.118,2.15,2.875,2.9,0.034,0.045,,3.3,,1,수영강,29,온천천,온천천2(연안교),연안교,2013,5,온천천,A,330.0,0,0
201305,312,7.3,12.9,18.0,7.8,26.7,0.3,0.375,110000.0,170000.0,21.3,45480.0,0.0,0.0,0.0,0.0,0.0,0.0,0.0,2.194,0.0203,3.03,3.549,0.239,0.277,,7.5,,2,중부산,3,동천,동천2-1,범3호교(성서교),2013,5,동천,B,170000.0,1,1
201305,327,7.9,1.3,3.0,1.8,6.2,10.0,0.029,33.0,11.0,15.2,177.0,0.0,0.0,0.0,0.0,0.0,0.0,0.0,0.012,2.03,2.551,2.583,0.019,0.025,0.0,6.9,,1,수영강,29,온천천,온천천(청룡),청룡2호교,2013,5,온천천,A,11.0,0,0
201305,328,7.6,2.3,4.2,1.8,3.1,11.1,0.044,1100.0,220.0,16.0,184.0,0.0,0.0,0.0,0.0,0.0,0.0,0.0,0.017,1.95,2.503,2.564,0.039,0.042,0.0,2.4,,1,수영강,29,온천천,온천천(온천),온천교,2013,5,온천천,A,220.0,0,0
201306,206,8.0,2.0,3.7,,5.1,7.5,0.188,7000.0,1400.0,18.6,46750.0,0.0,0.0,0.0,0.0,0.0,0.0,0.0,1.265,0.093,1.546,1.709,0.156,0.186,,6.0,,2,중부산,3,동천,동천1,광무교,2013,6,동천,B,1400.0,1,0
201306,207,7.4,6.8,8.9,,21.5,1.5,0.286,14000.0,2800.0,20.2,44360.0,0.0,0.0,0.0,0.0,0.0,0.0,0.0,2.428,0.015,2.58,2.862,0.033,0.275,,5.5,,2,중부산,3,동천,동천2,범4호교,2013,6,동천,B,2800.0,1,1
201306,208,7.5,5.7,6.3,,11.2,1.9,0.189,11000.0,4900.0,19.6,48140.0,0.0,0.0,0.0,0.0,0.0,0.0,0.0,1.172,0.025,1.406,1.994,0.018,0.151,,4.6,,2,중부산,3,동천,동천3,범일교,2013,6,동천,B,4900.0,1,1
201306,215,8.3,2.0,4.0,,5.9,9.2,0.103,1700.0,490.0,22.5,252.0,0.0,0.0,0.0,0.0,0.0,0.0,0.0,0.348,2.281,3.145,3.183,0.077,0.083,0.0,1.1,,1,수영강,29,온천천,온천천1(태광산업),태광산업 앞,2013,6,온천천,A,490.0,0,0
201306,216,7.8,2.3,5.2,,4.5,6.0,0.133,13000.0,940.0,21.6,281.0,0.0,0.0,0.0,0.0,0.0,0.0,0.0,0.302,2.599,3.232,3.366,0.106,0.117,0.0,1.1,,1,수영강,29,온천천,온천천2(연안교),연안교,2013,6,온천천,A,940.0,0,0
201508,206,8.0,0.4,1.2,,3.4,7.6,0.055,920.0,350.0,22.4,49276.0,0.0,,,,,,,0.159,0.118,0.744,0.785,0.036,0.042,,1.7,,2,중부산,3,동천,동천1,광무교,2015,8,동천,B,350.0,0,0
201302,312,6.8,4.3,6.8,2.7,26.3,1.8,0.424,11000.0,,7.6,38380.0,,,,,,,,,,,4.112,,,,,,2,중부산,3,동천,동천2-1,범3호교(성서교),2013,2,동천,B,11000.0,1,1
201302,327,7.4,2.0,3.6,2.3,7.1,13.2,0.054,700.0,,5.4,347.0,,,,,,,,,,,3.697,,,,,,1,수영강,29,온천천,온천천(청룡),청룡2호교,2013,2,온천천,A,700.0,0,0
201302,328,7.3,2.0,3.6,2.3,7.5,14.6,0.042,1100.0,,5.6,372.0,,,,,,,,,,,3.701,,,,,,1,수영강,29,온천천,온천천(온천),온천교,2013,2,온천천,A,1100.0,1,0
201303,206,8.4,8.8,14.7,,22.4,8.6,0.395,13000.0,1700.0,10.8,42830.0,0.0,0.0,0.0,0.0,0.0,0.0,0.0,3.017,0.571,3.808,5.034,0.199,0.334,0.0,1.7,,2,중부산,3,동천,동천1,광무교,2013,3,동천,B,1700.0,1,0
201303,207,8.5,8.0,8.5,,21.4,2.2,0.354,7900.0,7900.0,10.8,45540.0,0.0,0.0,0.0,0.0,0.0,0.0,0.0,2.779,0.012,3.426,4.338,0.261,0.271,0.0,6.1,,2,중부산,3,동천,동천2,범4호교,2013,3,동천,B,7900.0,1,1
201303,208,8.7,6.2,5.9,,10.7,2.5,0.289,1400.0,940.0,10.9,47520.0,0.0,0.0,0.0,0.0,0.0,0.0,0.0,1.97,0.013,2.861,3.244,0.196,0.213,0.0,0.5,,2,중부산,3,동천,동천3,범일교,2013,3,동천,B,940.0,0,1
201510,208,7.4,6.3,8.0,,10.3,2.4,0.316,40000.0,14000.0,22.2,45295.0,0.0,,,,,,,1.861,0.0,2.491,2.588,0.223,0.285,,3.1,,2,중부산,3,동천,동천3,범일교,2015,10,동천,B,14000.0,1,1
201306,312,7.4,5.5,6.1,4.1,6.2,1.1,0.269,33000.0,,20.0,46520.0,,,,,,,,,,,2.462,,,,,,2,중부산,3,동천,동천2-1,범3호교(성서교),2013,6,동천,B,33000.0,1,1
201306,327,8.3,1.4,3.8,1.3,4.4,9.2,0.043,79.0,,21.3,205.0,,,,,,,,,,,2.481,,,,,,1,수영강,29,온천천,온천천(청룡),청룡2호교,2013,6,온천천,A,79.0,0,0
201306,328,7.6,1.9,3.6,1.4,5.1,8.5,0.088,11000.0,,21.9,249.0,,,,,,,,,,,3.029,,,,,,1,수영강,29,온천천,온천천(온천),온천교,2013,6,온천천,A,11000.0,1,0
201307,206,7.7,1.1,5.7,,11.8,6.6,0.298,920000.0,1500.0,21.9,42980.0,0.0,,,,,,,2.37,0.159,3.344,4.136,0.243,0.277,,5.7,,2,중부산,3,동천,동천1,광무교,2013,7,동천,B,1500.0,1,0
201307,207,7.2,9.2,27.8,,31.4,1.0,0.988,9200000.0,350.0,25.3,14700.0,0.0,,,,,,,5.225,0.01,10.885,11.516,0.785,0.818,,1.3,,2,중부산,3,동천,동천2,범4호교,2013,7,동천,B,350.0,0,1
201307,208,7.3,6.7,15.6,,22.6,1.0,0.593,1600000.0,3500.0,24.6,37580.0,0.0,,,,,,,2.427,0.025,5.662,6.156,0.46,0.487,,16.0,,2,중부산,3,동천,동천3,범일교,2013,7,동천,B,3500.0,1,1
201307,215,7.5,3.7,5.4,,5.0,8.2,0.142,22000.0,7000.0,25.3,110.0,0.0,,,,,,,0.505,0.852,2.065,2.079,0.114,0.123,,0.3,,1,수영강,29,온천천,온천천1(태광산업),태광산업 앞,2013,7,온천천,A,7000.0,1,0
201307,216,7.1,3.9,5.8,,4.9,4.2,0.242,49000.0,11000.0,23.9,208.0,0.0,,,,,,,1.798,0.8,3.492,3.504,0.197,0.202,,0.0,,1,수영강,29,온천천,온천천2(연안교),연안교,2013,7,온천천,A,11000.0,1,0
201307,312,7.2,9.9,22.1,15.4,22.6,0.9,0.912,16000000.0,,25.5,31710.0,,,,,,,,,,,9.199,,,,,,2,중부산,3,동천,동천2-1,범3호교(성서교),2013,7,동천,B,16000000.0,1,1
201307,327,7.7,0.9,1.8,2.4,1.2,9.1,0.028,4900.0,,21.5,47.0,,,,,,,,,,,0.782,,,,,,1,수영강,29,온천천,온천천(청룡),청룡2호교,2013,7,온천천,A,4900.0,1,0
201307,328,7.2,3.8,6.6,7.4,2.4,6.4,0.224,46000.0,,24.9,164.0,,,,,,,,,,,3.119,,,,,,1,수영강,29,온천천,온천천(온천),온천교,2013,7,온천천,A,46000.0,1,0
201308,206,7.4,3.6,4.7,,13.2,7.2,0.333,170000.0,28000.0,21.7,40730.0,0.0,,,,,,,2.692,0.06,3.019,3.837,0.307,0.321,,2.7,,2,중부산,3,동천,동천1,광무교,2013,8,동천,B,28000.0,1,0
201308,207,7.6,7.5,10.4,,23.6,8.0,0.29,1700.0,1700.0,24.8,42940.0,0.0,,,,,,,1.627,0.06,1.824,2.387,0.156,0.169,,67.2,,2,중부산,3,동천,동천2,범4호교,2013,8,동천,B,1700.0,1,0
201308,208,7.8,6.4,6.7,,23.7,8.0,0.2,4900.0,3300.0,24.2,44000.0,0.0,,,,,,,1.246,0.044,1.6,1.815,0.147,0.148,,31.2,,2,중부산,3,동천,동천3,범일교,2013,8,동천,B,3300.0,1,0
201308,215,8.3,2.2,5.2,,10.6,8.1,0.093,33000.0,3300.0,32.5,244.0,0.0,,,,,,,0.085,1.467,2.057,2.757,0.044,0.076,,4.3,,1,수영강,29,온천천,온천천1(태광산업),태광산업 앞,2013,8,온천천,A,3300.0,1,0
201308,216,7.5,2.8,5.8,,6.7,7.1,0.088,17000.0,3300.0,29.0,352.0,0.0,,,,,,,0.27,1.929,2.325,2.382,0.062,0.076,,9.0,,1,수영강,29,온천천,온천천2(연안교),연안교,2013,8,온천천,A,3300.0,1,0
201308,312,7.8,7.2,10.0,5.2,26.3,8.5,0.332,350000.0,,25.5,41000.0,,,,,,,,,,,3.367,,,,,,2,중부산,3,동천,동천2-1,범3호교(성서교),2013,8,동천,B,350000.0,1,0
201308,327,8.4,2.4,6.2,5.0,19.8,7.9,0.072,232.0,,31.0,232.0,,,,,,,,,,,1.99,,,,,,1,수영강,29,온천천,온천천(청룡),청룡2호교,2013,8,온천천,A,232.0,0,0
201308,328,8.0,2.3,5.4,4.6,9.9,7.8,0.082,255.0,,30.8,255.0,,,,,,,,,,,2.158,,,,,,1,수영강,29,온천천,온천천(온천),온천교,2013,8,온천천,A,255.0,0,0
201309,206,7.8,2.0,2.5,,6.0,6.1,0.209,2200.0,1700.0,24.0,42380.0,0.0,0.0,0.0,0.0,0.0,0.0,0.0,2.166,0.294,2.678,2.697,0.197,0.205,,1.0,0.0,2,중부산,3,동천,동천1,광무교,2013,9,동천,B,1700.0,1,0
201309,207,7.4,10.0,19.4,,12.0,1.1,0.458,22000.0,14000.0,24.0,41440.0,0.0,0.0,0.0,0.0,0.0,0.0,0.0,3.242,0.021,3.375,3.602,0.39,0.394,,11.6,0.0,2,중부산,3,동천,동천2,범4호교,2013,9,동천,B,14000.0,1,1
201309,208,7.5,5.8,6.4,,14.7,4.1,0.269,2800.0,460.0,24.0,44460.0,0.0,0.0,0.0,0.0,0.0,0.0,0.0,1.743,0.007,1.799,2.017,0.194,0.202,,6.3,0.0,2,중부산,3,동천,동천3,범일교,2013,9,동천,B,460.0,0,0
201309,215,8.1,2.5,5.4,,7.4,8.1,0.139,13000.0,700.0,28.2,211.0,0.0,0.0,0.0,0.0,0.0,0.0,0.0,0.181,1.64,2.337,2.436,0.12,0.122,0.0,5.0,0.0,1,수영강,29,온천천,온천천1(태광산업),태광산업 앞,2013,9,온천천,A,700.0,0,0
201309,216,7.5,2.1,4.8,,4.4,5.4,0.16,7900.0,490.0,24.2,1037.0,0.0,0.0,0.0,0.0,0.0,0.0,0.0,0.462,1.705,2.799,2.898,0.136,0.14,0.0,5.2,0.0,1,수영강,29,온천천,온천천2(연안교),연안교,2013,9,온천천,A,490.0,0,0
201309,312,7.4,8.8,10.0,3.2,11.3,1.4,0.389,110000.0,,24.1,42630.0,,,,,,,,,,,2.969,,,,,,2,중부산,3,동천,동천2-1,범3호교(성서교),2013,9,동천,B,110000.0,1,1
201309,327,8.2,1.8,4.2,3.8,17.9,8.1,0.145,170.0,,26.8,202.0,,,,,,,,,,,2.522,,,,,,1,수영강,29,온천천,온천천(청룡),청룡2호교,2013,9,온천천,A,170.0,0,0
201309,328,7.6,2.1,5.2,4.6,5.8,8.0,0.464,11000.0,,26.8,343.0,,,,,,,,,,,6.171,,,,,,1,수영강,29,온천천,온천천(온천),온천교,2013,9,온천천,A,11000.0,1,0
201310,206,6.2,3.2,5.0,,9.1,5.0,0.379,24000.0,14000.0,22.7,40810.0,0.0,,,,,,,3.19,0.266,3.574,3.854,0.355,0.36,,0.5,,2,중부산,3,동천,동천1,광무교,2013,10,동천,B,14000.0,1,0
201310,207,6.1,11.7,13.5,,20.1,0.8,0.453,35000.0,12000.0,22.9,43340.0,0.0,,,,,,,2.806,0.013,3.313,4.007,0.283,0.311,,61.9,,2,중부산,3,동천,동천2,범4호교,2013,10,동천,B,12000.0,1,1
201310,208,6.4,6.0,6.1,,17.9,2.1,0.189,35000.0,9400.0,22.9,47080.0,0.0,,,,,,,1.245,0.013,1.589,1.817,0.118,0.143,,28.5,,2,중부산,3,동천,동천3,범일교,2013,10,동천,B,9400.0,1,1
201310,215,8.0,1.9,4.8,,2.6,8.4,0.107,7900.0,490.0,24.2,270.0,0.0,,,,,,,0.063,1.621,2.012,2.037,0.085,0.1,,1.4,,1,수영강,29,온천천,온천천1(태광산업),태광산업 앞,2013,10,온천천,A,490.0,0,0
201310,216,7.3,3.0,5.6,,5.8,5.3,0.212,7000.0,2700.0,22.9,7721.0,0.0,,,,,,,0.795,1.851,2.947,3.013,0.157,0.173,,13.3,,1,수영강,29,온천천,온천천2(연안교),연안교,2013,10,온천천,A,2700.0,1,0
201310,312,6.2,8.4,9.7,3.5,26.3,1.1,0.397,3900.0,,23.0,43870.0,,,,,,,,,,,3.705,,,,,,2,중부산,3,동천,동천2-1,범3호교(성서교),2013,10,동천,B,3900.0,1,1
201310,327,8.0,1.6,3.0,1.6,7.1,8.5,0.047,1300.0,,23.6,241.0,,,,,,,,,,,1.8,,,,,,1,수영강,29,온천천,온천천(청룡),청룡2호교,2013,10,온천천,A,1300.0,1,0
201310,328,8.0,2.1,4.2,1.9,7.5,9.1,0.118,7900.0,,23.7,328.0,,,,,,,,,,,2.694,,,,,,1,수영강,29,온천천,온천천(온천),온천교,2013,10,온천천,A,7900.0,1,0
201311,206,7.8,4.3,5.6,,2.6,7.8,0.463,24000.0,4900.0,15.8,30900.0,0.0,,,,,,,4.666,0.518,5.53,5.825,0.392,0.394,,0.6,,2,중부산,3,동천,동천1,광무교,2013,11,동천,B,4900.0,1,0
201311,207,7.4,5.4,6.0,,4.2,1.4,0.381,130000.0,14000.0,15.0,35260.0,0.0,,,,,,,2.44,0.02,2.581,3.02,0.24,0.27,,1.7,,2,중부산,3,동천,동천2,범4호교,2013,11,동천,B,14000.0,1,1
201311,208,7.4,3.1,3.5,,3.1,2.0,0.344,79000.0,11000.0,15.8,38850.0,0.0,,,,,,,1.392,0.076,1.599,1.856,0.257,0.265,,0.4,,2,중부산,3,동천,동천3,범일교,2013,11,동천,B,11000.0,1,1
201311,215,8.2,1.6,4.2,,6.2,11.8,0.068,2200.0,110.0,14.4,174.0,0.0,,,,,,,0.078,1.533,1.632,1.747,0.042,0.051,,1.0,,1,수영강,29,온천천,온천천1(태광산업),태광산업 앞,2013,11,온천천,A,110.0,0,0
201311,216,7.3,2.3,5.6,,2.8,7.8,0.131,1700.0,110.0,15.2,9809.0,0.0,,,,,,,0.611,2.219,2.943,3.544,0.101,0.103,,1.6,,1,수영강,29,온천천,온천천2(연안교),연안교,2013,11,온천천,A,110.0,0,0
201311,312,7.3,4.4,4.8,3.1,4.0,1.7,0.365,920000.0,33000.0,15.5,37190.0,,,,,,,,1.695,0.0191,1.853,2.168,0.251,0.27,0.0,0.7,,2,중부산,3,동천,동천2-1,범3호교(성서교),2013,11,동천,B,33000.0,1,1
201311,327,7.7,1.4,4.2,2.5,8.7,10.3,0.048,170.0,23.0,15.8,156.0,,,,,,,,0.087,1.4298,1.549,1.585,0.013,0.023,0.0,1.6,,1,수영강,29,온천천,온천천(청룡),청룡2호교,2013,11,온천천,A,23.0,0,0
201311,328,8.1,1.5,4.4,2.6,2.0,12.6,0.059,2300.0,330.0,15.2,220.0,,,,,,,,0.071,1.962,2.115,2.147,0.049,0.055,0.0,1.7,,1,수영강,29,온천천,온천천(온천),온천교,2013,11,온천천,A,330.0,0,0
201312,206,7.9,3.2,4.0,,3.4,7.6,0.145,700.0,700.0,10.0,38990.0,0.0,0.0,0.0,0.0,0.0,0.0,0.0,1.157,0.242,1.603,1.634,0.14,0.144,,0.3,0.0,2,중부산,3,동천,동천1,광무교,2013,12,동천,B,700.0,0,0
201312,208,7.3,6.5,6.5,,4.4,1.6,0.275,2200.0,1400.0,9.2,39110.0,0.0,0.0,0.0,0.0,0.0,0.0,0.0,1.881,0.004,2.062,2.348,0.179,0.195,,0.0,0.0,2,중부산,3,동천,동천3,범일교,2013,12,동천,B,1400.0,1,1
201312,215,7.9,2.2,4.4,,6.7,12.2,0.09,330.0,130.0,9.2,265.0,0.0,0.0,0.0,0.0,0.0,0.0,0.0,0.288,1.981,2.639,2.73,0.074,0.088,0.0,2.7,0.0,1,수영강,29,온천천,온천천1(태광산업),태광산업 앞,2013,12,온천천,A,130.0,0,0
201312,216,7.2,2.5,5.0,,3.3,9.5,0.322,13000.0,2300.0,9.0,6103.0,0.0,0.0,0.0,0.0,0.0,0.0,0.0,0.749,2.69,4.01,4.098,0.253,0.317,0.0,2.6,0.0,1,수영강,29,온천천,온천천2(연안교),연안교,2013,12,온천천,A,2300.0,1,0
201312,312,7.3,11.6,12.5,2.0,6.3,1.0,0.418,3300.0,,8.8,38060.0,,,,,,,,,,,3.435,,,,,,2,중부산,3,동천,동천2-1,범3호교(성서교),2013,12,동천,B,3300.0,1,1
201312,327,8.0,1.9,3.8,1.7,4.1,12.4,0.034,110.0,,9.1,268.0,,,,,,,,,,,2.569,,,,,,1,수영강,29,온천천,온천천(청룡),청룡2호교,2013,12,온천천,A,110.0,0,0
201312,328,7.8,2.2,4.8,1.9,1.0,14.1,0.137,11000.0,,9.5,212.0,,,,,,,,,,,4.109,,,,,,1,수영강,29,온천천,온천천(온천),온천교,2013,12,온천천,A,11000.0,1,0
201401,206,7.6,2.0,2.0,,6.7,7.9,0.206,540.0,140.0,8.3,39990.0,0.0,,,,,,,1.727,0.07,2.092,2.508,0.075,0.164,,0.3,,2,중부산,3,동천,동천1,광무교,2014,1,동천,B,140.0,0,0
201401,207,7.5,12.6,12.8,,16.5,1.5,0.595,350.0,110.0,6.5,38600.0,0.0,,,,,,,2.911,0.011,3.886,4.96,0.091,0.313,,1.2,,2,중부산,3,동천,동천2,범4호교,2014,1,동천,B,110.0,0,1
201401,208,7.5,2.1,3.2,,8.9,5.1,0.114,2400.0,130.0,7.9,41550.0,0.0,,,,,,,0.979,0.014,1.291,1.303,0.028,0.081,,0.4,,2,중부산,3,동천,동천3,범일교,2014,1,동천,B,130.0,0,0
201401,215,7.6,3.1,5.2,,5.0,12.5,0.106,2800.0,790.0,5.5,319.0,0.0,,,,,,,0.531,2.102,3.274,3.362,0.076,0.102,,10.5,,1,수영강,29,온천천,온천천1(태광산업),태광산업 앞,2014,1,온천천,A,790.0,0,0
201401,216,6.9,3.7,6.4,,4.4,10.9,0.239,2700.0,1300.0,6.6,11150.0,0.0,,,,,,,1.153,2.969,4.802,5.031,0.155,0.23,,26.6,,1,수영강,29,온천천,온천천2(연안교),연안교,2014,1,온천천,A,1300.0,1,0
201401,312,7.5,4.8,4.8,2.0,13.7,2.8,0.252,,,6.6,38060.0,,,,,,,,,,,2.871,,,,,,2,중부산,3,동천,동천2-1,범3호교(성서교),2014,1,동천,B,,0,1
201401,327,7.8,1.1,2.0,1.7,0.7,13.8,0.013,,,4.9,268.0,,,,,,,,,,,1.012,,,,,,1,수영강,29,온천천,온천천(청룡),청룡2호교,2014,1,온천천,A,,0,0
201401,328,7.9,3.1,4.8,1.9,1.9,13.8,0.247,,,6.3,212.0,,,,,,,,,,,5.527,,,,,,1,수영강,29,온천천,온천천(온천),온천교,2014,1,온천천,A,,0,0
201402,206,7.4,13.2,13.6,,13.9,5.2,0.505,48000.0,10000.0,4.2,6058.0,0.0,,,,,,,6.878,0.679,8.41,8.61,0.304,0.455,,0.1,,2,중부산,3,동천,동천1,광무교,2014,2,동천,B,10000.0,1,0
201402,207,7.1,13.5,13.6,,28.8,0.6,0.539,150000.0,46000.0,8.5,33860.0,0.0,,,,,,,4.834,0.001,6.163,6.231,0.299,0.445,,1.3,,2,중부산,3,동천,동천2,범4호교,2014,2,동천,B,46000.0,1,1
201402,208,7.3,8.6,6.8,,29.5,0.7,0.364,47000.0,21000.0,8.8,37360.0,0.0,,,,,,,3.796,0.0,4.082,4.153,0.228,0.275,,0.6,,2,중부산,3,동천,동천3,범일교,2014,2,동천,B,21000.0,1,1
201402,215,7.7,44.2,30.3,,113.3,14.1,0.189,48000.0,1400.0,4.7,435.0,0.0,,,,,,,1.0,1.698,3.702,3.791,0.06,3.702,,65.0,,1,수영강,29,온천천,온천천1(태광산업),태광산업 앞,2014,2,온천천,A,1400.0,1,0
201402,216,7.6,5.5,5.9,,4.6,10.9,0.151,4800.0,470.0,4.4,1195.0,0.0,,,,,,,0.973,2.527,4.374,4.652,0.088,4.374,,2.0,,1,수영강,29,온천천,온천천2(연안교),연안교,2014,2,온천천,A,470.0,0,0
201402,312,7.2,10.8,10.0,2.0,21.5,0.6,0.427,,,9.0,38060.0,,,,,,,,,,,5.032,,,,,,2,중부산,3,동천,동천2-1,범3호교(성서교),2014,2,동천,B,,0,1
201402,327,7.9,2.0,1.3,1.7,0.2,14.6,0.019,,,4.2,268.0,,,,,,,,,,,1.369,,,,,,1,수영강,29,온천천,온천천(청룡),청룡2호교,2014,2,온천천,A,,0,0
201402,328,8.2,3.7,4.5,1.9,3.7,15.3,0.115,,,3.0,212.0,,,,,,,,,,,3.71,,,,,,1,수영강,29,온천천,온천천(온천),온천교,2014,2,온천천,A,,0,0
201403,206,7.3,2.8,3.6,,2.9,8.0,0.172,14000.0,6000.0,11.9,47070.0,0.0,0.0,0.0,0.0,0.0,0.0,0.0,1.644,0.32,2.254,2.284,0.159,0.165,,0.4,0.0,2,중부산,3,동천,동천1,광무교,2014,3,동천,B,6000.0,1,0
201403,207,7.0,6.2,7.6,,10.0,0.6,0.437,350000.0,14000.0,13.3,40970.0,0.0,0.0,0.0,0.0,0.0,0.0,0.0,2.878,0.011,4.824,4.883,0.313,0.43,,0.7,0.0,2,중부산,3,동천,동천2,범4호교,2014,3,동천,B,14000.0,1,1
201403,208,6.9,6.2,8.0,,6.5,0.5,0.417,39000.0,9000.0,14.3,41560.0,0.0,0.0,0.0,0.0,0.0,0.0,0.0,3.009,0.014,4.604,4.7,0.247,0.409,,0.6,0.0,2,중부산,3,동천,동천3,범일교,2014,3,동천,B,9000.0,1,1
201403,215,8.8,6.4,9.0,,12.2,13.3,0.24,920.0,47.0,9.5,439.0,0.0,0.0,0.0,0.0,0.009,0.0,0.0,1.275,1.079,3.036,3.431,0.073,0.171,0.0,25.0,0.0,1,수영강,29,온천천,온천천1(태광산업),태광산업 앞,2014,3,온천천,A,47.0,0,0
201403,216,7.9,6.5,6.2,,4.6,10.5,0.167,1700.0,3500.0,6.9,839.0,0.0,0.0,0.0,0.0,0.007,0.0,0.0,0.449,1.447,2.96,3.085,0.09,0.129,0.0,4.9,0.0,1,수영강,29,온천천,온천천2(연안교),연안교,2014,3,온천천,A,3500.0,1,0
201403,312,7.0,6.0,7.2,2.0,39.1,0.6,0.459,,,13.4,38060.0,,,,,,,,,,,1.861,,,,,,2,중부산,3,동천,동천2-1,범3호교(성서교),2014,3,동천,B,,0,1
201403,327,8.6,3.0,5.2,1.7,6.3,13.1,0.062,,,7.7,268.0,,,,,,,,,,,2.393,,,,,,1,수영강,29,온천천,온천천(청룡),청룡2호교,2014,3,온천천,A,,0,0
201403,328,8.6,1.8,5.1,1.9,4.4,16.2,0.136,,,8.1,212.0,,,,,,,,,,,2.634,,,,,,1,수영강,29,온천천,온천천(온천),온천교,2014,3,온천천,A,,0,0
201404,206,7.5,8.4,4.4,,3.4,8.1,0.648,15000.0,10000.0,13.5,43850.0,0.0,,,,,,,3.094,0.167,3.1,3.345,0.61,0.623,,0.0,,2,중부산,3,동천,동천1,광무교,2014,4,동천,B,10000.0,1,0
201404,207,7.2,21.5,22.4,,6.0,0.9,0.643,25000.0,8000.0,15.9,45320.0,0.0,,,,,,,4.264,0.0,4.272,4.366,0.6,0.612,,0.4,,2,중부산,3,동천,동천2,범4호교,2014,4,동천,B,8000.0,1,1
201404,208,7.3,10.3,9.2,,7.2,1.2,0.35,14000.0,4000.0,14.7,49200.0,0.0,,,,,,,1.999,0.0,2.086,2.283,0.331,0.332,,1.1,,2,중부산,3,동천,동천3,범일교,2014,4,동천,B,4000.0,1,1
201404,215,9.1,3.1,9.3,,6.1,10.4,0.078,700.0,490.0,16.3,452.0,0.0,,,,,,,0.027,2.849,3.224,3.447,0.034,0.064,,20.3,,1,수영강,29,온천천,온천천1(태광산업),태광산업 앞,2014,4,온천천,A,490.0,0,0
201404,216,7.9,2.3,7.9,,2.3,6.4,0.129,16000.0,1700.0,13.9,603.0,0.0,,,,,,,0.363,2.082,2.957,3.185,0.087,0.104,,5.0,,1,수영강,29,온천천,온천천2(연안교),연안교,2014,4,온천천,A,1700.0,1,0
201404,312,7.3,21.5,18.8,2.0,6.6,1.4,0.587,46930.0,,15.9,38060.0,,,,,,,,,,,3.721,,,,,,2,중부산,3,동천,동천2-1,범3호교(성서교),2014,4,동천,B,46930.0,1,1
201404,327,8.1,0.5,2.4,1.7,1.8,11.6,0.017,70.0,,12.7,268.0,,,,,,,,,,,1.007,,,,,,1,수영강,29,온천천,온천천(청룡),청룡2호교,2014,4,온천천,A,70.0,0,0
201404,328,8.8,2.3,5.6,1.9,4.1,11.3,0.088,333.0,,14.7,212.0,,,,,,,,,,,2.679,,,,,,1,수영강,29,온천천,온천천(온천),온천교,2014,4,온천천,A,333.0,0,0
201405,206,7.9,1.4,2.4,,2.9,6.7,0.094,3300.0,2700.0,15.4,46020.0,0.0,,,,,,,0.372,0.217,0.641,0.964,0.069,0.073,,0.6,,2,중부산,3,동천,동천1,광무교,2014,5,동천,B,2700.0,1,0
201405,207,7.5,9.0,11.9,,7.7,0.4,0.484,6000.0,9000.0,18.5,40070.0,0.0,,,,,,,3.404,0.015,3.704,3.739,0.388,0.438,,7.2,,2,중부산,3,동천,동천2,범4호교,2014,5,동천,B,9000.0,1,1
201405,208,7.5,6.8,9.2,,4.6,0.6,0.341,21000.0,2000.0,17.2,43590.0,0.0,,,,,,,1.722,0.026,2.299,2.371,0.251,0.294,,4.3,,2,중부산,3,동천,동천3,범일교,2014,5,동천,B,2000.0,1,1
201405,215,7.5,2.7,4.9,,6.3,8.6,0.244,4700.0,470.0,21.0,435.0,0.0,,,,,,,1.636,1.33,2.987,3.177,0.236,0.232,,1.4,,1,수영강,29,온천천,온천천1(태광산업),태광산업 앞,2014,5,온천천,A,470.0,0,0
201405,216,7.0,9.8,9.1,,12.1,3.7,0.349,4800.0,3500.0,18.1,1195.0,0.0,,,,,,,1.385,1.482,3.303,4.385,0.126,0.127,,83.5,,1,수영강,29,온천천,온천천2(연안교),연안교,2014,5,온천천,A,3500.0,1,0
201406,216,7.6,2.9,5.6,,5.6,5.1,0.145,1700.0,340.0,20.5,2455.0,0.0,0.0,0.0,0.0,0.0,0.0,0.0,0.5,1.845,2.783,2.985,0.093,0.091,0.0,30.1,0.0,1,수영강,29,온천천,온천천2(연안교),연안교,2014,6,온천천,A,340.0,0,0
201406,312,,,,2.0,,,,,,,38060.0,,,,,,,,,,,,,,,,,2,중부산,3,동천,동천2-1,범3호교(성서교),2014,6,동천,B,,0,0
201406,327,,0.1,1.6,1.7,0.2,9.5,0.034,,,17.2,268.0,,,,,,,,,,,0.954,,,,,,1,수영강,29,온천천,온천천(청룡),청룡2호교,2014,6,온천천,A,,0,0
201406,328,,1.4,5.7,1.9,10.7,9.0,0.067,,,20.4,212.0,,,,,,,,,,,1.97,,,,,,1,수영강,29,온천천,온천천(온천),온천교,2014,6,온천천,A,,0,0
201407,206,7.5,2.6,0.8,,8.6,5.3,0.079,110000.0,46000.0,22.6,40360.0,0.0,,,,,,,0.251,0.21,0.63,0.72,0.07,0.07,,9.7,,2,중부산,3,동천,동천1,광무교,2014,7,동천,B,46000.0,1,0
201407,207,7.5,16.5,16.4,,6.4,0.9,0.369,130000.0,130000.0,24.4,35110.0,0.0,,,,,,,2.249,0.01,2.485,2.96,0.251,0.252,,104.1,,2,중부산,3,동천,동천2,범4호교,2014,7,동천,B,130000.0,1,1
201407,208,7.5,10.5,9.2,,16.4,0.7,0.267,540000.0,540000.0,24.0,37230.0,0.0,,,,,,,1.682,0.01,1.932,2.304,0.176,0.18,,21.0,,2,중부산,3,동천,동천3,범일교,2014,7,동천,B,540000.0,1,1
201407,215,7.7,2.4,4.3,,6.1,7.6,0.076,32000.0,490.0,26.2,357.0,0.0,,,,,,,0.018,1.12,1.488,1.878,0.056,0.066,,2.6,,1,수영강,29,온천천,온천천1(태광산업),태광산업 앞,2014,7,온천천,A,490.0,0,0
201407,216,7.2,9.0,9.1,,16.4,3.1,0.353,9200000.0,1700.0,22.7,653.0,0.0,,,,,,,2.698,1.32,4.837,5.436,0.204,0.198,,2.0,,1,수영강,29,온천천,온천천2(연안교),연안교,2014,7,온천천,A,1700.0,1,0
201602,216,8.1,5.5,3.6,,2.6,11.5,0.073,14000.0,9400.0,8.9,3003.0,0.0,0.0,0.0,0.0,0.0,0.0,0.0,0.553,3.0185,4.124,4.327,0.022,0.066,0.0,8.8,,1,수영강,29,온천천,온천천2(연안교),연안교,2016,2,온천천,A,9400.0,1,0
201407,312,7.6,11.8,11.6,2.0,5.6,0.7,0.28,36656.0,,24.3,38060.0,,,,,,,,,,,2.52,,,,,,2,중부산,3,동천,동천2-1,범3호교(성서교),2014,7,동천,B,36656.0,1,1
201407,327,7.2,1.4,3.1,1.7,1.2,8.8,0.036,113.0,,20.7,268.0,,,,,,,,,,,0.802,,,,,,1,수영강,29,온천천,온천천(청룡),청룡2호교,2014,7,온천천,A,113.0,0,0
201407,328,7.3,3.2,6.7,1.9,3.5,7.2,0.091,623.0,,22.7,212.0,,,,,,,,,,,2.499,,,,,,1,수영강,29,온천천,온천천(온천),온천교,2014,7,온천천,A,623.0,0,0
201408,206,6.9,11.0,9.2,,6.4,2.8,0.612,48000.0,48000.0,23.0,22970.0,0.0,,,,,,,5.076,0.2,6.231,6.517,0.52,0.599,,6.0,,2,중부산,3,동천,동천1,광무교,2014,8,동천,B,48000.0,1,1
201408,207,6.8,18.8,15.2,,10.7,0.6,0.624,39000.0,24000.0,24.2,27100.0,0.0,,,,,,,4.518,0.06,5.802,5.967,0.518,0.587,,3.6,,2,중부산,3,동천,동천2,범4호교,2014,8,동천,B,24000.0,1,1
201408,208,6.8,13.8,9.2,,4.0,0.3,0.378,47000.0,47000.0,24.1,31630.0,0.0,,,,,,,1.808,0.0,3.804,3.871,0.302,0.364,,2.4,,2,중부산,3,동천,동천3,범일교,2014,8,동천,B,47000.0,1,1
201408,215,7.5,1.0,3.2,,1.2,7.3,0.108,28000.0,930.0,27.3,126.0,0.0,,,,,,,0.051,0.88,0.988,1.062,0.065,0.106,,0.9,,1,수영강,29,온천천,온천천1(태광산업),태광산업 앞,2014,8,온천천,A,930.0,0,0
201408,216,7.2,3.8,5.6,,6.4,1.2,0.353,160000.0,4700.0,24.5,1554.0,0.0,,,,,,,1.199,0.22,1.662,2.053,0.209,0.247,,1.4,,1,수영강,29,온천천,온천천2(연안교),연안교,2014,8,온천천,A,4700.0,1,1
201408,312,6.7,17.6,14.0,2.0,5.7,0.6,0.539,10000.0,,24.5,38060.0,,,,,,,,,,,5.297,,,,,,2,중부산,3,동천,동천2-1,범3호교(성서교),2014,8,동천,B,10000.0,1,1
201408,327,7.8,0.1,2.0,1.7,0.7,8.7,0.059,1700.0,,21.6,268.0,,,,,,,,,,,0.474,,,,,,1,수영강,29,온천천,온천천(청룡),청룡2호교,2014,8,온천천,A,1700.0,1,0
201408,328,7.4,0.6,2.9,1.9,0.5,7.5,0.123,4300.0,,26.1,212.0,,,,,,,,,,,1.353,,,,,,1,수영강,29,온천천,온천천(온천),온천교,2014,8,온천천,A,4300.0,1,0
201409,206,7.6,6.6,7.6,,5.8,3.9,0.633,1200000.0,15000.0,21.6,22600.0,0.0,0.0,0.0,0.0,0.0,0.0,0.0,4.82,1.43,5.473,5.985,0.518,0.546,,2.0,0.0,2,중부산,3,동천,동천1,광무교,2014,9,동천,B,15000.0,1,0
201409,207,7.5,4.6,6.8,,3.2,3.5,0.45,920000.0,48000.0,22.0,25400.0,0.0,0.0,0.0,0.0,0.0,0.0,0.0,3.43,1.05,4.111,4.341,0.351,0.375,,4.0,0.0,2,중부산,3,동천,동천2,범4호교,2014,9,동천,B,48000.0,1,0
201409,208,7.6,3.8,4.8,,3.0,2.8,0.329,540000.0,41000.0,22.8,36600.0,0.0,0.0,0.0,0.0,0.0,0.0,0.0,1.838,0.48,3.005,3.031,0.254,0.286,,5.9,0.0,2,중부산,3,동천,동천3,범일교,2014,9,동천,B,41000.0,1,1
201409,215,7.9,6.0,7.4,,4.1,8.1,0.247,330000.0,110000.0,23.9,234.0,0.0,0.0,0.0,0.0,0.0,0.0,0.0,1.361,1.54,3.801,4.112,0.215,0.2,0.0,11.1,0.0,1,수영강,29,온천천,온천천1(태광산업),태광산업 앞,2014,9,온천천,A,110000.0,1,0
201409,216,7.7,6.4,4.4,,7.6,3.5,0.232,45000.0,20000.0,22.6,2388.0,0.0,0.0,0.0,0.0,0.0,0.0,0.0,2.336,1.44,5.019,4.993,0.213,0.225,0.0,20.2,0.0,1,수영강,29,온천천,온천천2(연안교),연안교,2014,9,온천천,A,20000.0,1,0
201409,312,7.4,4.2,6.0,3.1,3.4,2.4,0.267,920000.0,,23.4,31800.0,,,,,,,,,,,2.171,,,,,,2,중부산,3,동천,동천2-1,범3호교(성서교),2014,9,동천,B,920000.0,1,1
201409,327,7.3,0.5,1.0,0.9,0.2,8.1,0.026,240.0,,19.3,64.0,,,,,,,,,,,0.729,,,,,,1,수영강,29,온천천,온천천(청룡),청룡2호교,2014,9,온천천,A,240.0,0,0
201409,328,7.2,7.5,7.5,3.8,15.3,5.9,0.281,48000.0,,23.0,283.0,,,,,,,,,,,4.598,,,,,,1,수영강,29,온천천,온천천(온천),온천교,2014,9,온천천,A,48000.0,1,0
201405,312,,7.4,16.4,2.0,3.6,0.4,0.489,,,19.3,38060.0,,,,,,,,,,,3.573,,,,,,2,중부산,3,동천,동천2-1,범3호교(성서교),2014,5,동천,B,,0,1
201405,327,,0.2,1.9,1.7,1.9,11.0,0.022,,,16.1,268.0,,,,,,,,,,,0.755,,,,,,1,수영강,29,온천천,온천천(청룡),청룡2호교,2014,5,온천천,A,,0,0
201405,328,,1.5,4.2,1.9,10.2,8.3,0.323,,,19.2,212.0,,,,,,,,,,,4.038,,,,,,1,수영강,29,온천천,온천천(온천),온천교,2014,5,온천천,A,,0,0
201406,215,8.1,3.6,7.6,,18.9,8.9,0.055,11000.0,2700.0,21.3,262.0,0.0,0.0,0.0,0.0,0.0,0.0,0.0,0.056,1.491,1.942,2.135,0.032,0.056,0.0,12.3,0.0,1,수영강,29,온천천,온천천1(태광산업),태광산업 앞,2014,6,온천천,A,2700.0,1,0
201410,206,7.3,2.7,1.6,,5.6,5.8,0.098,48000.0,25000.0,19.6,40690.0,0.0,,,,,,,0.239,0.12,0.335,0.434,0.095,0.08,,14.5,,2,중부산,3,동천,동천1,광무교,2014,10,동천,B,25000.0,1,0
201410,207,7.5,4.3,4.8,,5.8,1.8,0.251,70000.0,40000.0,19.8,33760.0,0.0,,,,,,,1.26,0.01,1.553,1.857,0.191,0.183,,15.3,,2,중부산,3,동천,동천2,범4호교,2014,10,동천,B,40000.0,1,1
201410,208,7.6,5.5,5.2,,4.4,1.6,0.268,350000.0,350000.0,20.4,34860.0,0.0,,,,,,,1.207,0.1,1.661,2.108,0.168,0.18,,6.5,,2,중부산,3,동천,동천3,범일교,2014,10,동천,B,350000.0,1,1
201410,215,7.4,1.6,5.0,,1.2,9.6,0.096,28000.0,4700.0,20.0,224.0,0.0,,,,,,,0.122,2.19,3.049,2.654,0.103,0.109,,3.4,,1,수영강,29,온천천,온천천1(태광산업),태광산업 앞,2014,10,온천천,A,4700.0,1,0
201410,216,6.6,2.3,6.0,,10.6,8.3,0.122,11000.0,3300.0,19.4,7888.0,0.0,,,,,,,0.313,3.06,3.931,4.189,0.028,0.038,,61.1,,1,수영강,29,온천천,온천천2(연안교),연안교,2014,10,온천천,A,3300.0,1,0
201410,312,7.6,3.7,4.0,2.5,2.5,1.9,0.205,240000.0,,20.4,35520.0,,,,,,,,,,,1.576,,,,,,2,중부산,3,동천,동천2-1,범3호교(성서교),2014,10,동천,B,240000.0,1,1
201410,327,8.4,0.7,1.4,0.9,0.1,10.0,0.032,14000.0,,17.0,66.0,,,,,,,,,,,0.992,,,,,,1,수영강,29,온천천,온천천(청룡),청룡2호교,2014,10,온천천,A,14000.0,1,0
201410,328,7.8,1.8,3.7,2.2,1.4,8.9,0.096,820.0,,18.6,298.0,,,,,,,,,,,3.462,,,,,,1,수영강,29,온천천,온천천(온천),온천교,2014,10,온천천,A,820.0,0,0
201411,206,7.8,0.9,1.6,,6.0,6.7,0.072,220.0,170.0,15.2,41020.0,0.0,,,,,,,0.323,0.2,0.908,0.96,0.071,0.07,,0.9,,2,중부산,3,동천,동천1,광무교,2014,11,동천,B,170.0,0,0
201411,207,7.2,6.2,5.6,,5.7,0.7,0.266,4600.0,7000.0,13.7,36780.0,0.0,,,,,,,1.593,0.04,2.318,2.51,0.233,0.228,,2.6,,2,중부산,3,동천,동천2,범4호교,2014,11,동천,B,7000.0,1,1
201411,208,7.3,2.6,2.8,,4.3,1.9,0.202,4000.0,4000.0,15.5,35840.0,0.0,,,,,,,1.505,0.24,2.361,2.361,0.186,0.181,,3.6,,2,중부산,3,동천,동천3,범일교,2014,11,동천,B,4000.0,1,1
201411,215,7.9,2.6,4.4,,4.3,10.2,0.087,240000.0,17000.0,17.1,239.0,0.0,,,,,,,0.337,2.01,2.728,3.409,0.072,0.07,,3.3,,1,수영강,29,온천천,온천천1(태광산업),태광산업 앞,2014,11,온천천,A,17000.0,1,0
201411,216,7.9,1.7,4.4,,4.6,8.1,0.099,92000.0,4700.0,14.7,1019.0,0.0,,,,,,,0.346,2.66,3.213,3.454,0.077,0.072,,2.4,,1,수영강,29,온천천,온천천2(연안교),연안교,2014,11,온천천,A,4700.0,1,0
201411,312,7.2,3.7,4.0,2.3,4.3,1.1,0.232,3900.0,1700.0,14.9,37040.0,0.0,0.0,0.0,0.0,0.0,0.0,0.0,1.41,0.0167,2.102,2.279,0.191,0.19,,6.2,,2,중부산,3,동천,동천2-1,범3호교(성서교),2014,11,동천,B,1700.0,1,1
201411,327,8.2,0.8,0.7,0.9,0.6,11.8,0.018,240.0,61.0,12.3,61.0,0.0,0.0,0.0,0.0,0.0,0.0,0.0,0.029,0.624,0.81,0.772,0.017,0.016,0.0,0.4,,1,수영강,29,온천천,온천천(청룡),청룡2호교,2014,11,온천천,A,61.0,0,0
201411,328,8.0,1.5,3.9,2.6,2.2,11.0,0.077,94000.0,46000.0,15.7,225.0,0.0,0.0,0.0,0.0,0.0,0.0,0.0,0.183,2.197,2.985,3.189,0.071,0.066,0.0,2.5,,1,수영강,29,온천천,온천천(온천),온천교,2014,11,온천천,A,46000.0,1,0
201412,206,7.8,4.4,3.6,,3.0,8.8,0.295,4300.0,2100.0,10.6,36470.0,0.0,0.0,0.0,0.0,0.0,0.0,0.0,2.177,0.47,2.795,2.852,0.274,0.269,,0.4,0.0,2,중부산,3,동천,동천1,광무교,2014,12,동천,B,2100.0,1,0
201412,207,7.3,5.3,5.2,,13.7,1.4,0.288,1700.0,220.0,7.3,38420.0,0.0,0.0,0.0,0.0,0.0,0.0,0.0,1.902,0.03,2.138,2.545,0.183,0.179,,2.4,0.0,2,중부산,3,동천,동천2,범4호교,2014,12,동천,B,220.0,0,1
201412,208,7.5,2.3,1.6,,4.4,3.1,0.129,2600.0,2200.0,10.6,39190.0,0.0,0.0,0.0,0.0,0.0,0.0,0.0,1.324,0.2,1.644,1.962,0.097,0.091,,0.8,0.0,2,중부산,3,동천,동천3,범일교,2014,12,동천,B,2200.0,1,0
201412,215,8.0,3.5,6.7,,2.2,11.0,0.113,23000.0,23000.0,10.5,326.0,0.0,0.0,0.0,0.0,0.0,0.0,0.0,0.655,2.0,3.76,3.758,0.096,0.098,0.0,5.0,0.0,1,수영강,29,온천천,온천천1(태광산업),태광산업 앞,2014,12,온천천,A,23000.0,1,0
201412,216,6.7,2.8,6.1,,2.3,10.2,0.111,14000.0,14000.0,7.9,735.0,0.0,0.0,0.0,0.0,0.0,0.0,0.0,0.663,2.07,4.243,4.401,0.106,0.109,0.0,3.7,0.0,1,수영강,29,온천천,온천천2(연안교),연안교,2014,12,온천천,A,14000.0,1,0
201412,312,7.3,4.0,3.6,2.3,5.6,2.4,0.231,220.0,,8.9,37640.0,,,,,,,,,,,2.57,,,,,,2,중부산,3,동천,동천2-1,범3호교(성서교),2014,12,동천,B,220.0,0,1
201412,327,8.1,0.5,1.7,0.7,0.3,11.9,0.019,6.0,,5.7,69.0,,,,,,,,,,,0.973,,,,,,1,수영강,29,온천천,온천천(청룡),청룡2호교,2014,12,온천천,A,6.0,0,0
201412,328,7.6,1.8,5.5,2.6,2.4,12.1,0.072,13000.0,,8.9,245.0,,,,,,,,,,,3.193,,,,,,1,수영강,29,온천천,온천천(온천),온천교,2014,12,온천천,A,13000.0,1,0
201501,206,7.4,0.4,1.2,,3.4,8.5,0.125,1700.0,1100.0,10.1,50890.0,0.0,,,,,,,0.234,0.22,0.563,0.578,0.095,0.123,,0.6,,2,중부산,3,동천,동천1,광무교,2015,1,동천,B,1100.0,1,0
201501,207,7.0,9.6,10.0,,15.3,1.8,0.371,2200.0,1400.0,7.1,47090.0,0.0,,,,,,,1.944,0.0,2.232,2.874,0.223,0.229,,2.4,,2,중부산,3,동천,동천2,범4호교,2015,1,동천,B,1400.0,1,1
201501,208,7.0,8.4,5.6,,8.6,2.4,0.262,480.0,240.0,9.3,45580.0,0.0,,,,,,,1.709,0.01,1.915,2.471,0.171,0.178,,1.0,,2,중부산,3,동천,동천3,범일교,2015,1,동천,B,240.0,0,1
201501,215,7.3,5.2,8.0,,4.7,13.7,0.06,54000.0,17000.0,5.2,324.0,0.0,,,,,,,0.516,2.52,3.176,3.469,0.039,0.044,,9.9,,1,수영강,29,온천천,온천천1(태광산업),태광산업 앞,2015,1,온천천,A,17000.0,1,0
201501,216,7.1,3.1,10.4,,3.0,12.5,0.067,22000.0,4800.0,2.2,10.0,0.0,,,,,,,0.613,2.76,3.511,3.892,0.044,0.048,,5.1,,1,수영강,29,온천천,온천천2(연안교),연안교,2015,1,온천천,A,4800.0,1,0
201501,312,6.9,10.3,8.8,3.4,14.5,1.8,0.404,28000.0,,7.9,46890.0,,,,,,,,,,,2.816,,,,,,2,중부산,3,동천,동천2-1,범3호교(성서교),2015,1,동천,B,28000.0,1,1
201501,327,7.5,1.1,1.3,0.7,17.9,13.8,0.029,110.0,,3.4,63.0,,,,,,,,,,,1.153,,,,,,1,수영강,29,온천천,온천천(청룡),청룡2호교,2015,1,온천천,A,110.0,0,0
201501,328,7.4,3.4,5.5,2.4,2.5,13.2,0.047,54000.0,,4.2,279.0,,,,,,,,,,,3.298,,,,,,1,수영강,29,온천천,온천천(온천),온천교,2015,1,온천천,A,54000.0,1,0
201502,206,8.0,1.5,2.0,,6.9,8.3,0.094,340.0,270.0,7.4,49850.0,0.0,,,,,,,0.008,0.223,0.679,0.791,0.007,0.086,,1.8,,2,중부산,3,동천,동천1,광무교,2015,2,동천,B,270.0,0,0
201502,207,7.3,3.4,3.6,,12.4,2.7,0.258,11000.0,480.0,5.7,46570.0,0.0,,,,,,,1.668,0.06,2.111,2.195,0.158,0.173,,0.6,,2,중부산,3,동천,동천2,범4호교,2015,2,동천,B,480.0,0,1
201502,208,7.9,2.0,2.0,,2.7,5.5,0.121,260.0,260.0,8.9,48310.0,0.0,,,,,,,0.747,0.16,1.022,1.077,0.081,0.091,,0.5,,2,중부산,3,동천,동천3,범일교,2015,2,동천,B,260.0,0,0
201502,215,7.8,3.2,5.6,,6.0,12.0,0.07,13000.0,2200.0,6.2,363.0,0.0,,,,,,,0.463,2.707,3.266,3.542,0.057,0.059,,3.2,,1,수영강,29,온천천,온천천1(태광산업),태광산업 앞,2015,2,온천천,A,2200.0,1,0
201502,216,7.3,9.6,6.2,,19.9,10.9,0.221,3400.0,940.0,6.9,4325.0,0.0,,,,,,,0.775,2.832,4.802,5.102,0.055,0.207,,135.3,,1,수영강,29,온천천,온천천2(연안교),연안교,2015,2,온천천,A,940.0,0,0
201502,312,7.4,2.3,4.0,2.2,5.7,2.3,0.211,1300.0,,7.7,46730.0,,,,,,,,,,,1.892,,,,,,2,중부산,3,동천,동천2-1,범3호교(성서교),2015,2,동천,B,1300.0,1,1
201502,327,7.8,2.3,4.2,2.2,6.2,12.7,0.019,490.0,,5.3,282.0,,,,,,,,,,,2.97,,,,,,1,수영강,29,온천천,온천천(청룡),청룡2호교,2015,2,온천천,A,490.0,0,0
201502,328,7.7,2.7,4.8,2.3,3.5,13.5,0.038,4900.0,,5.8,304.0,,,,,,,,,,,3.27,,,,,,1,수영강,29,온천천,온천천(온천),온천교,2015,2,온천천,A,4900.0,1,0
201503,206,7.7,6.3,1.2,,4.0,7.7,0.116,13000.0,7900.0,8.3,50350.0,0.0,0.0,0.0,0.0,0.0,0.0,0.0,0.491,0.05,0.542,0.58,0.06,0.106,,1.3,0.0,2,중부산,3,동천,동천1,광무교,2015,3,동천,B,7900.0,1,0
201503,207,7.1,11.3,4.8,,18.6,1.3,0.304,12000.0,1700.0,7.4,46070.0,0.0,0.0,0.0,0.0,0.0,0.0,0.0,2.091,0.08,2.431,2.802,0.015,0.217,,2.2,0.0,2,중부산,3,동천,동천2,범4호교,2015,3,동천,B,1700.0,1,1
201503,208,7.4,8.4,2.0,,3.8,3.2,0.191,35000.0,4800.0,10.4,45640.0,0.0,0.0,0.0,0.0,0.0,0.0,0.0,1.693,0.14,2.179,2.331,0.12,0.161,,1.1,0.0,2,중부산,3,동천,동천3,범일교,2015,3,동천,B,4800.0,1,0
201503,215,8.2,3.7,5.6,,14.3,11.2,0.065,11000.0,2200.0,10.1,418.0,0.0,0.0,0.0,0.0,0.0,0.0,0.0,0.213,2.99,3.275,3.754,0.043,0.056,0.0,6.3,0.0,1,수영강,29,온천천,온천천1(태광산업),태광산업 앞,2015,3,온천천,A,2200.0,1,0
201503,216,7.4,3.4,5.2,,10.4,11.6,0.139,33000.0,17000.0,5.5,818.0,0.0,0.0,0.0,0.0,0.0,0.0,0.0,0.362,3.21,3.835,4.292,0.101,0.126,0.0,11.3,0.0,1,수영강,29,온천천,온천천2(연안교),연안교,2015,3,온천천,A,17000.0,1,0
201503,312,7.2,9.2,3.2,2.2,4.0,2.6,0.221,54000.0,,9.4,45550.0,,,,,,,,,,,2.389,,,,,,2,중부산,3,동천,동천2-1,범3호교(성서교),2015,3,동천,B,54000.0,1,1
201503,327,8.2,2.5,6.6,3.3,3.3,8.2,0.087,1100.0,,24.7,311.0,,,,,,,,,,,1.537,,,,,,1,수영강,29,온천천,온천천(청룡),청룡2호교,2015,3,온천천,A,1100.0,1,0
201503,328,8.4,2.6,4.9,2.7,6.9,12.3,0.052,4900.0,,8.5,413.0,,,,,,,,,,,3.679,,,,,,1,수영강,29,온천천,온천천(온천),온천교,2015,3,온천천,A,4900.0,1,0
201504,206,7.8,1.8,2.0,,5.0,7.9,0.115,4800.0,1500.0,12.3,45220.0,0.0,,,,,,,0.653,0.221,1.082,1.084,0.089,0.093,,0.4,,2,중부산,3,동천,동천1,광무교,2015,4,동천,B,1500.0,1,0
201504,207,7.2,13.5,18.4,,11.3,1.5,0.643,35000.0,2400.0,12.2,25580.0,0.0,,,,,,,3.836,0.001,4.349,5.199,0.37,0.373,,2.7,,2,중부산,3,동천,동천2,범4호교,2015,4,동천,B,2400.0,1,1
201504,208,7.3,12.6,11.2,,10.0,2.0,0.483,54000.0,3900.0,12.9,32040.0,0.0,,,,,,,2.902,0.106,3.586,4.504,0.285,0.289,,1.8,,2,중부산,3,동천,동천3,범일교,2015,4,동천,B,3900.0,1,1
201504,215,7.8,3.7,4.8,,13.6,10.1,0.197,11000.0,4900.0,14.2,227.0,0.0,,,,,,,0.469,1.85,2.901,2.973,0.118,0.18,,3.4,,1,수영강,29,온천천,온천천1(태광산업),태광산업 앞,2015,4,온천천,A,4900.0,1,0
201504,216,7.4,4.8,5.6,,10.1,9.5,0.603,17000.0,7000.0,10.4,263.0,0.0,,,,,,,0.995,2.104,3.36,3.394,0.282,0.348,,1.2,,1,수영강,29,온천천,온천천2(연안교),연안교,2015,4,온천천,A,7000.0,1,0
201504,312,7.2,13.2,17.2,5.3,10.7,1.3,0.61,92000.0,,12.5,29400.0,,,,,,,,,,,5.249,,,,,,2,중부산,3,동천,동천2-1,범3호교(성서교),2015,4,동천,B,92000.0,1,1
201504,327,8.0,1.5,2.2,0.7,1.4,11.7,0.023,3300.0,,9.3,52.0,,,,,,,,,,,0.789,,,,,,1,수영강,29,온천천,온천천(청룡),청룡2호교,2015,4,온천천,A,3300.0,1,0
201504,328,8.3,2.6,6.2,3.0,1.4,8.0,0.147,13000.0,,25.4,335.0,,,,,,,,,,,1.987,,,,,,1,수영강,29,온천천,온천천(온천),온천교,2015,4,온천천,A,13000.0,1,0
201505,206,7.4,4.5,5.6,,10.4,4.3,0.281,160000.0,35000.0,16.0,42774.0,0.0,,,,,,,1.733,0.218,2.472,2.741,0.215,0.228,,1.4,,2,중부산,3,동천,동천1,광무교,2015,5,동천,B,35000.0,1,0
201505,207,7.1,11.8,22.4,,6.0,2.5,0.472,1500.0,1500.0,17.6,39345.0,0.0,,,,,,,3.555,0.001,4.715,5.272,0.381,0.437,,1.6,,2,중부산,3,동천,동천2,범4호교,2015,5,동천,B,1500.0,1,1
201505,208,7.4,7.6,8.4,,6.0,2.6,0.268,4800.0,2500.0,16.7,43909.0,0.0,,,,,,,1.767,0.005,2.57,2.997,0.179,0.192,,2.3,,2,중부산,3,동천,동천3,범일교,2015,5,동천,B,2500.0,1,1
201505,215,7.8,1.3,3.0,,3.6,9.1,0.09,23000.0,13000.0,19.1,223.0,0.0,,,,,,,0.347,1.237,1.731,1.777,0.076,0.086,,1.7,,1,수영강,29,온천천,온천천1(태광산업),태광산업 앞,2015,5,온천천,A,13000.0,1,0
201505,216,6.9,3.4,4.4,,6.1,6.4,0.41,17000.0,4900.0,16.3,771.0,0.0,,,,,,,0.69,1.423,2.319,2.57,0.372,0.394,,1.6,,1,수영강,29,온천천,온천천2(연안교),연안교,2015,5,온천천,A,4900.0,1,0
201505,312,7.1,11.3,21.6,5.4,11.0,2.2,0.476,4800.0,4700.0,18.4,39345.0,0.0,0.0,0.0,0.0,0.0,0.0,0.0,3.324,0.0,4.583,4.916,0.367,0.446,,1.4,,2,중부산,3,동천,동천2-1,범3호교(성서교),2015,5,동천,B,4700.0,1,1
201505,327,7.9,0.9,2.1,0.9,1.0,10.3,0.025,270.0,170.0,14.2,62.0,0.0,0.0,0.0,0.0,0.0,0.0,0.0,0.03,0.462,0.525,0.711,0.016,0.022,0.0,0.6,,1,수영강,29,온천천,온천천(청룡),청룡2호교,2015,5,온천천,A,170.0,0,0
201505,328,7.6,3.5,4.8,2.4,3.8,8.4,0.133,17000.0,4000.0,17.6,273.0,0.0,0.0,0.0,0.0,0.0,0.0,0.0,0.636,2.036,3.028,3.332,0.117,0.132,0.0,1.4,,1,수영강,29,온천천,온천천(온천),온천교,2015,5,온천천,A,4000.0,1,0
201506,206,7.9,1.8,2.0,,4.0,8.6,0.058,4900.0,3100.0,19.0,50043.0,0.0,0.0,0.0,0.0,0.0,0.0,0.0,0.202,0.166,0.538,0.682,0.05,0.053,,2.4,0.0,2,중부산,3,동천,동천1,광무교,2015,6,동천,B,3100.0,1,0
201506,207,7.6,7.8,8.8,,6.6,2.4,0.336,40000.0,34000.0,22.1,44001.0,0.0,0.0,0.0,0.0,0.0,0.0,0.0,3.021,0.009,3.12,3.267,0.275,0.284,,13.9,0.0,2,중부산,3,동천,동천2,범4호교,2015,6,동천,B,34000.0,1,1
201506,208,7.7,4.6,2.4,,4.8,2.5,0.171,25000.0,21000.0,19.8,47927.0,0.0,0.0,0.0,0.0,0.0,0.0,0.0,1.233,0.003,1.568,1.727,0.139,0.141,,2.8,0.0,2,중부산,3,동천,동천3,범일교,2015,6,동천,B,21000.0,1,1
201506,215,7.9,2.4,5.8,,3.2,8.3,0.088,2800.0,2200.0,22.5,264.0,0.0,0.0,0.0,0.0,0.0,0.0,0.0,0.228,1.351,1.7,1.98,0.078,0.078,0.0,3.0,0.0,1,수영강,29,온천천,온천천1(태광산업),태광산업 앞,2015,6,온천천,A,2200.0,1,0
201506,216,7.2,2.4,5.8,,5.6,7.2,0.512,49000.0,17000.0,20.3,418.0,0.0,0.0,0.0,0.0,0.0,0.0,0.0,0.293,2.148,2.552,2.624,0.488,0.504,0.0,17.9,0.0,1,수영강,29,온천천,온천천2(연안교),연안교,2015,6,온천천,A,17000.0,1,0
201506,312,7.6,6.2,6.8,2.1,6.2,1.9,0.302,240000.0,,21.4,44297.0,,,,,,,,,,,3.019,,,,,,2,중부산,3,동천,동천2-1,범3호교(성서교),2015,6,동천,B,240000.0,1,1
201506,327,7.9,1.1,2.2,0.9,0.4,9.4,0.027,790.0,,17.0,97.0,,,,,,,,,,,0.972,,,,,,1,수영강,29,온천천,온천천(청룡),청룡2호교,2015,6,온천천,A,790.0,0,0
201506,328,7.8,2.3,5.6,2.2,2.1,8.5,0.069,7900.0,,21.0,278.0,,,,,,,,,,,1.766,,,,,,1,수영강,29,온천천,온천천(온천),온천교,2015,6,온천천,A,7900.0,1,0
201507,206,7.8,1.2,2.0,,7.6,7.2,0.114,48000.0,41000.0,20.0,46559.0,0.0,,,,,,,0.524,0.314,0.84,0.975,0.081,0.099,,0.9,,2,중부산,3,동천,동천1,광무교,2015,7,동천,B,41000.0,1,0
201507,207,7.2,24.5,22.5,,11.0,0.3,0.442,5400000.0,1600000.0,22.6,42039.0,0.0,,,,,,,2.263,0.002,2.331,2.545,0.327,0.348,,13.6,,2,중부산,3,동천,동천2,범4호교,2015,7,동천,B,1600000.0,1,1
201507,208,7.3,11.0,8.4,,6.3,1.8,0.328,3500000.0,2400000.0,22.4,42564.0,0.0,,,,,,,1.785,0.092,0.203,2.147,0.22,0.234,,1.7,,2,중부산,3,동천,동천3,범일교,2015,7,동천,B,2400000.0,1,1
201507,215,8.4,2.3,7.4,,2.2,8.3,0.16,7900.0,3300.0,27.2,351.0,0.0,,,,,,,0.497,1.181,1.903,2.043,0.139,0.142,,1.1,,1,수영강,29,온천천,온천천1(태광산업),태광산업 앞,2015,7,온천천,A,3300.0,1,0
201507,216,7.2,4.4,7.6,,9.3,4.7,0.259,22000.0,4900.0,23.2,1828.0,0.0,,,,,,,0.78,1.372,2.31,2.653,0.188,0.205,,34.7,,1,수영강,29,온천천,온천천2(연안교),연안교,2015,7,온천천,A,4900.0,1,0
201507,312,7.3,22.0,22.1,3.9,14.0,0.8,0.353,2400000.0,,22.5,43423.0,,,,,,,,,,,2.244,,,,,,2,중부산,3,동천,동천2-1,범3호교(성서교),2015,7,동천,B,2400000.0,1,1
201507,327,8.2,2.5,6.6,3.3,3.3,8.2,0.087,1100.0,,24.7,311.0,,,,,,,,,,,1.537,,,,,,1,수영강,29,온천천,온천천(청룡),청룡2호교,2015,7,온천천,A,1100.0,1,0
201507,328,8.3,2.6,6.2,3.0,1.4,8.0,0.147,13000.0,,25.4,335.0,,,,,,,,,,,1.987,,,,,,1,수영강,29,온천천,온천천(온천),온천교,2015,7,온천천,A,13000.0,1,0
201508,207,8.1,1.9,7.2,,10.0,9.2,0.16,1300.0,170.0,27.9,42437.0,0.0,,,,,,,1.116,0.112,1.522,1.552,0.092,0.108,,90.8,,2,중부산,3,동천,동천2,범4호교,2015,8,동천,B,170.0,0,0
201508,208,8.4,4.5,8.8,,10.8,10.9,0.105,9200.0,3500.0,26.7,41800.0,0.0,,,,,,,1.173,0.211,1.602,1.625,0.042,0.064,,66.9,,2,중부산,3,동천,동천3,범일교,2015,8,동천,B,3500.0,1,0
201508,215,7.9,3.0,5.6,,7.0,8.5,0.181,11000.0,7900.0,30.9,248.0,0.0,,,,,,,0.406,1.468,2.028,2.066,0.059,0.173,,3.8,,1,수영강,29,온천천,온천천1(태광산업),태광산업 앞,2015,8,온천천,A,7900.0,1,0
201508,216,7.0,4.7,8.4,,9.3,6.1,0.441,4600.0,3300.0,28.4,13180.0,0.0,,,,,,,0.796,1.793,2.785,3.074,0.365,0.376,,43.3,,1,수영강,29,온천천,온천천2(연안교),연안교,2015,8,온천천,A,3300.0,1,0
201508,312,8.4,6.9,10.0,6.6,11.6,11.8,0.115,16000.0,,27.5,43722.0,,,,,,,,,,,1.436,,,,,,2,중부산,3,동천,동천2-1,범3호교(성서교),2015,8,동천,B,16000.0,1,0
201508,327,8.0,1.0,2.1,0.8,1.2,8.6,0.042,2600.0,,27.1,75.0,,,,,,,,,,,0.843,,,,,,1,수영강,29,온천천,온천천(청룡),청룡2호교,2015,8,온천천,A,2600.0,1,0
201508,328,8.1,2.1,4.5,1.8,4.4,8.3,0.127,4600.0,,30.0,321.0,,,,,,,,,,,2.448,,,,,,1,수영강,29,온천천,온천천(온천),온천교,2015,8,온천천,A,4600.0,1,0
201509,206,7.8,3.4,2.8,,7.2,6.3,0.092,49000.0,17000.0,22.5,47102.0,0.0,0.0,0.0,0.0,0.0,0.0,0.0,0.591,0.226,0.624,0.647,0.076,0.088,,8.4,0.0,2,중부산,3,동천,동천1,광무교,2015,9,동천,B,17000.0,1,0
201509,207,7.4,18.4,20.4,,10.0,0.4,0.351,240000.0,41000.0,24.9,43218.0,0.0,0.0,0.0,0.0,0.0,0.0,0.0,2.382,0.032,2.583,3.914,0.261,0.274,,58.2,0.0,2,중부산,3,동천,동천2,범4호교,2015,9,동천,B,41000.0,1,1
201509,208,7.6,7.2,4.4,,5.4,0.6,0.152,540000.0,25000.0,23.7,46293.0,0.0,0.0,0.0,0.0,0.0,0.0,0.0,1.186,0.032,1.835,2.476,0.119,0.143,,9.8,0.0,2,중부산,3,동천,동천3,범일교,2015,9,동천,B,25000.0,1,1
201509,215,7.6,2.1,4.2,,4.1,8.6,0.067,7000.0,3300.0,24.5,249.0,0.0,0.0,0.0,0.0,0.0,0.0,0.0,0.077,1.503,1.873,1.886,0.053,0.056,0.0,1.6,0.0,1,수영강,29,온천천,온천천1(태광산업),태광산업 앞,2015,9,온천천,A,3300.0,1,0
201509,216,7.0,2.2,4.6,,6.1,5.1,0.162,49000.0,17000.0,20.1,301.0,0.0,0.0,0.0,0.0,0.0,0.0,0.0,0.428,1.644,2.323,2.434,0.148,0.151,0.0,0.3,0.0,1,수영강,29,온천천,온천천2(연안교),연안교,2015,9,온천천,A,17000.0,1,0
201509,312,7.4,12.8,13.2,4.5,10.0,0.4,0.342,1600000.0,,24.5,44133.0,,,,,,,,,,,3.879,,,,,,2,중부산,3,동천,동천2-1,범3호교(성서교),2015,9,동천,B,1600000.0,1,1
201509,327,7.9,2.2,4.0,2.2,4.3,8.8,0.053,3300.0,,23.3,220.0,,,,,,,,,,,1.591,,,,,,1,수영강,29,온천천,온천천(청룡),청룡2호교,2015,9,온천천,A,3300.0,1,0
201509,328,7.8,2.5,4.4,2.2,5.7,8.2,0.075,13000.0,,22.4,292.0,,,,,,,,,,,2.254,,,,,,1,수영강,29,온천천,온천천(온천),온천교,2015,9,온천천,A,13000.0,1,0
201510,206,8.0,1.0,2.0,,5.1,7.7,0.089,28000.0,3300.0,21.0,46611.0,0.0,,,,,,,0.247,0.63,1.045,1.148,0.07,0.071,,1.0,,2,중부산,3,동천,동천1,광무교,2015,10,동천,B,3300.0,1,0
201510,207,7.4,17.1,22.0,,12.8,0.5,0.469,94000.0,17000.0,22.1,43088.0,0.0,,,,,,,3.419,0.001,3.584,3.863,0.373,0.427,,48.9,,2,중부산,3,동천,동천2,범4호교,2015,10,동천,B,17000.0,1,1
201510,215,8.2,1.7,4.0,,1.8,10.6,0.088,2800.0,1400.0,20.9,194.0,0.0,,,,,,,0.024,1.453,1.572,1.7,0.082,0.083,,1.1,,1,수영강,29,온천천,온천천1(태광산업),태광산업 앞,2015,10,온천천,A,1400.0,1,0
201510,216,7.0,2.6,5.4,,6.2,6.0,0.42,17000.0,13000.0,19.0,346.0,0.0,,,,,,,0.278,1.813,2.325,2.392,0.386,0.41,,0.5,,1,수영강,29,온천천,온천천2(연안교),연안교,2015,10,온천천,A,13000.0,1,0
201510,312,7.5,9.0,11.6,3.3,9.8,0.7,0.469,110000.0,,22.4,45993.0,,,,,,,,,,,3.863,,,,,,2,중부산,3,동천,동천2-1,범3호교(성서교),2015,10,동천,B,110000.0,1,1
201510,327,8.1,0.9,2.2,0.8,0.9,11.0,0.018,460.0,,16.8,66.0,,,,,,,,,,,0.492,,,,,,1,수영강,29,온천천,온천천(청룡),청룡2호교,2015,10,온천천,A,460.0,0,0
201510,328,7.9,2.0,4.6,1.9,3.6,9.7,0.093,2200.0,,21.0,307.0,,,,,,,,,,,1.947,,,,,,1,수영강,29,온천천,온천천(온천),온천교,2015,10,온천천,A,2200.0,1,0
201511,206,7.6,2.4,2.0,,9.2,8.2,0.107,3300.0,700.0,16.5,44572.0,0.0,,,,,,,0.358,0.266,0.854,0.883,0.088,0.1,,1.3,,2,중부산,3,동천,동천1,광무교,2015,11,동천,B,700.0,0,0
201511,207,7.5,8.8,12.8,,9.9,2.4,0.381,2200.0,340.0,15.6,41369.0,0.0,,,,,,,2.088,0.019,2.734,3.196,0.287,0.341,,31.0,,2,중부산,3,동천,동천2,범4호교,2015,11,동천,B,340.0,0,1
201511,208,7.6,10.2,8.4,,7.9,4.2,0.423,3900.0,1200.0,15.9,40760.0,0.0,,,,,,,3.593,0.113,4.004,4.174,0.101,0.387,,4.7,,2,중부산,3,동천,동천3,범일교,2015,11,동천,B,1200.0,1,0
201511,215,8.2,2.5,5.2,,4.9,9.5,0.096,17000.0,11000.0,15.9,280.0,0.0,,,,,,,0.138,1.279,1.779,2.023,0.047,0.056,,6.9,,1,수영강,29,온천천,온천천1(태광산업),태광산업 앞,2015,11,온천천,A,11000.0,1,0
201511,216,6.8,2.4,5.2,,7.5,4.7,0.367,49000.0,17000.0,15.0,5370.0,0.0,,,,,,,0.608,1.385,2.353,2.397,0.333,0.353,,1.7,,1,수영강,29,온천천,온천천2(연안교),연안교,2015,11,온천천,A,17000.0,1,0
201511,312,7.5,8.0,7.2,2.7,10.0,2.7,0.249,3300.0,200.0,16.4,42458.0,0.0,0.0,0.0,0.0,0.0,0.0,0.0,1.491,0.037,1.902,2.218,0.172,0.207,,14.1,,2,중부산,3,동천,동천2-1,범3호교(성서교),2015,11,동천,B,200.0,0,1
201511,327,8.4,2.5,6.2,2.8,5.7,9.4,0.04,700.0,210.0,15.7,256.0,0.0,0.0,0.0,0.0,0.0,0.0,0.0,0.066,0.894,1.234,1.32,0.017,0.03,0.0,17.0,,1,수영강,29,온천천,온천천(청룡),청룡2호교,2015,11,온천천,A,210.0,0,0
201511,328,7.8,2.5,5.8,2.6,3.0,9.6,0.062,13000.0,7900.0,14.7,287.0,0.0,0.0,0.0,0.0,0.0,0.0,0.0,0.106,1.248,1.621,1.665,0.049,0.053,0.0,3.0,,1,수영강,29,온천천,온천천(온천),온천교,2015,11,온천천,A,7900.0,1,0
201512,208,7.5,1.4,2.8,,9.3,3.5,0.117,4700.0,40.0,14.0,48190.0,0.0,0.0,0.0,0.0,0.0,0.0,0.0,0.788,0.129,1.218,1.247,0.101,0.108,,0.6,0.0,2,중부산,3,동천,동천3,범일교,2015,12,동천,B,40.0,0,0
201512,215,8.2,2.9,5.8,,4.1,11.4,0.094,1100.0,790.0,13.3,419.0,0.0,0.0,0.0,0.0,0.0,0.0,0.0,0.276,2.352,3.015,3.06,0.069,0.08,0.0,4.4,0.0,1,수영강,29,온천천,온천천1(태광산업),태광산업 앞,2015,12,온천천,A,790.0,0,0
201512,216,6.9,2.3,5.0,,2.8,8.4,0.19,3300.0,1300.0,11.3,9632.0,0.0,0.0,0.0,0.0,0.0,0.0,0.0,0.371,2.478,2.998,3.26,0.15,0.152,0.0,10.7,0.0,1,수영강,29,온천천,온천천2(연안교),연안교,2015,12,온천천,A,1300.0,1,0
201512,312,7.3,4.2,4.4,1.9,9.7,0.6,0.22,4000.0,,12.6,47208.0,,,,,,,,,,,2.305,,,,,,2,중부산,3,동천,동천2-1,범3호교(성서교),2015,12,동천,B,4000.0,1,1
201512,327,8.2,1.9,4.4,2.8,3.4,11.0,0.024,70.0,,13.0,418.0,,,,,,,,,,,2.45,,,,,,1,수영강,29,온천천,온천천(청룡),청룡2호교,2015,12,온천천,A,70.0,0,0
201512,328,8.2,1.8,3.6,2.2,2.4,12.7,0.054,460.0,,11.2,384.0,,,,,,,,,,,2.435,,,,,,1,수영강,29,온천천,온천천(온천),온천교,2015,12,온천천,A,460.0,0,0
201601,206,7.7,2.4,1.6,,2.4,8.7,0.062,1100.0,700.0,8.9,42213.0,0.0,,,,,,,0.088,0.594,0.692,0.699,0.059,0.06,,0.9,,2,중부산,3,동천,동천1,광무교,2016,1,동천,B,700.0,0,0
201601,207,7.6,5.4,3.6,,8.2,3.1,0.246,400.0,200.0,6.2,39685.0,0.0,,,,,,,1.509,0.302,2.555,2.848,0.117,0.132,,1.3,,2,중부산,3,동천,동천2,범4호교,2016,1,동천,B,200.0,0,0
201601,208,7.6,3.0,1.6,,4.4,3.7,0.116,1700.0,800.0,8.4,41436.0,0.0,,,,,,,0.954,0.172,1.68,1.76,0.078,0.087,,0.8,,2,중부산,3,동천,동천3,범일교,2016,1,동천,B,800.0,0,0
202006,327,6.8,0.5,1.9,1.4,1.0,9.0,0.127,1100.0,0.0,19.9,98.0,0.0,0.0,,,0.0,0.0,0.0,0.0,1.064,1.29,1.947,0.038,0.039,0.0,1.7,0.0,1,수영강,29,온천천,온천천(청룡),청룡2호교,2020,6,온천천,A,0.0,0,0
202006,328,6.9,1.4,5.5,3.1,7.4,7.8,0.145,3300.0,110.0,24.0,329.0,0.0,0.0,,,0.0,0.0,0.0,0.0,1.92,2.363,2.847,0.053,0.063,0.0,5.2,0.0,1,수영강,29,온천천,온천천(온천),온천교,2020,6,온천천,A,110.0,0,0
202006,329,7.2,1.4,4.1,2.6,5.3,7.4,0.101,3300.0,46.0,23.5,359.0,0.0,0.0,,,0.0,0.0,0.0,0.086,3.099,3.672,3.963,0.055,0.064,0.0,1.4,0.0,1,수영강,29,온천천,온천천(세병),세병교,2020,6,온천천,A,46.0,0,0
202007,215,6.7,2.5,4.7,2.8,2.7,7.4,0.222,22000.0,94.0,21.9,232.0,0.0,,,,,,,0.367,1.915,2.315,2.829,0.08,0.082,,2.7,,1,수영강,29,온천천,온천천1(태광산업),태광산업 앞,2020,7,온천천,A,94.0,0,0
202007,216,6.8,1.9,5.0,2.8,10.5,4.9,0.187,130000.0,2200.0,20.9,278.0,0.0,,,,,,,0.312,1.829,2.35,2.726,0.092,0.094,,0.7,,1,수영강,29,온천천,온천천2(연안교),연안교,2020,7,온천천,A,2200.0,1,0
202010,327,6.8,1.3,5.2,3.0,8.4,8.8,0.075,79.0,0.0,21.0,146.0,0.0,,,,,,,0.04,1.287,1.499,1.849,0.019,0.026,,28.5,,1,수영강,29,온천천,온천천(청룡),청룡2호교,2020,10,온천천,A,0.0,0,0
202010,328,6.8,2.5,5.2,2.9,3.8,9.6,0.191,23000.0,700.0,18.2,224.0,0.0,,,,,,,0.204,1.862,2.398,2.99,0.09,0.112,,4.5,,1,수영강,29,온천천,온천천(온천),온천교,2020,10,온천천,A,700.0,0,0
202007,327,6.5,0.9,4.9,2.8,5.6,7.5,0.118,4900.0,79.0,22.7,221.0,0.0,,,,,,,0.025,1.486,1.751,2.05,0.044,0.045,,10.0,,1,수영강,29,온천천,온천천(청룡),청룡2호교,2020,7,온천천,A,79.0,0,0
202007,328,6.7,3.1,4.6,2.4,2.7,6.6,0.257,170000.0,11000.0,20.4,192.0,0.0,,,,,,,0.757,1.743,2.697,2.957,0.132,0.136,,1.6,,1,수영강,29,온천천,온천천(온천),온천교,2020,7,온천천,A,11000.0,1,0
202007,329,6.8,2.7,5.2,2.8,4.1,6.2,0.217,220000.0,11000.0,20.9,279.0,0.0,,,,,,,0.511,1.962,2.799,3.01,0.114,0.135,,1.3,,1,수영강,29,온천천,온천천(세병),세병교,2020,7,온천천,A,11000.0,1,0
202008,215,7.5,2.9,5.0,3.1,7.4,8.0,0.283,28000.0,320.0,24.3,154.0,0.0,,,,,,,0.247,1.595,2.309,3.383,0.102,0.103,,5.9,,1,수영강,29,온천천,온천천1(태광산업),태광산업 앞,2020,8,온천천,A,320.0,0,0
202008,216,7.3,4.0,6.2,2.8,5.1,3.1,0.405,330000.0,1200.0,25.2,277.0,0.0,,,,,,,1.792,1.539,3.848,4.978,0.226,0.227,,1.2,,1,수영강,29,온천천,온천천2(연안교),연안교,2020,8,온천천,A,1200.0,1,0
202010,329,6.9,2.0,4.7,2.6,4.8,8.0,0.178,49000.0,13000.0,19.5,263.0,0.0,,,,,,,0.213,2.167,2.694,3.113,0.09,0.107,,3.0,,1,수영강,29,온천천,온천천(세병),세병교,2020,10,온천천,A,13000.0,1,0
202008,327,7.5,0.7,4.3,2.8,18.8,8.3,0.19,17000.0,22.0,23.4,106.0,0.0,,,,,,,0.0,1.326,1.555,2.042,0.049,0.051,,5.0,,1,수영강,29,온천천,온천천(청룡),청룡2호교,2020,8,온천천,A,22.0,0,0
202008,328,7.3,5.0,5.4,2.6,4.8,5.8,0.391,790000.0,1400.0,24.5,201.0,0.0,,,,,,,1.262,1.563,3.516,4.768,0.211,0.222,,2.7,,1,수영강,29,온천천,온천천(온천),온천교,2020,8,온천천,A,1400.0,1,0
202008,329,7.2,7.1,7.6,3.9,8.8,4.1,0.761,790000.0,2200.0,25.1,272.0,0.0,,,,,,,2.895,1.554,5.723,7.87,0.313,0.429,,2.1,,1,수영강,29,온천천,온천천(세병),세병교,2020,8,온천천,A,2200.0,1,0
202009,215,7.6,2.7,4.2,2.4,3.6,7.2,0.123,230000.0,130000.0,24.4,165.0,0.0,0.0,,,0.0,0.0,0.0,0.445,1.469,2.2,2.262,0.087,0.103,0.0,0.8,0.0,1,수영강,29,온천천,온천천1(태광산업),태광산업 앞,2020,9,온천천,A,130000.0,1,0
202009,216,7.1,4.7,6.6,3.0,5.1,4.5,0.309,790000.0,140000.0,24.3,237.0,0.0,0.0,,,0.0,0.0,0.0,1.936,1.681,4.239,4.252,0.24,0.287,0.0,0.4,0.0,1,수영강,29,온천천,온천천2(연안교),연안교,2020,9,온천천,A,140000.0,1,0
202009,327,7.2,1.0,4.1,2.7,7.6,8.7,0.095,1300.0,240.0,22.9,203.0,0.0,0.0,,,0.0,0.0,0.0,0.054,1.438,1.607,1.811,0.045,0.063,0.0,2.4,0.0,1,수영강,29,온천천,온천천(청룡),청룡2호교,2020,9,온천천,A,240.0,0,0
202009,328,7.2,5.0,5.9,3.0,4.9,5.7,0.36,220000.0,170000.0,23.8,229.0,0.0,0.0,,,0.0,0.0,0.0,1.165,1.661,3.402,3.47,0.264,0.316,0.0,0.5,0.0,1,수영강,29,온천천,온천천(온천),온천교,2020,9,온천천,A,170000.0,1,0
202009,329,7.2,6.6,6.1,2.8,4.8,4.6,0.293,490000.0,220000.0,23.8,234.0,0.0,0.0,,,0.0,0.0,0.0,1.797,1.632,3.673,4.038,0.214,0.241,0.0,0.5,0.0,1,수영강,29,온천천,온천천(세병),세병교,2020,9,온천천,A,220000.0,1,0
202010,215,6.8,2.4,5.4,3.3,5.9,9.7,0.144,790000.0,33000.0,19.7,187.0,0.0,,,,,,,0.164,1.506,2.014,2.57,0.057,0.074,,10.5,,1,수영강,29,온천천,온천천1(태광산업),태광산업 앞,2020,10,온천천,A,33000.0,1,0
202010,216,7.0,1.7,5.5,3.0,4.5,6.4,0.164,1100000.0,17000.0,19.7,1532.0,0.0,,,,,,,0.321,1.933,2.735,2.89,0.102,0.11,,8.2,,1,수영강,29,온천천,온천천2(연안교),연안교,2020,10,온천천,A,17000.0,1,0
202011,215,7.1,1.7,4.8,3.3,4.0,12.4,0.072,79000.0,33000.0,16.7,280.0,0.0,,,,,,,0.052,1.902,2.285,3.09,0.044,0.046,,6.7,,1,수영강,29,온천천,온천천1(태광산업),태광산업 앞,2020,11,온천천,A,33000.0,1,0
202011,216,6.8,1.8,4.9,2.8,5.1,7.8,0.101,28000.0,17000.0,16.0,1745.0,0.0,,,,,,,0.223,2.056,2.642,2.913,0.066,0.067,,8.8,,1,수영강,29,온천천,온천천2(연안교),연안교,2020,11,온천천,A,17000.0,1,0
202011,327,6.8,0.7,4.5,3.1,3.2,11.0,0.035,1400.0,0.0,17.2,280.0,0.0,,,,,,,0.023,1.819,2.107,2.485,0.017,0.018,,2.7,,1,수영강,29,온천천,온천천(청룡),청룡2호교,2020,11,온천천,A,0.0,0,0
202011,328,7.0,1.4,4.4,2.9,2.7,11.3,0.099,79000.0,2200.0,15.9,278.0,0.0,,,,,,,0.089,2.054,2.383,2.95,0.054,0.061,,2.8,,1,수영강,29,온천천,온천천(온천),온천교,2020,11,온천천,A,2200.0,1,0
202011,329,6.9,1.9,4.3,2.4,5.1,9.1,0.111,22000.0,700.0,16.4,344.0,0.0,,,,,,,0.244,3.001,3.529,3.794,0.073,0.077,,2.2,,1,수영강,29,온천천,온천천(세병),세병교,2020,11,온천천,A,700.0,0,0
202012,215,6.9,1.0,4.2,3.0,3.3,11.3,0.051,13000.0,350.0,10.3,275.0,0.0,0.0,,,0.0,0.0,0.0,0.019,2.018,2.335,2.629,0.019,0.043,0.0,11.8,0.0,1,수영강,29,온천천,온천천1(태광산업),태광산업 앞,2020,12,온천천,A,350.0,0,0
202012,216,6.8,0.9,4.3,3.0,3.1,9.0,0.09,13000.0,430.0,9.5,777.0,0.0,0.0,,,0.0,0.0,0.0,0.162,2.381,2.779,2.943,0.039,0.068,0.0,2.1,0.0,1,수영강,29,온천천,온천천2(연안교),연안교,2020,12,온천천,A,430.0,0,0
202012,301,6.3,4.7,5.2,3.2,5.3,3.0,0.134,49000.0,6800.0,9.0,25506.0,0.0,0.0,,,0.0,0.0,0.0,1.23,0.351,2.101,2.342,0.086,0.117,0.0,1.1,0.0,4,낙동강,22,괴정천,괴정천,하단초등학교 뒤,2020,12,괴정천,B,6800.0,1,0
202012,327,6.7,0.4,3.9,3.1,2.2,9.9,0.035,0.0,0.0,10.9,280.0,0.0,0.0,,,0.0,0.0,0.0,0.041,2.016,2.365,2.378,0.017,0.026,0.0,3.4,0.0,1,수영강,29,온천천,온천천(청룡),청룡2호교,2020,12,온천천,A,0.0,0,0
202012,328,6.9,0.9,4.0,2.6,2.0,11.2,0.059,13000.0,350.0,9.1,287.0,0.0,0.0,,,0.0,0.0,0.0,0.003,2.333,2.475,2.487,0.036,0.047,0.0,7.7,0.0,1,수영강,29,온천천,온천천(온천),온천교,2020,12,온천천,A,350.0,0,0
202012,329,6.9,0.7,3.1,2.3,1.6,9.5,0.092,7000.0,84.0,11.4,339.0,0.0,0.0,,,0.0,0.0,0.0,0.153,3.403,3.703,3.979,0.034,0.055,0.0,1.3,0.0,1,수영강,29,온천천,온천천(세병),세병교,2020,12,온천천,A,84.0,0,0
202101,206,7.1,25.0,16.9,9.6,0.8,3.6,1.837,187200.0,461100.0,3.1,833.0,0.0,,,,,,,13.007,0.094,15.08,16.253,1.491,1.571,,0.7,,2,중부산,3,동천,동천1,광무교,2021,1,동천,B,461100.0,1,0
202101,207,6.6,4.0,3.0,2.5,9.6,5.5,0.226,8400.0,4100.0,6.4,42056.0,0.0,,,,,,,1.801,0.204,2.501,2.563,0.172,0.189,,10.9,,2,중부산,3,동천,동천2,범4호교,2021,1,동천,B,4100.0,1,0
202101,208,6.8,2.0,2.0,2.0,23.0,7.1,0.151,7400.0,5200.0,7.2,44819.0,0.0,,,,,,,0.915,0.245,1.296,1.548,0.097,0.12,,3.4,,2,중부산,3,동천,동천3,범일교,2021,1,동천,B,5200.0,1,0
202101,215,8.1,1.7,5.1,3.3,2.9,14.7,0.058,38360.0,13734.0,2.7,425.0,0.0,,,,,,,0.109,2.148,2.912,3.136,0.018,0.029,,1.3,,1,수영강,29,온천천,온천천1(태광산업),태광산업 앞,2021,1,온천천,A,13734.0,1,0
202101,216,7.7,2.4,5.8,3.2,3.9,12.9,0.068,32140.0,13734.0,3.3,2415.0,0.0,,,,,,,0.196,2.023,3.013,3.17,0.019,0.028,,13.9,,1,수영강,29,온천천,온천천2(연안교),연안교,2021,1,온천천,A,13734.0,1,0
202101,312,6.8,4.0,2.5,2.3,6.7,6.0,0.182,,,6.6,42991.0,0.0,,,,,,,1.553,0.207,2.165,2.167,0.154,0.164,,8.0,,2,중부산,3,동천,동천2-1,범3호교(성서교),2021,1,동천,B,,0,0
202101,327,8.2,1.2,4.9,3.4,3.2,14.1,0.035,,,2.7,436.0,0.0,,,,,,,0.007,2.242,2.785,2.982,0.012,0.023,,1.0,,1,수영강,29,온천천,온천천(청룡),청룡2호교,2021,1,온천천,A,,0,0
202101,328,8.1,1.8,4.6,3.0,3.5,14.8,0.049,,,2.0,428.0,0.0,,,,,,,0.041,2.254,2.907,3.119,0.011,0.022,,9.0,,1,수영강,29,온천천,온천천(온천),온천교,2021,1,온천천,A,,0,0
202101,329,8.0,1.7,4.8,2.9,2.5,13.0,0.059,,,3.7,459.0,0.0,,,,,,,0.18,2.394,3.154,3.306,0.011,0.022,,5.3,,1,수영강,29,온천천,온천천(세병),세병교,2021,1,온천천,A,,0,0
201606,327,8.0,0.9,2.3,1.0,1.6,8.7,0.027,3300.0,200.0,21.3,242.0,0.0,0.0,0.0,0.0,0.0,0.0,0.0,0.023,0.935,1.007,1.06,0.021,0.019,0.0,0.0,0.0,1,수영강,29,온천천,온천천(청룡),청룡2호교,2016,6,온천천,A,200.0,0,0
201606,328,7.5,2.2,5.1,2.5,3.8,7.2,0.125,170000.0,1200.0,21.5,277.0,0.0,0.0,0.0,0.0,0.0,0.0,0.0,0.531,1.992,2.583,2.798,0.101,0.117,0.0,0.0,0.0,1,수영강,29,온천천,온천천(온천),온천교,2016,6,온천천,A,1200.0,1,0
201606,329,7.3,1.3,4.2,2.1,3.5,6.3,0.251,160000.0,3400.0,21.7,340.0,0.0,0.0,0.0,0.0,0.0,0.0,0.0,0.2,1.95,2.499,2.563,0.229,0.231,0.0,1.0,0.0,1,수영강,29,온천천,온천천(세병),세병교,2016,6,온천천,A,3400.0,1,0
201607,327,8.1,1.2,1.6,0.9,2.3,8.7,0.052,7900.0,2200.0,22.4,93.0,0.0,,,,,,,0.029,0.685,0.973,1.023,0.021,0.037,0.0,1.0,,1,수영강,29,온천천,온천천(청룡),청룡2호교,2016,7,온천천,A,2200.0,1,0
201607,328,7.7,4.4,6.6,3.7,6.9,7.2,0.216,540000.0,4800.0,26.1,193.0,0.0,,,,,,,0.48,2.069,3.405,3.558,0.172,0.214,0.0,9.0,,1,수영강,29,온천천,온천천(온천),온천교,2016,7,온천천,A,4800.0,1,0
201607,329,7.5,4.1,5.6,3.4,9.0,5.5,0.258,1600000.0,47000.0,25.0,237.0,0.0,,,,,,,1.146,2.041,3.793,4.04,0.195,0.25,0.0,4.3,,1,수영강,29,온천천,온천천(세병),세병교,2016,7,온천천,A,47000.0,1,0
201608,215,8.3,7.4,7.2,3.3,2.5,7.6,0.102,350000.0,17000.0,30.4,254.0,0.0,,,,,,,0.086,1.612,2.236,2.328,0.075,0.094,,1.9,,1,수영강,29,온천천,온천천1(태광산업),태광산업 앞,2016,8,온천천,A,17000.0,1,0
201608,216,7.6,7.2,6.6,2.7,2.2,4.9,0.125,170000.0,33000.0,28.2,685.0,0.0,,,,,,,0.26,1.981,2.723,2.742,0.106,0.119,,1.4,,1,수영강,29,온천천,온천천2(연안교),연안교,2016,8,온천천,A,33000.0,1,0
201608,327,8.0,1.0,3.2,1.0,1.5,7.7,0.047,160000.0,250.0,27.6,164.0,0.0,,,,,,,0.035,0.911,1.319,1.4,0.021,0.043,,2.1,,1,수영강,29,온천천,온천천(청룡),청룡2호교,2016,8,온천천,A,250.0,0,0
201608,328,8.1,4.6,6.8,3.2,3.8,7.0,0.149,5400000.0,15000.0,30.0,253.0,0.0,,,,,,,0.059,1.853,2.561,2.656,0.034,0.132,,0.8,,1,수영강,29,온천천,온천천(온천),온천교,2016,8,온천천,A,15000.0,1,0
201608,329,7.7,4.1,6.4,2.6,6.6,6.2,0.118,310000.0,49000.0,27.4,333.0,0.0,,,,,,,0.135,1.463,2.263,2.572,0.114,0.115,,3.4,,1,수영강,29,온천천,온천천(세병),세병교,2016,8,온천천,A,49000.0,1,0
201609,215,8.3,4.2,6.6,3.7,3.6,8.4,0.139,3500000.0,330000.0,27.5,300.0,0.0,0.0,0.0,0.0,0.0,0.0,0.0,0.129,1.389,2.194,2.234,0.122,0.128,0.0,4.9,0.0,1,수영강,29,온천천,온천천1(태광산업),태광산업 앞,2016,9,온천천,A,330000.0,1,0
201609,216,7.6,3.8,6.4,3.6,7.4,4.8,0.197,920000.0,70000.0,24.0,13928.0,0.0,0.0,0.0,0.0,0.0,0.0,0.0,0.549,1.232,2.334,2.365,0.168,0.169,0.0,48.0,0.0,1,수영강,29,온천천,온천천2(연안교),연안교,2016,9,온천천,A,70000.0,1,0
201609,327,8.3,1.2,2.2,1.3,1.3,8.4,0.054,16000.0,120.0,23.4,130.0,0.0,0.0,0.0,0.0,0.0,0.0,0.0,0.012,0.967,1.289,1.326,0.043,0.051,0.0,3.6,0.0,1,수영강,29,온천천,온천천(청룡),청룡2호교,2016,9,온천천,A,120.0,0,0
201609,328,8.0,3.3,6.2,3.5,1.9,7.6,0.136,1600000.0,27000.0,24.6,304.0,0.0,0.0,0.0,0.0,0.0,0.0,0.0,0.048,1.641,2.157,2.325,0.106,0.127,0.0,4.8,0.0,1,수영강,29,온천천,온천천(온천),온천교,2016,9,온천천,A,27000.0,1,0
201609,329,7.5,2.8,5.4,2.8,3.5,6.3,0.119,1100000.0,23000.0,22.8,367.0,0.0,0.0,0.0,0.0,0.0,0.0,0.0,0.131,2.237,2.945,2.976,0.108,0.11,0.0,1.9,0.0,1,수영강,29,온천천,온천천(세병),세병교,2016,9,온천천,A,23000.0,1,0
201607,215,7.8,6.2,6.8,3.9,8.6,7.5,0.166,1600000.0,15000.0,26.3,174.0,0.0,,,,,,,0.6,1.731,3.163,3.341,0.133,0.165,,14.3,,1,수영강,29,온천천,온천천1(태광산업),태광산업 앞,2016,7,온천천,A,15000.0,1,0
201607,216,7.3,4.3,5.8,3.3,5.8,3.0,0.28,48000.0,1400.0,25.0,260.0,0.0,,,,,,,1.292,1.584,3.856,4.066,0.226,0.268,,2.0,,1,수영강,29,온천천,온천천2(연안교),연안교,2016,7,온천천,A,1400.0,1,0
201607,312,,,,,,,,,,,,,,,,,,,,,,,,,,,,2,중부산,3,동천,동천2-1,범3호교(성서교),2016,7,동천,B,,0,0
201610,215,6.8,3.1,5.4,1.9,2.2,8.8,0.159,14000.0,10000.0,17.2,171.0,0.0,,,,,,,1.441,1.208,3.049,3.194,0.128,0.131,,1.0,,1,수영강,29,온천천,온천천1(태광산업),태광산업 앞,2016,10,온천천,A,10000.0,1,0
201610,216,7.8,4.4,6.0,3.6,4.7,4.7,0.213,3500000.0,170000.0,16.4,231.0,0.0,,,,,,,2.221,1.351,4.263,4.402,0.178,0.198,,1.1,,1,수영강,29,온천천,온천천2(연안교),연안교,2016,10,온천천,A,170000.0,1,0
201610,327,7.3,0.9,1.8,0.7,1.6,9.9,0.03,2100.0,320.0,15.4,51.0,0.0,,,,,,,0.037,0.607,0.836,0.846,0.02,0.021,,1.1,,1,수영강,29,온천천,온천천(청룡),청룡2호교,2016,10,온천천,A,320.0,0,0
201610,328,6.7,11.1,10.0,,10.5,5.9,,,,17.6,249.0,,,,,,,,,,,5.917,,,,,,1,수영강,29,온천천,온천천(온천),온천교,2016,10,온천천,A,,0,0
201610,329,8.1,5.8,5.4,2.0,5.1,6.8,0.249,430000.0,10000.0,16.5,215.0,0.0,,,,,,,2.132,1.547,4.437,4.437,0.225,0.235,,1.4,,1,수영강,29,온천천,온천천(세병),세병교,2016,10,온천천,A,10000.0,1,0
201611,215,8.0,4.7,5.4,2.3,2.7,10.7,0.06,240000.0,240000.0,14.5,222.0,0.0,,,,,,,0.169,1.708,2.321,2.387,0.027,0.054,,6.3,,1,수영강,29,온천천,온천천1(태광산업),태광산업 앞,2016,11,온천천,A,240000.0,1,0
201611,216,7.9,4.4,6.0,1.9,1.9,10.2,0.088,79000.0,17000.0,10.9,1177.0,0.0,,,,,,,0.189,2.378,3.327,3.328,0.045,0.074,,4.8,,1,수영강,29,온천천,온천천2(연안교),연안교,2016,11,온천천,A,17000.0,1,0
201611,327,7.9,0.9,1.8,0.5,0.2,11.7,0.056,7000.0,700.0,10.8,88.0,0.0,,,,,,,0.028,0.812,1.111,1.242,0.01,0.049,,2.4,,1,수영강,29,온천천,온천천(청룡),청룡2호교,2016,11,온천천,A,700.0,0,0
201611,328,7.8,11.1,10.0,2.2,2.7,11.0,0.076,920000.0,240000.0,11.8,235.0,0.0,,,,,,,0.157,1.937,2.329,2.54,0.036,0.069,,4.7,,1,수영강,29,온천천,온천천(온천),온천교,2016,11,온천천,A,240000.0,1,0
201611,329,7.9,5.8,5.4,1.7,3.0,9.8,0.089,170000.0,79000.0,10.7,310.0,0.0,,,,,,,0.2,2.698,3.42,3.428,0.041,0.077,,2.3,,1,수영강,29,온천천,온천천(세병),세병교,2016,11,온천천,A,79000.0,1,0
201612,215,8.0,2.7,4.0,2.4,1.1,11.5,0.081,350000.0,1400.0,9.8,317.0,0.0,0.0,,,0.0,0.0,0.0,0.345,2.063,2.927,3.225,0.065,0.071,0.0,1.4,0.0,1,수영강,29,온천천,온천천1(태광산업),태광산업 앞,2016,12,온천천,A,1400.0,1,0
201612,216,7.9,2.2,4.2,2.0,1.2,10.6,0.173,140000.0,110000.0,8.1,791.0,0.0,0.0,,,0.0,0.0,0.0,0.397,2.794,3.897,4.03,0.118,0.169,0.0,1.5,0.0,1,수영강,29,온천천,온천천2(연안교),연안교,2016,12,온천천,A,110000.0,1,0
201612,327,8.1,2.2,1.4,0.7,1.2,11.9,0.071,100.0,20.0,7.4,588.0,0.0,0.0,,,0.0,0.0,0.0,0.001,0.802,1.285,1.609,0.041,0.059,0.0,0.9,0.0,1,수영강,29,온천천,온천천(청룡),청룡2호교,2016,12,온천천,A,20.0,0,0
201612,328,8.0,2.4,4.0,2.2,1.8,11.6,0.099,170000.0,2000.0,8.4,311.0,0.0,0.0,,,0.0,0.0,0.0,0.221,2.32,3.159,3.241,0.082,0.084,0.0,1.5,0.0,1,수영강,29,온천천,온천천(온천),온천교,2016,12,온천천,A,2000.0,1,0
201612,329,8.1,2.1,3.4,1.9,1.7,11.3,0.092,54000.0,1700.0,8.2,352.0,0.0,0.0,,,0.0,0.0,0.0,0.134,3.094,3.849,4.053,0.071,0.073,0.0,1.1,0.0,1,수영강,29,온천천,온천천(세병),세병교,2016,12,온천천,A,1700.0,1,0
201701,215,8.0,4.3,5.2,2.6,3.4,12.0,0.093,920000.0,94000.0,7.0,264.0,0.0,,,,,,,0.804,2.585,4.136,4.37,0.072,0.085,,0.5,,1,수영강,29,온천천,온천천1(태광산업),태광산업 앞,2017,1,온천천,A,94000.0,1,0
201701,216,7.1,4.4,5.6,2.2,4.8,11.4,0.108,54000.0,24000.0,5.8,4013.0,0.0,,,,,,,0.312,1.33,3.998,4.183,0.046,0.047,,16.3,,1,수영강,29,온천천,온천천2(연안교),연안교,2017,1,온천천,A,24000.0,1,0
201711,327,7.9,1.1,4.2,2.6,5.4,9.9,0.032,45.0,11.0,14.7,348.0,0.0,,,,,,,0.021,1.427,2.095,2.55,0.011,0.02,,1.1,,1,수영강,29,온천천,온천천(청룡),청룡2호교,2017,11,온천천,A,11.0,0,0
201711,328,8.2,1.2,4.3,2.7,8.6,11.5,0.045,12000.0,4600.0,13.0,358.0,0.0,,,,,,,0.03,1.657,2.746,2.845,0.038,0.04,,3.0,,1,수영강,29,온천천,온천천(온천),온천교,2017,11,온천천,A,4600.0,1,0
201701,327,8.7,0.9,0.8,0.4,0.1,12.0,0.078,2800.0,790.0,5.3,128.0,0.0,,,,,,,0.028,0.873,1.631,1.791,0.024,0.062,,0.3,,1,수영강,29,온천천,온천천(청룡),청룡2호교,2017,1,온천천,A,790.0,0,0
201701,328,7.8,2.8,4.6,2.4,2.6,12.1,0.075,170000.0,24000.0,5.6,263.0,0.0,,,,,,,0.402,2.655,4.134,4.148,0.06,0.07,,1.1,,1,수영강,29,온천천,온천천(온천),온천교,2017,1,온천천,A,24000.0,1,0
201701,329,7.7,3.0,2.8,1.8,1.8,12.2,0.057,17000.0,11000.0,6.2,266.0,0.0,,,,,,,0.173,1.087,4.176,4.413,0.051,0.056,,0.7,,1,수영강,29,온천천,온천천(세병),세병교,2017,1,온천천,A,11000.0,1,0
201702,206,7.7,4.8,4.0,2.6,4.9,9.8,0.324,1400.0,330.0,8.6,47196.0,0.0,,,,,,,1.359,0.11,1.747,1.764,0.246,0.296,,5.2,,2,중부산,3,동천,동천1,광무교,2017,2,동천,B,330.0,0,0
201702,207,7.5,5.4,4.8,2.7,7.1,4.3,0.254,4700.0,4000.0,8.1,47725.0,0.0,,,,,,,1.474,0.111,1.838,1.959,0.159,0.19,,11.6,,2,중부산,3,동천,동천2,범4호교,2017,2,동천,B,4000.0,1,0
201702,208,7.8,4.8,3.1,1.9,7.2,6.6,0.139,3400.0,2400.0,8.1,48691.0,0.0,,,,,,,0.863,0.124,1.236,1.281,0.083,0.098,,8.4,,2,중부산,3,동천,동천3,범일교,2017,2,동천,B,2400.0,1,0
201702,215,8.3,3.1,5.6,2.6,3.6,12.4,0.082,160000.0,4700.0,5.7,420.0,0.0,,,,,,,0.285,2.388,3.03,3.188,0.047,0.066,,6.1,,1,수영강,29,온천천,온천천1(태광산업),태광산업 앞,2017,2,온천천,A,4700.0,1,0
201702,216,7.4,4.9,6.0,2.6,4.3,11.1,0.107,160000.0,35000.0,4.0,2126.0,0.0,,,,,,,0.327,2.473,3.136,3.473,0.042,0.05,,30.1,,1,수영강,29,온천천,온천천2(연안교),연안교,2017,2,온천천,A,35000.0,1,0
201702,312,7.5,5.1,3.8,2.6,5.9,4.2,0.263,3900.0,2400.0,7.7,46712.0,0.0,,,,,,,1.717,0.161,2.206,2.433,0.162,0.197,,6.1,,2,중부산,3,동천,동천2-1,범3호교(성서교),2017,2,동천,B,2400.0,1,0
201702,327,8.2,1.6,4.4,2.3,3.4,13.5,0.05,460.0,230.0,4.4,369.0,0.0,,,,,,,0.014,2.285,2.446,2.505,0.016,0.022,,7.6,,1,수영강,29,온천천,온천천(청룡),청룡2호교,2017,2,온천천,A,230.0,0,0
201702,328,8.2,3.1,5.0,2.4,2.5,13.4,0.073,160000.0,28000.0,4.3,417.0,0.0,,,,,,,0.189,2.601,2.857,2.938,0.052,0.056,,4.7,,1,수영강,29,온천천,온천천(온천),온천교,2017,2,온천천,A,28000.0,1,0
201702,329,7.1,2.4,4.8,2.2,2.3,12.4,0.629,160000.0,92000.0,4.4,436.0,0.0,,,,,,,0.566,2.71,3.345,3.477,0.57,0.613,,3.0,,1,수영강,29,온천천,온천천(세병),세병교,2017,2,온천천,A,92000.0,1,0
201703,206,7.9,3.7,2.4,1.9,1.8,8.8,0.175,1500.0,1200.0,9.3,45640.0,0.0,0.0,,,0.0,0.0,0.0,1.28,0.127,1.642,1.791,0.134,0.143,,4.6,0.0,2,중부산,3,동천,동천1,광무교,2017,3,동천,B,1200.0,1,0
201703,207,7.4,10.8,7.6,3.2,5.2,0.8,0.407,4800.0,1500.0,8.3,43730.0,0.0,0.0,,,0.0,0.0,0.0,1.519,0.001,3.437,3.759,0.306,0.311,,1.9,0.0,2,중부산,3,동천,동천2,범4호교,2017,3,동천,B,1500.0,1,1
201703,208,7.4,6.8,4.0,2.6,4.4,0.8,0.308,22000.0,17000.0,9.0,45476.0,0.0,0.0,,,0.0,0.0,0.0,1.893,0.004,2.161,2.573,0.197,0.202,,0.9,0.0,2,중부산,3,동천,동천3,범일교,2017,3,동천,B,17000.0,1,1
201703,215,8.8,3.3,4.8,2.9,3.4,12.2,0.076,17000.0,7900.0,9.5,369.0,0.0,0.0,,,0.0,0.0,0.0,0.271,2.404,3.282,3.335,0.048,0.057,0.0,7.3,0.0,1,수영강,29,온천천,온천천1(태광산업),태광산업 앞,2017,3,온천천,A,7900.0,1,0
201703,216,7.7,3.1,6.0,2.7,3.6,10.9,0.119,28000.0,22000.0,4.6,1517.0,0.0,0.0,,,0.0,0.0,0.0,0.272,2.636,3.535,3.786,0.054,0.07,0.0,19.6,0.0,1,수영강,29,온천천,온천천2(연안교),연안교,2017,3,온천천,A,22000.0,1,0
201709,206,7.6,2.5,2.8,2.0,7.9,6.6,0.162,79000.0,79000.0,22.6,45019.0,0.0,0.0,,,0.0,0.0,0.0,1.471,0.102,2.035,2.127,0.148,0.151,0.0,3.2,0.0,2,중부산,3,동천,동천1,광무교,2017,9,동천,B,79000.0,1,0
201709,207,7.6,3.6,5.2,2.8,8.2,1.4,0.25,33000.0,23000.0,22.1,44002.0,0.0,0.0,,,0.0,0.0,0.0,2.316,0.019,2.819,3.088,0.204,0.221,0.0,29.9,0.0,2,중부산,3,동천,동천2,범4호교,2017,9,동천,B,23000.0,1,1
201709,208,7.6,6.5,4.0,2.5,8.6,2.4,0.188,7800.0,2000.0,22.4,46000.0,0.0,0.0,,,0.0,0.0,0.0,1.46,0.029,2.04,2.186,0.149,0.167,0.0,34.0,0.0,2,중부산,3,동천,동천3,범일교,2017,9,동천,B,2000.0,1,1
201709,215,8.2,2.0,5.2,3.3,3.8,8.2,0.081,24000.0,24000.0,24.2,252.0,0.0,0.0,,,0.0,0.0,0.0,0.068,1.803,2.33,2.372,0.059,0.064,0.0,4.2,0.0,1,수영강,29,온천천,온천천1(태광산업),태광산업 앞,2017,9,온천천,A,24000.0,1,0
201709,216,7.3,7.4,5.6,3.1,6.0,6.6,0.112,4800.0,2700.0,21.7,3829.0,0.0,0.0,,,0.0,0.0,0.0,0.178,1.807,2.588,2.737,0.065,0.067,0.0,16.8,0.0,1,수영강,29,온천천,온천천2(연안교),연안교,2017,9,온천천,A,2700.0,1,0
201709,301,7.1,11.1,10.3,4.7,4.5,1.8,0.596,79000.0,79000.0,21.1,554.0,0.0,0.0,,,0.0,0.0,0.0,6.081,3.9445,10.858,11.022,0.513,0.569,0.2,0.4,0.0,4,낙동강,22,괴정천,괴정천,하단초등학교 뒤,2017,9,괴정천,B,79000.0,1,1
201709,312,7.5,5.3,5.6,3.2,9.0,2.5,0.244,14000.0,14000.0,22.3,44960.0,0.0,0.0,,,0.0,0.0,0.0,1.992,0.019,2.7,2.73,0.184,0.204,0.0,48.3,0.0,2,중부산,3,동천,동천2-1,범3호교(성서교),2017,9,동천,B,14000.0,1,1
201709,327,8.0,1.6,4.8,3.4,5.6,8.2,0.049,93.0,68.0,24.6,241.0,0.0,0.0,,,0.0,0.0,0.0,0.058,1.736,2.218,2.296,0.02,0.031,0.0,4.9,0.0,1,수영강,29,온천천,온천천(청룡),청룡2호교,2017,9,온천천,A,68.0,0,0
201709,328,7.9,1.8,5.0,3.2,4.4,8.2,0.082,5400.0,1700.0,22.7,261.0,0.0,0.0,,,0.0,0.0,0.0,0.024,1.767,2.258,2.286,0.069,0.071,0.0,3.9,0.0,1,수영강,29,온천천,온천천(온천),온천교,2017,9,온천천,A,1700.0,1,0
201709,329,7.1,2.1,5.2,2.6,9.2,7.9,0.092,3300.0,2600.0,21.4,345.0,0.0,0.0,,,0.0,0.0,0.0,0.093,2.365,2.8,2.891,0.077,0.079,0.0,2.8,0.0,1,수영강,29,온천천,온천천(세병),세병교,2017,9,온천천,A,2600.0,1,0
201801,215,8.1,2.5,5.1,2.8,4.1,15.2,0.096,24000.0,630.0,5.3,525.0,0.0,,,,,,,0.316,2.571,3.931,3.974,0.039,0.081,,0.8,,1,수영강,29,온천천,온천천1(태광산업),태광산업 앞,2018,1,온천천,A,630.0,0,0
201710,206,7.3,23.7,20.7,7.4,8.9,2.1,0.875,240000.0,240000.0,18.9,22929.0,0.0,,,,,,,9.299,0.006,9.858,9.902,0.805,0.838,,63.1,,2,중부산,3,동천,동천1,광무교,2017,10,동천,B,240000.0,1,1
201710,207,7.4,6.4,6.0,2.9,7.1,2.4,0.334,33000.0,4100.0,17.3,42416.0,0.0,,,,,,,2.537,0.001,2.76,3.175,0.243,0.269,,38.7,,2,중부산,3,동천,동천2,범4호교,2017,10,동천,B,4100.0,1,1
201710,208,7.5,1.8,3.2,1.9,4.7,3.0,0.174,1700.0,920.0,17.2,46524.0,0.0,,,,,,,1.298,0.015,1.453,1.683,0.111,0.129,,19.7,,2,중부산,3,동천,동천3,범일교,2017,10,동천,B,920.0,0,0
201710,215,8.3,1.8,5.0,3.0,2.7,9.8,0.151,35000.0,35000.0,18.8,360.0,0.0,,,,,,,0.135,1.766,2.232,2.465,0.084,0.09,,3.1,,1,수영강,29,온천천,온천천1(태광산업),태광산업 앞,2017,10,온천천,A,35000.0,1,0
201710,216,7.7,3.1,5.4,2.6,3.4,7.7,0.121,54000.0,3300.0,16.4,455.0,0.0,,,,,,,0.216,1.794,2.72,2.898,0.1,0.115,,4.6,,1,수영강,29,온천천,온천천2(연안교),연안교,2017,10,온천천,A,3300.0,1,0
201710,312,7.5,5.0,5.2,2.7,5.7,1.1,0.298,49000.0,49000.0,17.1,43035.0,0.0,,,,,,,2.285,0.001,2.454,2.863,0.217,0.23,,27.4,,2,중부산,3,동천,동천2-1,범3호교(성서교),2017,10,동천,B,49000.0,1,1
201710,327,7.9,1.6,5.0,3.0,5.4,9.1,0.052,110.0,20.0,18.4,363.0,0.0,,,,,,,0.043,1.479,1.759,1.977,0.05,0.051,,2.2,,1,수영강,29,온천천,온천천(청룡),청룡2호교,2017,10,온천천,A,20.0,0,0
201710,328,8.0,2.4,6.0,2.9,8.6,9.9,0.101,13000.0,13000.0,17.0,521.0,0.0,,,,,,,0.038,1.766,2.061,2.213,0.092,0.097,,4.5,,1,수영강,29,온천천,온천천(온천),온천교,2017,10,온천천,A,13000.0,1,0
201710,329,7.8,3.7,6.4,2.6,11.0,8.9,0.102,54000.0,7900.0,17.0,396.0,0.0,,,,,,,0.101,2.541,2.862,3.011,0.092,0.099,,2.4,,1,수영강,29,온천천,온천천(세병),세병교,2017,10,온천천,A,7900.0,1,0
201711,206,7.3,20.4,13.3,5.5,13.8,4.7,0.661,490000.0,170000.0,13.1,33309.0,0.0,,,,,,,5.402,0.093,7.798,8.021,0.484,0.522,,235.8,,2,중부산,3,동천,동천1,광무교,2017,11,동천,B,170000.0,1,0
201711,207,7.6,8.0,12.2,4.5,26.0,10.0,0.245,6800.0,4500.0,14.5,45233.0,0.0,,,,,,,1.317,0.068,2.322,2.876,0.109,0.128,,236.7,,2,중부산,3,동천,동천2,범4호교,2017,11,동천,B,4500.0,1,0
201711,208,7.8,2.9,2.3,2.0,11.8,6.7,0.123,23000.0,13000.0,14.8,48062.0,0.0,,,,,,,0.801,0.104,1.609,1.861,0.085,0.093,,14.6,,2,중부산,3,동천,동천3,범일교,2017,11,동천,B,13000.0,1,0
201711,215,8.3,1.2,4.5,2.9,2.5,10.6,0.048,24000.0,13000.0,15.8,369.0,0.0,,,,,,,0.08,1.648,2.537,2.577,0.038,0.041,,5.2,,1,수영강,29,온천천,온천천1(태광산업),태광산업 앞,2017,11,온천천,A,13000.0,1,0
201711,216,7.8,1.9,4.9,2.4,3.3,9.7,0.064,17000.0,3100.0,13.2,1241.0,0.0,,,,,,,0.144,2.141,3.08,3.192,0.049,0.05,,4.2,,1,수영강,29,온천천,온천천2(연안교),연안교,2017,11,온천천,A,3100.0,1,0
201711,312,7.7,3.6,4.2,2.7,9.8,7.8,0.181,130000.0,49000.0,14.4,45878.0,0.0,,,,,,,1.314,0.074,2.179,2.413,0.122,0.125,,54.4,,2,중부산,3,동천,동천2-1,범3호교(성서교),2017,11,동천,B,49000.0,1,0
201711,329,7.9,1.5,4.1,2.4,11.0,11.2,0.056,24000.0,1700.0,12.8,381.0,0.0,,,,,,,0.044,2.543,3.349,3.574,0.047,0.048,,2.4,,1,수영강,29,온천천,온천천(세병),세병교,2017,11,온천천,A,1700.0,1,0
201712,215,8.6,1.7,5.0,2.6,4.5,12.6,0.094,24000.0,240.0,9.5,404.0,0.0,0.0,,,0.0,0.0,0.0,0.269,1.383,2.084,2.142,0.067,0.079,0.0,1.2,0.0,1,수영강,29,온천천,온천천1(태광산업),태광산업 앞,2017,12,온천천,A,240.0,0,0
201712,216,7.6,2.0,5.6,2.5,5.1,11.4,0.065,7900.0,2200.0,5.9,991.0,0.0,0.0,,,0.0,0.0,0.0,0.21,1.747,2.262,2.339,0.049,0.059,0.0,1.4,0.0,1,수영강,29,온천천,온천천2(연안교),연안교,2017,12,온천천,A,2200.0,1,0
201712,301,7.6,21.6,12.9,6.0,19.7,4.1,1.018,4700.0,3200.0,10.6,24922.0,0.0,0.0,,,0.0,0.0,0.0,9.027,0.2791,9.741,11.742,0.802,0.815,0.1,1.7,0.0,4,낙동강,22,괴정천,괴정천,하단초등학교 뒤,2017,12,괴정천,B,3200.0,1,0
201801,327,7.9,1.2,4.7,2.7,4.4,15.1,0.052,0.0,0.0,8.4,551.0,0.0,,,,,,,0.083,2.4,3.679,3.735,0.006,0.042,,0.4,,1,수영강,29,온천천,온천천(청룡),청룡2호교,2018,1,온천천,A,0.0,0,0
201801,328,8.0,1.4,4.8,2.6,4.9,14.7,0.051,17000.0,1300.0,7.9,526.0,0.0,,,,,,,0.16,2.467,3.786,3.801,0.027,0.044,,1.0,,1,수영강,29,온천천,온천천(온천),온천교,2018,1,온천천,A,1300.0,1,0
201801,329,7.9,1.5,5.3,2.6,4.8,13.6,0.095,1700.0,1300.0,6.4,541.0,0.0,,,,,,,0.239,2.644,3.619,3.644,0.029,0.051,,0.6,,1,수영강,29,온천천,온천천(세병),세병교,2018,1,온천천,A,1300.0,1,0
201802,215,8.1,2.1,5.7,3.3,3.8,13.2,0.1,790.0,170.0,3.9,538.0,0.0,,,,,,,0.234,2.572,3.633,3.892,0.044,0.051,,1.0,,1,수영강,29,온천천,온천천1(태광산업),태광산업 앞,2018,2,온천천,A,170.0,0,0
201802,327,7.9,1.2,5.7,,4.0,13.9,,,,2.4,549.0,,,,,,,,,,,3.753,,,,,,1,수영강,29,온천천,온천천(청룡),청룡2호교,2018,2,온천천,A,,0,0
201802,328,8.0,1.8,5.5,3.1,4.6,14.5,0.064,1100.0,93.0,0.3,542.0,0.0,,,,,,,0.241,2.748,3.709,4.281,0.045,0.053,,1.2,,1,수영강,29,온천천,온천천(온천),온천교,2018,2,온천천,A,93.0,0,0
201802,329,8.0,1.7,5.1,2.8,4.9,14.9,0.068,240.0,45.0,0.9,545.0,0.0,,,,,,,0.18,2.604,3.267,3.837,0.038,0.061,,1.7,,1,수영강,29,온천천,온천천(세병),세병교,2018,2,온천천,A,45.0,0,0
201803,215,8.0,2.3,6.7,3.3,16.2,10.6,0.055,1700.0,78.0,13.6,427.0,0.0,0.0,,,0.0,0.0,0.0,0.222,3.107,3.91,4.014,0.03,0.053,0.0,6.6,0.0,1,수영강,29,온천천,온천천1(태광산업),태광산업 앞,2018,3,온천천,A,78.0,0,0
201803,216,7.7,1.1,5.5,3.0,9.4,9.8,0.087,2100.0,200.0,14.5,442.0,0.0,0.0,,,0.0,0.0,0.0,0.245,3.474,3.783,3.826,0.032,0.046,0.0,1.6,0.0,1,수영강,29,온천천,온천천2(연안교),연안교,2018,3,온천천,A,200.0,0,0
201803,301,7.9,41.0,14.8,8.2,15.2,1.2,0.607,330000.0,7000.0,16.7,11625.0,0.0,0.0,,,0.0,0.0,0.0,7.533,0.026,8.933,9.647,0.533,0.575,0.0,2.1,0.0,4,낙동강,22,괴정천,괴정천,하단초등학교 뒤,2018,3,괴정천,B,7000.0,1,1
201803,327,7.6,1.9,6.4,3.8,19.5,12.4,0.055,0.0,0.0,9.9,467.0,0.0,0.0,,,0.0,0.0,0.0,0.074,3.631,3.947,4.243,0.01,0.038,0.0,10.0,0.0,1,수영강,29,온천천,온천천(청룡),청룡2호교,2018,3,온천천,A,0.0,0,0
201803,328,8.0,1.4,5.8,3.3,7.0,10.4,0.065,1300.0,450.0,13.9,427.0,0.0,0.0,,,0.0,0.0,0.0,0.169,3.316,3.741,3.921,0.039,0.051,0.0,3.2,0.0,1,수영강,29,온천천,온천천(온천),온천교,2018,3,온천천,A,450.0,0,0
201803,329,7.7,4.3,6.8,3.2,11.2,10.3,0.11,1100.0,61.0,14.5,448.0,0.0,0.0,,,0.0,0.0,0.0,0.645,3.288,4.054,4.287,0.084,0.093,0.0,2.2,0.0,1,수영강,29,온천천,온천천(세병),세병교,2018,3,온천천,A,61.0,0,0
201804,215,8.5,1.6,5.3,3.1,3.9,10.6,0.13,5400.0,2200.0,16.4,293.0,0.0,,,,,,,0.116,2.519,2.696,2.746,0.059,0.072,,5.5,,1,수영강,29,온천천,온천천1(태광산업),태광산업 앞,2018,4,온천천,A,2200.0,1,0
201804,216,7.6,1.7,4.8,2.6,3.6,9.9,0.088,11000.0,4900.0,15.9,340.0,0.0,,,,,,,0.118,2.292,2.509,2.678,0.061,0.082,,2.2,,1,수영강,29,온천천,온천천2(연안교),연안교,2018,4,온천천,A,4900.0,1,0
201804,327,7.6,1.3,4.5,2.4,4.6,11.5,0.056,220.0,79.0,13.7,215.0,0.0,,,,,,,0.005,1.865,2.003,2.054,0.031,0.038,,14.5,,1,수영강,29,온천천,온천천(청룡),청룡2호교,2018,4,온천천,A,79.0,0,0
201804,329,7.8,1.3,4.6,2.5,5.1,10.6,0.069,17000.0,1300.0,15.7,303.0,0.0,,,,,,,0.095,2.328,2.511,2.535,0.058,0.067,,2.5,,1,수영강,29,온천천,온천천(세병),세병교,2018,4,온천천,A,1300.0,1,0
201712,327,7.9,1.1,4.9,2.7,4.4,12.1,0.085,11.0,7.0,8.4,409.0,0.0,0.0,,,0.0,0.0,0.0,0.142,1.205,1.782,1.825,0.017,0.054,0.0,1.2,0.0,1,수영강,29,온천천,온천천(청룡),청룡2호교,2017,12,온천천,A,7.0,0,0
201712,328,8.6,1.5,5.0,2.7,4.8,14.2,0.085,17000.0,240.0,7.9,405.0,0.0,0.0,,,0.0,0.0,0.0,0.23,1.503,2.061,2.157,0.066,0.077,0.0,1.5,0.0,1,수영강,29,온천천,온천천(온천),온천교,2017,12,온천천,A,240.0,0,0
201712,329,7.9,1.7,5.4,2.5,4.8,12.4,0.113,7900.0,1700.0,6.4,456.0,0.0,0.0,,,0.0,0.0,0.0,0.216,1.642,2.278,3.31,0.05,0.075,0.0,1.2,0.0,1,수영강,29,온천천,온천천(세병),세병교,2017,12,온천천,A,1700.0,1,0
201805,215,7.8,2.1,4.5,2.3,5.2,9.9,0.069,22000.0,4900.0,17.1,193.0,0.0,,,,,,,0.195,1.599,2.268,2.061,0.059,0.061,,4.4,,1,수영강,29,온천천,온천천1(태광산업),태광산업 앞,2018,5,온천천,A,4900.0,1,0
201805,216,7.1,5.6,7.0,2.9,6.4,6.1,0.239,1600000.0,110000.0,14.3,287.0,0.0,,,,,,,1.733,1.411,3.72,3.794,0.237,0.238,,1.3,,1,수영강,29,온천천,온천천2(연안교),연안교,2018,5,온천천,A,110000.0,1,0
201805,327,7.7,0.9,1.9,0.9,1.2,10.9,0.044,1100.0,78.0,12.6,62.0,0.0,,,,,,,0.0,0.564,0.584,0.642,0.036,0.039,,1.2,,1,수영강,29,온천천,온천천(청룡),청룡2호교,2018,5,온천천,A,78.0,0,0
201805,329,7.3,3.2,5.7,2.3,12.3,9.1,0.153,35000.0,35000.0,14.4,228.0,0.0,,,,,,,0.968,1.683,3.101,3.135,0.137,0.145,,2.4,,1,수영강,29,온천천,온천천(세병),세병교,2018,5,온천천,A,35000.0,1,0
201806,215,8.7,2.4,4.9,2.3,4.5,9.1,0.188,4300.0,170.0,21.6,269.0,0.0,0.0,,,0.0,0.0,0.0,0.051,1.48,2.186,2.234,0.177,0.18,0.0,5.0,0.0,1,수영강,29,온천천,온천천1(태광산업),태광산업 앞,2018,6,온천천,A,170.0,0,0
201806,216,7.4,8.9,11.1,4.7,13.7,8.6,0.242,4900.0,450.0,21.7,13385.0,0.0,0.0,,,0.0,0.0,0.0,1.882,0.589,3.344,3.453,0.209,0.211,0.0,153.3,0.0,1,수영강,29,온천천,온천천2(연안교),연안교,2018,6,온천천,A,450.0,0,0
201806,301,7.3,29.4,6.4,3.7,16.0,2.2,0.287,490000.0,21000.0,20.5,31400.0,0.0,0.0,,,0.0,0.0,0.0,2.524,0.0123,3.295,3.605,0.173,0.214,0.0,3.0,0.0,4,낙동강,22,괴정천,괴정천,하단초등학교 뒤,2018,6,괴정천,B,21000.0,1,1
201806,327,8.1,1.8,2.1,0.9,0.2,10.5,0.024,2300.0,140.0,18.1,69.0,0.0,0.0,,,0.0,0.0,0.0,0.024,0.644,0.704,0.735,0.019,0.02,0.0,0.9,0.0,1,수영강,29,온천천,온천천(청룡),청룡2호교,2018,6,온천천,A,140.0,0,0
201806,329,7.4,4.3,4.4,2.4,4.8,7.0,0.144,4600.0,1100.0,19.5,400.0,0.0,0.0,,,0.0,0.0,0.0,0.519,1.757,2.472,2.685,0.095,0.121,0.0,1.5,0.0,1,수영강,29,온천천,온천천(세병),세병교,2018,6,온천천,A,1100.0,1,0
201807,215,7.3,3.5,6.7,3.7,7.6,8.9,0.135,3500.0,5400.0,25.4,179.0,0.0,,,,,,,0.54,1.943,3.157,3.186,0.123,0.124,,5.2,,1,수영강,29,온천천,온천천1(태광산업),태광산업 앞,2018,7,온천천,A,5400.0,1,0
201807,216,7.1,1.8,5.9,3.0,5.2,6.7,0.111,140000.0,33000.0,28.1,273.0,0.0,,,,,,,0.271,2.321,3.121,3.176,0.087,0.089,,7.5,,1,수영강,29,온천천,온천천2(연안교),연안교,2018,7,온천천,A,33000.0,1,0
201807,327,7.0,1.0,4.7,2.7,9.1,9.2,0.076,1100.0,0.0,23.3,112.0,0.0,,,,,,,0.011,1.265,1.615,1.637,0.056,0.065,,6.4,,1,수영강,29,온천천,온천천(청룡),청룡2호교,2018,7,온천천,A,0.0,0,0
201807,329,7.0,2.0,5.3,2.9,9.1,7.4,0.197,690.0,350.0,26.6,257.0,0.0,,,,,,,0.348,1.304,3.2,3.252,0.147,0.18,,2.0,,1,수영강,29,온천천,온천천(세병),세병교,2018,7,온천천,A,350.0,0,0
201808,215,7.6,5.3,9.0,4.3,7.8,7.1,0.175,160000.0,54000.0,30.5,207.0,0.0,,,,,,,0.901,1.679,3.085,3.242,0.135,0.159,,12.9,,1,수영강,29,온천천,온천천1(태광산업),태광산업 앞,2018,8,온천천,A,54000.0,1,0
201808,216,7.9,3.5,8.3,3.4,13.4,8.2,0.146,33000.0,4600.0,29.6,2578.0,0.0,,,,,,,0.231,2.173,2.881,3.248,0.099,0.121,,52.5,,1,수영강,29,온천천,온천천2(연안교),연안교,2018,8,온천천,A,4600.0,1,0
201808,327,7.9,2.6,8.5,4.1,6.1,7.1,0.03,1700.0,68.0,30.3,172.0,0.0,,,,,,,0.059,1.143,1.52,1.64,0.024,0.028,,24.3,,1,수영강,29,온천천,온천천(청룡),청룡2호교,2018,8,온천천,A,68.0,0,0
201808,329,7.4,2.7,7.6,3.6,18.7,7.3,0.124,35000.0,17000.0,28.9,233.0,0.0,,,,,,,0.099,1.215,2.703,2.805,0.102,0.113,,10.1,,1,수영강,29,온천천,온천천(세병),세병교,2018,8,온천천,A,17000.0,1,0
201809,215,7.5,1.3,5.7,3.0,5.2,8.7,0.075,690.0,220.0,24.0,143.0,0.0,0.0,,,0.0,0.0,0.0,0.095,2.0239,2.482,2.593,0.06,0.063,0.0,3.8,0.0,1,수영강,29,온천천,온천천1(태광산업),태광산업 앞,2018,9,온천천,A,220.0,0,0
201809,216,7.2,1.5,4.4,2.4,5.7,8.0,0.097,4100.0,2700.0,22.1,227.0,0.0,0.0,,,0.0,0.0,0.0,0.091,2.4695,2.932,3.107,0.066,0.077,0.0,5.7,0.0,1,수영강,29,온천천,온천천2(연안교),연안교,2018,9,온천천,A,2700.0,1,0
201809,301,7.1,4.8,8.2,3.6,6.4,1.8,0.395,430000.0,19000.0,25.4,688.0,0.001,0.0,,,0.0,0.0,0.0,3.602,1.647,5.726,5.764,0.309,0.323,0.0,9.2,0.0,4,낙동강,22,괴정천,괴정천,하단초등학교 뒤,2018,9,괴정천,B,19000.0,1,1
201809,327,7.5,0.5,4.1,2.2,7.3,8.9,0.041,400.0,20.0,22.4,104.0,0.0,0.0,,,0.0,0.0,0.0,0.073,1.4192,1.833,1.873,0.024,0.033,0.0,6.5,0.0,1,수영강,29,온천천,온천천(청룡),청룡2호교,2018,9,온천천,A,20.0,0,0
201809,329,7.3,1.0,4.4,2.5,6.4,8.5,0.073,35000.0,2800.0,22.5,192.0,0.0,0.0,,,0.0,0.0,0.0,0.064,2.3529,2.762,2.996,0.059,0.06,0.0,2.6,0.0,1,수영강,29,온천천,온천천(세병),세병교,2018,9,온천천,A,2800.0,1,0
201810,215,6.7,2.4,4.6,2.9,7.8,9.3,0.161,160000.0,92000.0,17.2,130.0,0.0,,,,,,,0.561,1.369,2.412,2.637,0.115,0.142,,1.7,,1,수영강,29,온천천,온천천1(태광산업),태광산업 앞,2018,10,온천천,A,92000.0,1,0
201810,216,7.1,1.2,3.6,2.1,7.7,8.5,0.147,7200.0,4000.0,16.7,180.0,0.0,,,,,,,0.2,2.053,2.588,2.698,0.087,0.117,,1.2,,1,수영강,29,온천천,온천천2(연안교),연안교,2018,10,온천천,A,4000.0,1,0
201810,327,7.0,0.7,3.8,2.5,12.3,9.4,0.104,1700.0,40.0,17.2,95.0,0.0,,,,,,,0.04,1.354,1.513,1.638,0.068,0.085,,2.8,,1,수영강,29,온천천,온천천(청룡),청룡2호교,2018,10,온천천,A,40.0,0,0
201810,329,7.1,2.5,4.5,2.7,7.4,8.5,0.206,620.0,200.0,16.7,172.0,0.0,,,,,,,0.798,1.705,2.838,3.076,0.146,0.177,,1.2,,1,수영강,29,온천천,온천천(세병),세병교,2018,10,온천천,A,200.0,0,0
201812,328,8.0,0.9,3.9,5.2,1.1,16.8,0.048,160000.0,14000.0,6.5,293.0,0.0,0.0,,,0.0,0.0,0.0,0.035,2.143,2.78,2.781,0.047,0.038,0.0,1.3,0.0,1,수영강,29,온천천,온천천(온천),온천교,2018,12,온천천,A,14000.0,1,0
201812,329,7.9,1.0,3.6,2.4,1.0,16.1,0.034,1700.0,2300.0,6.5,311.0,0.0,0.0,,,0.0,0.0,0.0,0.105,2.663,2.92,2.932,0.028,0.032,0.0,0.6,0.0,1,수영강,29,온천천,온천천(세병),세병교,2018,12,온천천,A,2300.0,1,0
201902,327,7.4,1.0,4.2,2.6,1.9,13.4,0.046,20.0,0.0,5.7,436.0,0.0,,,,,,,0.061,2.928,3.595,3.638,0.012,0.018,,7.0,,1,수영강,29,온천천,온천천(청룡),청룡2호교,2019,2,온천천,A,0.0,0,0
201811,215,8.0,2.3,4.7,2.8,2.0,10.0,0.083,23000.0,23000.0,15.8,239.0,0.0,,,,,,,0.629,2.016,2.891,2.953,0.066,0.075,,3.4,,1,수영강,29,온천천,온천천1(태광산업),태광산업 앞,2018,11,온천천,A,23000.0,1,0
201811,216,7.7,1.1,3.7,2.4,5.0,9.4,0.063,31000.0,13000.0,14.0,277.0,0.0,,,,,,,0.103,2.353,2.609,2.672,0.043,0.055,,1.3,,1,수영강,29,온천천,온천천2(연안교),연안교,2018,11,온천천,A,13000.0,1,0
201811,327,7.6,0.8,1.7,1.0,1.9,9.9,0.037,790.0,78.0,12.8,66.0,0.0,,,,,,,0.011,0.531,0.696,0.736,0.013,0.019,,2.0,,1,수영강,29,온천천,온천천(청룡),청룡2호교,2018,11,온천천,A,78.0,0,0
201811,329,7.8,1.1,3.9,2.6,2.3,10.5,0.046,14000.0,2300.0,14.8,285.0,0.0,,,,,,,0.093,2.225,,2.561,0.035,0.04,,1.2,,1,수영강,29,온천천,온천천(세병),세병교,2018,11,온천천,A,2300.0,1,0
201812,215,8.2,2.2,5.2,2.9,4.8,14.2,0.069,79000.0,17000.0,8.3,295.0,0.0,0.0,,,0.0,0.0,0.0,0.457,2.362,3.102,3.177,0.068,0.068,0.0,7.2,0.0,1,수영강,29,온천천,온천천1(태광산업),태광산업 앞,2018,12,온천천,A,17000.0,1,0
201812,216,7.8,1.2,3.4,2.3,1.5,14.4,0.039,7000.0,780.0,6.5,1016.0,0.0,0.0,,,0.0,0.0,0.0,0.142,2.75,3.016,3.041,0.036,0.037,0.0,2.7,0.0,1,수영강,29,온천천,온천천2(연안교),연안교,2018,12,온천천,A,780.0,0,0
201812,301,7.2,7.0,5.8,3.2,14.3,5.9,0.154,160000.0,18000.0,8.2,23770.0,0.003,0.0,,,0.008,0.0,0.0,1.18,0.955,2.614,3.03,0.063,0.068,0.0,0.6,0.0,4,낙동강,22,괴정천,괴정천,하단초등학교 뒤,2018,12,괴정천,B,18000.0,1,0
201812,327,7.6,0.4,1.2,0.5,0.0,14.8,0.021,130.0,45.0,4.7,71.0,,,,,,,,0.034,0.709,0.744,0.754,0.01,0.018,,0.4,,1,수영강,29,온천천,온천천(청룡),청룡2호교,2018,12,온천천,A,45.0,0,0
201901,215,8.0,2.7,5.0,2.9,4.7,14.1,0.028,49000.0,49000.0,4.5,365.0,0.0,,,,,,,0.055,2.8506,3.341,3.514,0.018,0.024,,16.5,,1,수영강,29,온천천,온천천1(태광산업),태광산업 앞,2019,1,온천천,A,49000.0,1,0
201901,216,8.0,7.4,6.0,3.2,10.1,14.5,0.12,33000.0,23000.0,5.2,4232.0,0.0,,,,,,,0.063,2.7286,3.404,4.243,0.037,0.049,,103.8,,1,수영강,29,온천천,온천천2(연안교),연안교,2019,1,온천천,A,23000.0,1,0
201901,327,8.1,2.1,5.0,2.9,3.1,15.3,0.02,170.0,170.0,4.1,341.0,0.0,,,,,,,0.009,2.3767,3.1,3.264,0.012,0.019,,23.0,,1,수영강,29,온천천,온천천(청룡),청룡2호교,2019,1,온천천,A,170.0,0,0
201901,328,8.2,1.5,4.5,2.8,3.2,15.3,0.039,1700.0,1100.0,4.1,360.0,0.0,,,,,,,0.017,2.8387,3.226,3.278,0.01,0.021,,16.8,,1,수영강,29,온천천,온천천(온천),온천교,2019,1,온천천,A,1100.0,1,0
201901,329,8.2,1.3,4.2,2.5,2.7,15.3,0.025,3300.0,3300.0,4.4,365.0,0.0,,,,,,,0.023,3.0166,3.451,3.509,0.012,0.022,,10.8,,1,수영강,29,온천천,온천천(세병),세병교,2019,1,온천천,A,3300.0,1,0
201902,215,8.1,1.8,4.4,2.6,3.8,14.4,0.056,79000.0,79000.0,4.8,413.0,0.0,,,,,,,0.093,2.804,3.57,3.613,0.027,0.03,,6.6,,1,수영강,29,온천천,온천천1(태광산업),태광산업 앞,2019,2,온천천,A,79000.0,1,0
201902,216,7.7,1.4,4.4,2.5,2.1,14.6,0.044,4600.0,450.0,5.2,784.0,0.0,,,,,,,0.105,3.051,3.746,3.791,0.032,0.041,,4.1,,1,수영강,29,온천천,온천천2(연안교),연안교,2019,2,온천천,A,450.0,0,0
201903,327,7.2,1.6,4.4,2.1,3.7,12.0,0.058,45.0,20.0,10.0,308.0,0.0,0.0,,,0.0,0.0,0.0,0.03,2.123,2.493,2.683,0.034,0.026,0.0,5.0,0.0,1,수영강,29,온천천,온천천(청룡),청룡2호교,2019,3,온천천,A,20.0,0,0
201903,328,8.0,2.6,5.2,2.7,4.0,12.4,0.032,11000.0,390.0,9.4,407.0,0.0,0.0,,,0.0,0.0,0.0,0.082,2.395,2.928,3.143,0.088,0.023,0.0,8.7,0.0,1,수영강,29,온천천,온천천(온천),온천교,2019,3,온천천,A,390.0,0,0
201903,329,7.7,4.7,5.6,2.6,11.3,10.5,0.045,14000.0,3200.0,11.3,434.0,0.0,0.0,,,0.0,0.0,0.0,0.16,2.789,3.33,3.608,0.015,0.038,0.0,20.0,0.0,1,수영강,29,온천천,온천천(세병),세병교,2019,3,온천천,A,3200.0,1,0
201904,215,8.4,2.3,5.8,2.8,3.6,10.7,0.15,24000.0,7900.0,13.3,389.0,0.0,,,,,,,0.251,2.682,3.697,3.822,0.022,0.137,,7.0,,1,수영강,29,온천천,온천천1(태광산업),태광산업 앞,2019,4,온천천,A,7900.0,1,0
201904,216,7.6,13.3,10.0,3.7,13.0,8.3,0.356,160000.0,2100.0,14.2,3596.0,0.0,,,,,,,1.886,2.361,4.07,5.376,0.056,0.171,,74.5,,1,수영강,29,온천천,온천천2(연안교),연안교,2019,4,온천천,A,2100.0,1,0
201904,327,7.2,1.0,4.2,2.4,4.2,10.9,0.087,0.0,0.0,14.0,353.0,0.0,,,,,,,0.0,2.48,3.014,3.212,0.0,0.064,,0.8,,1,수영강,29,온천천,온천천(청룡),청룡2호교,2019,4,온천천,A,0.0,0,0
201904,328,8.2,2.1,5.4,2.7,3.4,11.5,0.091,7900.0,3300.0,12.0,401.0,0.0,,,,,,,0.373,2.782,3.745,3.525,0.009,0.136,,11.2,,1,수영강,29,온천천,온천천(온천),온천교,2019,4,온천천,A,3300.0,1,0
201904,329,7.8,2.0,5.0,2.4,2.6,9.2,0.112,14000.0,35000.0,13.8,432.0,0.0,,,,,,,0.288,3.273,4.053,4.294,0.0,0.108,,3.0,,1,수영강,29,온천천,온천천(세병),세병교,2019,4,온천천,A,35000.0,1,0
201905,215,8.0,0.9,4.8,2.9,6.2,10.0,0.047,24000.0,7900.0,17.7,394.0,0.0,,,,,,,0.093,2.225,2.68,2.761,0.036,0.04,,2.0,,1,수영강,29,온천천,온천천1(태광산업),태광산업 앞,2019,5,온천천,A,7900.0,1,0
201905,216,7.6,5.5,7.0,3.8,18.3,10.2,0.271,7900.0,2200.0,18.9,9032.0,0.0,,,,,,,0.283,1.96,3.036,3.683,0.053,0.091,,42.3,,1,수영강,29,온천천,온천천2(연안교),연안교,2019,5,온천천,A,2200.0,1,0
201905,327,7.8,0.8,4.8,2.7,7.0,9.2,0.029,330.0,78.0,18.6,385.0,0.0,,,,,,,0.05,2.329,2.601,2.691,0.011,0.024,,3.5,,1,수영강,29,온천천,온천천(청룡),청룡2호교,2019,5,온천천,A,78.0,0,0
201905,328,8.1,1.0,5.2,2.9,10.2,11.5,0.07,5400.0,2400.0,16.3,423.0,0.0,,,,,,,0.011,2.245,2.526,2.614,0.048,0.06,,4.6,,1,수영강,29,온천천,온천천(온천),온천교,2019,5,온천천,A,2400.0,1,0
201905,329,8.0,1.4,5.0,2.5,4.6,9.6,0.062,7900.0,4900.0,18.4,427.0,0.0,,,,,,,0.067,2.952,3.278,3.433,0.04,0.057,,2.9,,1,수영강,29,온천천,온천천(세병),세병교,2019,5,온천천,A,4900.0,1,0
201906,215,8.3,1.0,5.4,2.9,6.3,7.8,0.116,13000.0,7900.0,24.3,291.0,0.0,0.0,,,0.0,0.0,0.0,0.141,1.538,2.226,2.248,0.069,0.116,0.0,2.6,0.0,1,수영강,29,온천천,온천천1(태광산업),태광산업 앞,2019,6,온천천,A,7900.0,1,0
201906,216,7.7,1.7,5.4,2.7,7.5,5.6,0.15,13000.0,7900.0,23.2,746.0,0.0,0.0,,,0.0,0.0,0.0,0.178,1.993,2.898,3.324,0.084,0.15,0.0,16.4,0.0,1,수영강,29,온천천,온천천2(연안교),연안교,2019,6,온천천,A,7900.0,1,0
201906,301,7.6,5.6,4.1,2.9,3.8,4.2,0.262,160000.0,28000.0,22.4,27513.0,0.0,0.0,,,0.0,0.0,0.0,1.322,0.269,2.809,3.033,0.146,0.214,0.0,5.7,0.0,4,낙동강,22,괴정천,괴정천,하단초등학교 뒤,2019,6,괴정천,B,28000.0,1,0
201906,327,8.1,0.9,5.2,2.9,4.2,7.6,0.063,45.0,20.0,22.8,272.0,0.0,0.0,,,0.0,0.0,0.0,0.047,1.53,1.904,2.074,0.023,0.032,0.0,4.0,0.0,1,수영강,29,온천천,온천천(청룡),청룡2호교,2019,6,온천천,A,20.0,0,0
201906,328,8.2,1.0,5.4,2.8,4.8,8.2,0.087,14000.0,14000.0,23.0,304.0,0.0,0.0,,,0.0,0.0,0.0,0.061,1.605,2.078,2.279,0.07,0.059,0.0,3.0,0.0,1,수영강,29,온천천,온천천(온천),온천교,2019,6,온천천,A,14000.0,1,0
201906,329,7.9,2.1,6.0,2.6,19.0,7.6,0.149,7900.0,4900.0,24.2,341.0,0.0,0.0,,,0.0,0.0,0.0,0.13,1.988,5.475,5.764,0.061,0.081,0.0,12.2,0.0,1,수영강,29,온천천,온천천(세병),세병교,2019,6,온천천,A,4900.0,1,0
201902,328,7.9,1.2,4.6,2.6,1.5,14.4,0.041,94000.0,22000.0,3.6,430.0,0.0,,,,,,,0.05,2.831,3.506,3.568,0.02,0.026,,6.5,,1,수영강,29,온천천,온천천(온천),온천교,2019,2,온천천,A,22000.0,1,0
201902,329,7.8,1.0,4.0,2.2,3.2,12.3,0.052,1300.0,1300.0,7.1,436.0,0.0,,,,,,,0.082,3.405,4.12,4.172,0.019,0.03,,3.9,,1,수영강,29,온천천,온천천(세병),세병교,2019,2,온천천,A,1300.0,1,0
201903,215,7.8,2.7,5.8,2.8,5.6,12.0,0.041,35000.0,13000.0,9.5,392.0,0.0,0.0,,,0.0,0.0,0.0,0.049,2.536,3.085,3.23,0.019,0.022,0.0,11.7,0.0,1,수영강,29,온천천,온천천1(태광산업),태광산업 앞,2019,3,온천천,A,13000.0,1,0
201903,216,7.3,3.6,7.0,3.2,8.6,7.7,0.175,160000.0,11000.0,11.5,6912.0,0.0,0.0,,,0.0,0.0,0.0,0.919,1.807,3.388,3.756,0.079,0.089,0.0,8.2,0.0,1,수영강,29,온천천,온천천2(연안교),연안교,2019,3,온천천,A,11000.0,1,0
201903,301,7.3,21.7,13.0,3.6,8.8,2.5,0.452,110000.0,5800.0,12.8,41720.0,0.0,0.0,,,0.0,0.0,0.0,2.985,0.014,3.684,4.618,0.214,0.252,0.0,3.3,0.0,4,낙동강,22,괴정천,괴정천,하단초등학교 뒤,2019,3,괴정천,B,5800.0,1,1
201907,215,8.3,1.6,2.2,3.1,4.3,8.2,0.097,54000.0,54000.0,23.3,234.0,0.0,,,,,,,0.048,1.577,2.048,2.191,0.068,0.076,,1.5,,1,수영강,29,온천천,온천천1(태광산업),태광산업 앞,2019,7,온천천,A,54000.0,1,0
201907,216,7.8,1.8,5.6,2.9,4.5,6.0,0.114,130000.0,79000.0,22.1,598.0,0.0,,,,,,,0.274,1.867,2.578,2.709,0.087,0.093,,0.7,,1,수영강,29,온천천,온천천2(연안교),연안교,2019,7,온천천,A,79000.0,1,0
201907,327,8.3,1.4,6.2,3.1,4.3,7.4,0.068,140.0,140.0,24.2,229.0,0.0,,,,,,,0.051,1.485,1.892,2.032,0.032,0.037,,2.4,,1,수영강,29,온천천,온천천(청룡),청룡2호교,2019,7,온천천,A,140.0,0,0
201907,328,8.2,1.3,4.8,2.9,12.8,9.1,0.105,540000.0,350000.0,22.2,253.0,0.0,,,,,,,0.021,1.827,2.228,2.593,0.068,0.081,,1.0,,1,수영강,29,온천천,온천천(온천),온천교,2019,7,온천천,A,350000.0,1,0
201907,329,8.1,1.5,5.4,2.8,4.5,7.6,0.146,54000.0,54000.0,22.1,263.0,0.0,,,,,,,0.049,1.844,2.279,2.599,0.077,0.088,,0.4,,1,수영강,29,온천천,온천천(세병),세병교,2019,7,온천천,A,54000.0,1,0
201908,215,8.2,0.8,6.1,3.0,3.8,6.2,0.087,14000.0,14000.0,27.2,214.0,0.0,,,,,,,0.033,1.25,1.831,1.861,0.047,0.051,,7.0,,1,수영강,29,온천천,온천천1(태광산업),태광산업 앞,2019,8,온천천,A,14000.0,1,0
201908,216,7.7,1.4,6.6,3.0,6.5,4.5,0.126,130000.0,130000.0,26.7,1406.0,0.0,,,,,,,0.212,1.713,2.579,2.77,0.08,0.083,,15.7,,1,수영강,29,온천천,온천천2(연안교),연안교,2019,8,온천천,A,130000.0,1,0
201908,327,8.2,0.5,5.3,3.0,2.4,6.5,0.058,1100.0,230.0,28.1,211.0,0.0,,,,,,,0.006,1.105,1.617,1.668,0.032,0.052,,4.2,,1,수영강,29,온천천,온천천(청룡),청룡2호교,2019,8,온천천,A,230.0,0,0
201908,328,8.0,0.5,5.1,2.8,3.6,7.3,0.07,1300.0,1300.0,26.2,237.0,0.0,,,,,,,0.0,1.508,1.967,1.985,0.063,0.068,,4.6,,1,수영강,29,온천천,온천천(온천),온천교,2019,8,온천천,A,1300.0,1,0
201908,329,7.9,0.9,5.6,2.7,7.9,6.6,0.082,4900.0,790.0,26.1,284.0,0.0,,,,,,,0.061,2.138,2.828,2.905,0.076,0.082,,5.8,,1,수영강,29,온천천,온천천(세병),세병교,2019,8,온천천,A,790.0,0,0
201909,215,7.4,1.4,5.3,2.8,6.0,8.3,0.104,130000.0,49000.0,25.3,205.0,0.0,,,,,,,0.204,1.557,2.099,2.166,0.078,0.085,,5.4,0.0,1,수영강,29,온천천,온천천1(태광산업),태광산업 앞,2019,9,온천천,A,49000.0,1,0
201909,216,7.3,1.2,6.1,2.9,8.9,5.1,0.152,130000.0,33000.0,25.5,258.0,0.0,,,,,,,0.388,1.611,2.362,2.388,0.105,0.119,,2.3,0.0,1,수영강,29,온천천,온천천2(연안교),연안교,2019,9,온천천,A,33000.0,1,0
201909,301,7.3,7.3,9.1,4.3,11.9,2.4,0.272,5400000.0,540000.0,26.9,1272.0,0.0,0.0,,,0.0,0.0,0.0,2.052,0.2896,2.992,3.318,0.188,0.199,0.0,18.5,0.0,4,낙동강,22,괴정천,괴정천,하단초등학교 뒤,2019,9,괴정천,B,540000.0,1,1
201911,215,8.6,2.7,8.8,4.4,6.1,10.2,0.108,17000.0,14000.0,18.8,234.0,0.0,,,,,,,0.108,2.2325,3.123,3.234,0.095,0.104,,20.3,,1,수영강,29,온천천,온천천1(태광산업),태광산업 앞,2019,11,온천천,A,14000.0,1,0
201911,216,7.8,2.2,7.1,3.5,4.9,7.8,0.059,1700.0,1700.0,16.5,284.0,0.0,,,,,,,0.059,2.572,3.219,3.271,0.053,0.054,,3.4,,1,수영강,29,온천천,온천천2(연안교),연안교,2019,11,온천천,A,1700.0,1,0
201909,327,7.4,1.0,4.3,2.7,5.8,8.2,0.073,490.0,68.0,24.5,181.0,0.0,0.0,,,0.0,0.0,0.0,0.067,1.4526,1.834,1.873,0.041,0.045,0.0,13.5,0.0,1,수영강,29,온천천,온천천(청룡),청룡2호교,2019,9,온천천,A,68.0,0,0
201909,328,7.4,2.3,6.0,3.0,7.9,7.0,0.149,130000.0,34000.0,24.9,215.0,0.0,0.0,,,0.0,0.0,0.0,0.435,1.7867,2.632,2.782,0.109,0.126,0.0,4.2,0.0,1,수영강,29,온천천,온천천(온천),온천교,2019,9,온천천,A,34000.0,1,0
201909,329,7.3,2.1,5.6,2.6,11.9,6.8,0.137,540000.0,170000.0,25.5,253.0,0.0,0.0,,,0.0,0.0,0.0,0.254,2.0542,2.556,2.617,0.103,0.11,0.0,3.3,0.0,1,수영강,29,온천천,온천천(세병),세병교,2019,9,온천천,A,170000.0,1,0
201910,215,7.3,2.5,5.3,3.4,11.0,6.7,0.11,110000.0,4600.0,19.6,157.0,0.0,,,,,,,0.46,1.708,2.698,2.802,0.101,0.106,,1.1,,1,수영강,29,온천천,온천천1(태광산업),태광산업 앞,2019,10,온천천,A,4600.0,1,0
201910,216,7.5,1.6,5.0,2.7,6.4,5.6,0.105,54000.0,22000.0,20.3,204.0,0.0,,,,,,,0.205,2.047,2.738,2.767,0.089,0.099,,0.4,,1,수영강,29,온천천,온천천2(연안교),연안교,2019,10,온천천,A,22000.0,1,0
201910,327,7.7,1.0,4.5,2.8,11.4,7.1,0.07,920.0,680.0,19.1,107.0,0.0,,,,,,,0.046,1.332,1.725,1.799,0.043,0.059,,1.4,,1,수영강,29,온천천,온천천(청룡),청룡2호교,2019,10,온천천,A,680.0,0,0
201910,328,7.3,2.3,5.3,3.1,7.8,6.4,0.121,92000.0,28000.0,18.5,178.0,0.0,,,,,,,0.312,1.937,2.848,2.851,0.094,0.116,,0.5,,1,수영강,29,온천천,온천천(온천),온천교,2019,10,온천천,A,28000.0,1,0
201910,329,7.3,3.0,6.6,3.1,8.9,6.0,0.15,160000.0,28000.0,19.4,218.0,0.0,,,,,,,0.811,2.187,3.63,3.719,0.14,0.142,,0.7,,1,수영강,29,온천천,온천천(세병),세병교,2019,10,온천천,A,28000.0,1,0
201911,327,8.3,1.5,8.3,4.0,7.8,10.0,0.046,680.0,400.0,17.5,220.0,0.0,,,,,,,0.046,2.2,2.619,2.629,0.032,0.034,,29.8,,1,수영강,29,온천천,온천천(청룡),청룡2호교,2019,11,온천천,A,400.0,0,0
201911,328,8.3,1.8,7.7,3.8,4.5,10.1,0.071,11000.0,4900.0,16.8,236.0,0.0,,,,,,,0.071,2.216,2.67,2.745,0.053,0.064,,9.6,,1,수영강,29,온천천,온천천(온천),온천교,2019,11,온천천,A,4900.0,1,0
201911,329,8.0,5.1,8.3,3.9,9.1,8.8,0.069,14000.0,7900.0,16.6,253.0,0.0,,,,,,,0.062,2.317,2.819,3.003,0.055,0.062,,6.3,,1,수영강,29,온천천,온천천(세병),세병교,2019,11,온천천,A,7900.0,1,0
201912,215,7.7,2.9,5.9,3.5,3.1,9.9,0.104,7900.0,1700.0,7.8,358.0,0.0,0.0,,,0.0,0.0,0.0,0.204,1.557,2.099,2.166,0.078,0.085,0.0,8.4,0.0,1,수영강,29,온천천,온천천1(태광산업),태광산업 앞,2019,12,온천천,A,1700.0,1,0
201912,216,7.5,4.3,6.5,3.2,5.8,10.4,0.152,13000.0,790.0,8.8,4452.0,0.0,0.0,,,0.0,0.0,0.0,0.388,1.611,2.362,2.388,0.105,0.119,0.0,47.3,0.0,1,수영강,29,온천천,온천천2(연안교),연안교,2019,12,온천천,A,790.0,0,0
201912,301,7.2,15.5,15.6,5.1,10.4,3.0,0.272,2400000.0,490000.0,8.9,22453.0,0.0,0.0,,,0.0,0.0,0.0,2.626,0.0524,4.31,3.318,0.231,0.257,0.0,2.4,0.0,4,낙동강,22,괴정천,괴정천,하단초등학교 뒤,2019,12,괴정천,B,490000.0,1,0
201912,327,7.8,1.1,1.8,2.5,1.7,11.1,0.073,130.0,20.0,8.7,306.0,0.0,0.0,,,0.0,0.0,0.0,0.067,1.4526,1.834,1.873,0.041,0.045,0.0,2.3,0.0,1,수영강,29,온천천,온천천(청룡),청룡2호교,2019,12,온천천,A,20.0,0,0
201912,328,7.7,1.4,4.4,2.9,3.1,11.6,0.149,1700.0,280.0,7.1,345.0,0.0,0.0,,,0.0,0.0,0.0,0.435,1.7867,2.632,2.782,0.109,0.126,0.0,1.2,0.0,1,수영강,29,온천천,온천천(온천),온천교,2019,12,온천천,A,280.0,0,0
201912,329,7.6,1.8,4.7,3.0,1.1,11.3,0.137,2200.0,170.0,8.2,370.0,0.0,0.0,,,0.0,0.0,0.0,0.254,2.0542,2.556,2.617,0.103,0.11,0.0,1.2,0.0,1,수영강,29,온천천,온천천(세병),세병교,2019,12,온천천,A,170.0,0,0
202001,215,7.8,2.1,4.9,3.0,10.1,11.6,0.053,24000.0,13000.0,5.4,342.0,0.0,,,,,,,0.131,2.525,3.082,3.12,0.027,0.04,,24.6,,1,수영강,29,온천천,온천천1(태광산업),태광산업 앞,2020,1,온천천,A,13000.0,1,0
202001,216,7.6,3.5,6.1,2.7,5.5,9.3,0.1,49000.0,3500.0,6.1,7008.0,0.0,,,,,,,0.356,2.496,3.43,3.614,0.068,0.078,,14.8,,1,수영강,29,온천천,온천천2(연안교),연안교,2020,1,온천천,A,3500.0,1,0
202001,327,7.9,0.6,1.8,2.9,5.1,13.0,0.047,8.0,2.0,6.2,339.0,0.0,,,,,,,0.035,2.483,2.983,3.242,0.01,0.024,,3.5,,1,수영강,29,온천천,온천천(청룡),청룡2호교,2020,1,온천천,A,2.0,0,0
202001,328,7.7,0.9,4.0,2.6,1.7,11.5,0.044,11000.0,4900.0,4.8,344.0,0.0,,,,,,,0.097,2.371,2.998,3.194,0.025,0.036,,3.1,,1,수영강,29,온천천,온천천(온천),온천교,2020,1,온천천,A,4900.0,1,0
202001,329,7.7,1.9,4.4,2.7,5.0,11.1,0.064,79000.0,33000.0,5.5,354.0,0.0,,,,,,,0.032,2.41,3.399,3.422,0.052,0.056,,1.6,,1,수영강,29,온천천,온천천(세병),세병교,2020,1,온천천,A,33000.0,1,0
202002,215,7.5,1.5,4.2,2.4,5.0,13.2,0.047,13000.0,4900.0,6.0,300.0,0.0,,,,,,,0.047,2.3492,2.885,2.979,0.018,0.027,,4.9,,1,수영강,29,온천천,온천천1(태광산업),태광산업 앞,2020,2,온천천,A,4900.0,1,0
202002,216,7.4,1.7,4.7,2.5,2.0,10.7,0.046,4600.0,1700.0,6.4,403.0,0.0,,,,,,,0.13,2.6149,3.415,3.434,0.035,0.044,,4.3,,1,수영강,29,온천천,온천천2(연안교),연안교,2020,2,온천천,A,1700.0,1,0
202002,327,7.8,0.4,1.5,0.7,0.7,13.9,0.036,130.0,17.0,5.0,60.0,0.0,,,,,,,0.008,2.349,1.004,1.044,0.018,0.03,,0.6,,1,수영강,29,온천천,온천천(청룡),청룡2호교,2020,2,온천천,A,17.0,0,0
202002,328,7.5,1.5,4.2,2.4,1.9,13.1,0.061,49000.0,4900.0,4.8,3069.0,0.0,,,,,,,0.102,2.613,3.112,3.145,0.03,0.037,,2.6,,1,수영강,29,온천천,온천천(온천),온천교,2020,2,온천천,A,4900.0,1,0
202002,329,7.4,1.7,4.3,2.5,3.6,11.4,0.1,13000.0,2800.0,7.1,345.0,0.0,,,,,,,0.037,3.218,3.565,3.574,0.034,0.046,,3.1,,1,수영강,29,온천천,온천천(세병),세병교,2020,2,온천천,A,2800.0,1,0
202003,215,8.0,1.8,4.5,2.5,4.0,12.3,0.055,49000.0,22000.0,9.8,280.0,0.0,0.0,,,0.0,0.0,0.0,0.028,2.485,2.9,3.082,0.022,0.037,0.0,12.4,0.0,1,수영강,29,온천천,온천천1(태광산업),태광산업 앞,2020,3,온천천,A,22000.0,1,0
202003,216,7.7,1.7,4.2,2.4,3.3,9.1,0.045,24000.0,4900.0,9.8,321.0,0.0,0.0,,,0.0,0.0,0.0,0.0,2.646,2.933,3.034,0.019,0.032,0.0,1.6,0.0,1,수영강,29,온천천,온천천2(연안교),연안교,2020,3,온천천,A,4900.0,1,0
202003,301,7.2,16.8,16.0,5.5,10.5,3.1,0.334,220000.0,13000.0,11.2,18297.0,0.0,0.0,,,0.0,0.0,0.0,3.452,0.042,4.338,5.0,0.244,0.288,0.0,1.1,0.0,4,낙동강,22,괴정천,괴정천,하단초등학교 뒤,2020,3,괴정천,B,13000.0,1,0
202003,327,7.6,1.7,4.3,2.8,7.2,11.6,0.043,170.0,14.0,9.7,292.0,0.0,0.0,,,0.0,0.0,0.0,0.0,2.612,2.959,3.025,0.015,0.024,0.0,4.5,0.0,1,수영강,29,온천천,온천천(청룡),청룡2호교,2020,3,온천천,A,14.0,0,0
202003,328,8.0,1.6,4.2,2.5,2.1,12.1,0.049,17000.0,17000.0,8.9,288.0,0.0,0.0,,,0.0,0.0,0.0,0.045,2.395,2.948,3.128,0.031,0.031,0.0,5.6,0.0,1,수영강,29,온천천,온천천(온천),온천교,2020,3,온천천,A,17000.0,1,0
202003,329,7.7,1.6,3.8,2.3,2.3,11.2,0.063,4900.0,2400.0,10.7,330.0,0.0,0.0,,,0.0,0.0,0.0,0.0,3.137,3.46,3.567,0.034,0.036,0.0,6.1,0.0,1,수영강,29,온천천,온천천(세병),세병교,2020,3,온천천,A,2400.0,1,0
202004,215,8.7,2.1,5.8,2.6,9.9,11.6,0.049,14000.0,4900.0,13.9,270.0,0.0,,,,,,,0.023,2.326,2.715,2.86,0.026,0.047,,37.4,,1,수영강,29,온천천,온천천1(태광산업),태광산업 앞,2020,4,온천천,A,4900.0,1,0
202004,216,8.1,3.7,6.3,2.7,6.5,9.8,0.072,13000.0,2300.0,15.0,2554.0,0.0,,,,,,,0.084,2.284,3.18,3.248,0.027,0.045,,36.0,,1,수영강,29,온천천,온천천2(연안교),연안교,2020,4,온천천,A,2300.0,1,0
202004,327,8.3,1.0,3.8,2.3,4.5,10.8,0.058,350.0,4.0,13.9,256.0,0.0,,,,,,,0.0,3.005,2.398,2.641,0.009,0.024,,2.6,,1,수영강,29,온천천,온천천(청룡),청룡2호교,2020,4,온천천,A,4.0,0,0
202004,328,8.5,0.9,4.8,2.5,4.7,12.2,0.033,33000.0,4900.0,12.4,279.0,0.0,,,,,,,0.0,2.183,2.621,2.664,0.001,0.027,,14.6,,1,수영강,29,온천천,온천천(온천),온천교,2020,4,온천천,A,4900.0,1,0
202004,329,8.3,0.8,3.9,2.1,4.4,11.6,0.11,2300.0,790.0,15.2,345.0,0.0,,,,,,,0.012,3.364,3.689,4.12,0.034,0.031,,11.7,,1,수영강,29,온천천,온천천(세병),세병교,2020,4,온천천,A,790.0,0,0
202005,215,7.4,1.7,5.5,2.7,6.2,9.8,0.1,7900.0,2300.0,19.0,271.0,0.0,,,,,,,0.09,1.871,2.535,2.568,0.072,0.089,,6.4,,1,수영강,29,온천천,온천천1(태광산업),태광산업 앞,2020,5,온천천,A,2300.0,1,0
202005,216,7.4,2.6,5.9,3.1,5.1,5.6,0.196,7000.0,1300.0,19.0,2728.0,0.0,,,,,,,0.366,1.479,2.813,2.864,0.12,0.188,,10.7,,1,수영강,29,온천천,온천천2(연안교),연안교,2020,5,온천천,A,1300.0,1,0
202005,327,7.4,0.8,3.6,1.8,4.2,9.0,0.094,47.0,11.0,17.2,173.0,0.0,,,,,,,0.028,1.424,1.766,1.886,0.04,0.057,,2.0,,1,수영강,29,온천천,온천천(청룡),청룡2호교,2020,5,온천천,A,11.0,0,0
202005,328,7.5,1.4,5.3,2.6,3.2,9.3,0.079,4900.0,340.0,17.1,288.0,0.0,,,,,,,0.048,1.896,2.415,2.496,0.056,0.068,,4.6,,1,수영강,29,온천천,온천천(온천),온천교,2020,5,온천천,A,340.0,0,0
202005,329,7.4,1.1,4.0,2.4,2.6,9.1,0.185,13000.0,1300.0,18.6,333.0,0.0,,,,,,,0.135,2.368,3.215,3.424,0.074,0.098,,2.9,,1,수영강,29,온천천,온천천(세병),세병교,2020,5,온천천,A,1300.0,1,0
202006,215,6.9,1.5,4.8,3.4,4.3,7.8,0.106,7900.0,210.0,24.0,307.0,0.0,0.0,,,0.0,0.0,0.0,0.0,1.799,2.199,2.429,0.036,0.047,0.0,6.0,0.0,1,수영강,29,온천천,온천천1(태광산업),태광산업 앞,2020,6,온천천,A,210.0,0,0
202006,216,7.1,5.3,7.1,4.1,10.3,8.2,0.254,4900.0,130.0,24.0,5058.0,0.0,0.0,,,0.0,0.0,0.0,0.089,1.696,2.539,3.421,0.07,0.103,0.0,68.0,0.0,1,수영강,29,온천천,온천천2(연안교),연안교,2020,6,온천천,A,130.0,0,0
202006,301,8.3,6.5,5.9,3.5,17.0,3.6,0.215,16000.0,270.0,21.7,34977.0,0.0,0.0,,,0.0,0.0,0.0,1.18,0.147,1.937,2.108,0.127,0.166,0.0,7.0,0.0,4,낙동강,22,괴정천,괴정천,하단초등학교 뒤,2020,6,괴정천,B,270.0,0,0
202407,206,6.8,6.1,5.9,5.0,6.7,4.2,0.997,390000.0,45000.0,24.0,6737.0,0.0,,,,,,,4.644,0.636,6.367,6.814,0.765,0.842,,0.2,,2,중부산,3,동천,동천1,광무교,2024,7,동천,B,45000.0,1,0
202407,207,7.0,3.3,3.9,2.8,5.9,5.0,0.239,260000.0,210000.0,22.8,31490.0,0.0,,,,,,,0.874,0.473,2.033,2.319,0.116,0.176,,1.0,,2,중부산,3,동천,동천2,범4호교,2024,7,동천,B,210000.0,1,0
202407,208,7.1,3.6,4.1,2.7,4.6,2.1,0.205,440000.0,110000.0,23.6,39448.0,0.0,,,,,,,0.89,0.034,1.565,1.628,0.112,0.179,,1.1,,2,중부산,3,동천,동천3,범일교,2024,7,동천,B,110000.0,1,1
202407,215,7.3,1.4,5.2,2.6,3.9,8.6,0.062,48000.0,31000.0,25.3,190.0,0.0,,,,,,,0.0,1.327,1.656,1.739,0.06,0.06,,0.9,,1,수영강,29,온천천,온천천1(태광산업),태광산업 앞,2024,7,온천천,A,31000.0,1,0
202407,216,7.1,1.4,5.0,2.5,3.2,7.1,0.101,37000.0,15000.0,25.7,219.0,0.0,,,,,,,0.015,1.438,1.838,1.92,0.076,0.084,,0.1,,1,수영강,29,온천천,온천천2(연안교),연안교,2024,7,온천천,A,15000.0,1,0
202407,312,7.1,3.9,3.9,2.7,4.0,3.0,0.21,820000.0,160000.0,22.5,39129.0,0.0,,,,,,,0.806,0.006,1.476,1.658,0.094,0.164,,0.8,,2,중부산,3,동천,동천2-1,범3호교(성서교),2024,7,동천,B,160000.0,1,0
202407,329,7.2,1.1,5.0,2.4,3.4,8.0,0.095,82000.0,11000.0,25.2,222.0,0.0,,,,,,,0.011,1.573,1.956,1.979,0.074,0.085,,0.8,,1,수영강,29,온천천,온천천(세병),세병교,2024,7,온천천,A,11000.0,1,0
202408,206,7.5,6.0,7.8,4.0,4.6,4.5,0.864,43000.0,15000.0,25.9,737.0,0.0,,,,,,,4.357,0.366,7.111,7.181,0.712,0.755,,0.1,,2,중부산,3,동천,동천1,광무교,2024,8,동천,B,15000.0,1,0
202408,207,7.5,4.0,4.1,2.9,20.1,5.6,0.33,410000.0,110000.0,25.2,37611.0,0.0,,,,,,,1.585,0.194,2.202,2.205,0.317,0.328,,1.2,,2,중부산,3,동천,동천2,범4호교,2024,8,동천,B,110000.0,1,0
202408,208,7.6,1.9,1.7,1.7,6.9,4.9,0.125,61000.0,31000.0,24.9,46305.0,0.0,,,,,,,0.306,0.072,0.885,0.918,0.077,0.122,,1.2,,2,중부산,3,동천,동천3,범일교,2024,8,동천,B,31000.0,1,0
202408,215,8.3,1.9,5.7,2.9,4.4,8.7,0.058,36000.0,4000.0,28.4,195.0,0.0,,,,,,,0.038,1.142,1.492,1.512,0.046,0.052,,1.0,,1,수영강,29,온천천,온천천1(태광산업),태광산업 앞,2024,8,온천천,A,4000.0,1,0
202408,216,7.5,2.1,5.3,2.7,4.9,6.5,0.094,73000.0,12000.0,27.7,232.0,0.0,,,,,,,0.141,1.09,1.513,1.588,0.065,0.066,,0.6,,1,수영강,29,온천천,온천천2(연안교),연안교,2024,8,온천천,A,12000.0,1,0
202408,312,7.6,2.2,1.9,1.9,5.6,5.2,0.133,77000.0,33000.0,24.6,45066.0,0.0,,,,,,,0.336,0.083,0.938,0.98,0.078,0.126,,1.4,,2,중부산,3,동천,동천2-1,범3호교(성서교),2024,8,동천,B,33000.0,1,0
202408,329,7.8,2.1,5.5,2.8,15.6,7.7,0.105,57000.0,9300.0,27.5,205.0,0.0,,,,,,,0.067,1.203,1.655,1.682,0.06,0.067,,0.6,,1,수영강,29,온천천,온천천(세병),세병교,2024,8,온천천,A,9300.0,1,0
202409,206,7.2,7.0,8.0,5.2,6.9,3.7,0.701,220000.0,96000.0,25.1,11000.0,0.0,0.0,0.0,0.0,0.0,0.0,0.0,4.703,0.086,5.598,11.729,0.636,0.643,0.0,14.3,0.0,2,중부산,3,동천,동천1,광무교,2024,9,동천,B,96000.0,1,0
202409,207,7.7,1.8,2.0,2.3,4.0,5.9,0.131,53000.0,23000.0,26.3,41332.0,0.0,0.0,0.0,0.0,0.0,0.0,0.0,0.592,0.137,1.077,1.133,0.098,0.124,0.0,1.7,0.0,2,중부산,3,동천,동천2,범4호교,2024,9,동천,B,23000.0,1,0
202409,208,7.7,1.5,1.8,2.1,2.5,4.7,0.114,60000.0,31000.0,26.8,44155.0,0.0,0.0,0.0,0.0,0.0,0.0,0.0,0.423,0.091,0.948,1.003,0.072,0.111,0.0,2.2,0.0,2,중부산,3,동천,동천3,범일교,2024,9,동천,B,31000.0,1,0
202409,215,8.3,1.3,6.8,3.3,5.5,8.7,0.102,95000.0,46000.0,28.1,250.0,0.0,0.0,0.0,0.0,0.0,0.0,0.0,0.022,1.014,1.491,1.552,0.072,0.091,0.0,2.0,0.0,1,수영강,29,온천천,온천천1(태광산업),태광산업 앞,2024,9,온천천,A,46000.0,1,0
202409,216,7.8,1.5,6.4,3.4,8.6,8.3,0.123,45000.0,14000.0,27.3,780.0,0.0,0.0,0.0,0.0,0.0,0.0,0.0,0.0,1.107,1.596,1.705,0.105,0.109,0.0,3.0,0.0,1,수영강,29,온천천,온천천2(연안교),연안교,2024,9,온천천,A,14000.0,1,0
202409,301,7.9,1.5,2.8,2.5,23.6,6.4,0.075,34000.0,570.0,30.6,24645.0,0.0,0.0,0.0,0.0,0.0,0.0,0.0,0.187,0.075,0.832,0.914,0.045,0.073,0.0,5.8,0.0,4,낙동강,22,괴정천,괴정천,하단초등학교 뒤,2024,9,괴정천,B,570.0,0,0
202409,312,7.8,1.4,1.8,2.1,4.4,5.5,0.115,57000.0,30000.0,26.7,43900.0,0.0,0.0,0.0,0.0,0.0,0.0,0.0,0.473,0.104,0.925,0.968,0.084,0.113,0.0,1.6,0.0,2,중부산,3,동천,동천2-1,범3호교(성서교),2024,9,동천,B,30000.0,1,0
202409,327,7.7,0.9,4.9,2.3,2.6,8.6,0.064,6700.0,660.0,26.2,161.0,0.0,0.0,0.0,0.0,0.0,0.0,0.0,0.0,0.698,1.078,1.189,0.017,0.046,0.0,3.9,0.0,1,수영강,29,온천천,온천천(청룡),청룡2호교,2024,9,온천천,A,660.0,0,0
202409,328,8.0,1.1,6.6,3.0,12.3,8.4,0.084,33000.0,9000.0,26.8,259.0,0.0,0.0,0.0,0.0,0.0,0.0,0.0,0.0,1.127,1.595,1.666,0.066,0.081,0.0,1.7,0.0,1,수영강,29,온천천,온천천(온천),온천교,2024,9,온천천,A,9000.0,1,0
202409,329,7.8,1.6,7.9,3.5,63.8,8.0,0.22,350000.0,26000.0,26.7,274.0,0.0,0.0,0.0,0.0,0.0,0.0,0.0,0.0,1.117,1.777,1.813,0.069,0.134,0.0,1.3,0.0,1,수영강,29,온천천,온천천(세병),세병교,2024,9,온천천,A,26000.0,1,0
202412,206,7.7,5.0,7.6,4.4,4.1,8.1,0.589,7900.0,2800.0,12.6,569.0,0.0,0.0,0.0,0.0,0.0,0.0,0.0,5.79,0.981,7.241,7.702,0.58,0.58,0.0,0.3,0.0,2,중부산,3,동천,동천1,광무교,2024,12,동천,B,2800.0,1,0
202501,215,7.7,2.7,5.7,2.9,11.0,12.9,0.057,18000.0,6600.0,6.0,360.0,0.0,,,,,,,0.067,2.141,2.653,3.049,0.008,0.025,,3.9,,1,수영강,29,온천천,온천천1(태광산업),태광산업 앞,2025,1,온천천,A,6600.0,1,0
202501,216,7.7,2.3,5.4,2.6,3.3,12.5,0.04,11000.0,3400.0,6.3,3247.0,0.0,,,,,,,0.259,2.271,2.992,3.13,0.018,0.037,,4.1,,1,수영강,29,온천천,온천천2(연안교),연안교,2025,1,온천천,A,3400.0,1,0
202410,206,7.2,6.8,9.7,4.7,5.4,6.8,0.488,160000.0,42000.0,21.4,540.0,0.0,,,,,,,2.437,2.909,5.937,6.277,0.373,0.408,,0.6,,2,중부산,3,동천,동천1,광무교,2024,10,동천,B,42000.0,1,0
202410,207,7.3,3.2,4.4,3.6,14.5,6.0,0.255,460000.0,210000.0,22.5,29038.0,0.0,,,,,,,1.32,0.617,2.789,2.901,0.185,0.212,,1.0,,2,중부산,3,동천,동천2,범4호교,2024,10,동천,B,210000.0,1,0
202410,208,7.6,2.2,3.3,2.7,11.7,5.4,0.197,120000.0,61000.0,22.5,35981.0,0.0,,,,,,,0.991,0.46,2.127,2.256,0.147,0.171,,2.1,,2,중부산,3,동천,동천3,범일교,2024,10,동천,B,61000.0,1,0
202410,215,7.8,1.2,5.8,3.2,4.8,9.2,0.085,110000.0,20000.0,23.3,179.0,0.0,,,,,,,0.046,1.913,2.403,2.504,0.068,0.083,,1.4,,1,수영강,29,온천천,온천천1(태광산업),태광산업 앞,2024,10,온천천,A,20000.0,1,0
202410,216,7.0,2.4,6.5,3.6,7.8,5.2,0.175,780000.0,200000.0,23.8,3854.0,0.0,,,,,,,0.599,1.732,2.951,3.216,0.106,0.119,,4.2,,1,수영강,29,온천천,온천천2(연안교),연안교,2024,10,온천천,A,200000.0,1,0
202410,312,7.5,3.2,4.1,3.3,10.2,5.5,0.241,310000.0,43000.0,22.5,31121.0,0.0,,,,,,,1.405,0.575,2.724,2.899,0.168,0.191,,2.3,,2,중부산,3,동천,동천2-1,범3호교(성서교),2024,10,동천,B,43000.0,1,0
202410,329,7.4,1.6,6.6,3.1,9.3,8.6,0.112,55000.0,16000.0,22.8,201.0,0.0,,,,,,,0.023,2.018,2.591,2.722,0.075,0.096,,2.2,,1,수영강,29,온천천,온천천(세병),세병교,2024,10,온천천,A,16000.0,1,0
202411,206,7.5,5.7,5.1,3.7,2.1,7.5,0.528,560000.0,29000.0,16.5,1755.0,0.0,,,,,,,4.107,2.213,7.032,7.163,0.46,0.482,,0.4,,2,중부산,3,동천,동천1,광무교,2024,11,동천,B,29000.0,1,0
202411,207,7.6,0.6,0.9,1.7,3.1,6.2,0.081,7600.0,2500.0,18.1,47430.0,0.0,,,,,,,0.239,0.193,0.762,0.763,0.054,0.077,,0.6,,2,중부산,3,동천,동천2,범4호교,2024,11,동천,B,2500.0,1,0
202411,208,7.5,2.3,2.6,2.1,4.3,3.6,0.117,48000.0,5500.0,18.0,47713.0,0.0,,,,,,,0.392,0.013,0.807,0.852,0.078,0.111,,0.5,,2,중부산,3,동천,동천3,범일교,2024,11,동천,B,5500.0,1,0
202411,215,7.5,1.1,5.0,3.1,6.0,10.3,0.072,97000.0,58000.0,15.7,193.0,0.0,,,,,,,0.0,1.819,1.969,2.099,0.015,0.049,,6.7,,1,수영강,29,온천천,온천천1(태광산업),태광산업 앞,2024,11,온천천,A,58000.0,1,0
202411,216,7.2,1.3,4.2,3.0,5.4,8.2,0.096,100000.0,69000.0,14.7,614.0,0.0,,,,,,,0.042,1.91,2.141,2.23,0.03,0.071,,3.0,,1,수영강,29,온천천,온천천2(연안교),연안교,2024,11,온천천,A,69000.0,1,0
202411,312,7.6,1.1,1.3,1.8,3.4,6.5,0.131,26000.0,21000.0,18.5,47553.0,0.0,,,,,,,0.798,0.178,1.3,1.348,0.11,0.126,,0.8,,2,중부산,3,동천,동천2-1,범3호교(성서교),2024,11,동천,B,21000.0,1,0
202411,329,7.3,1.1,4.7,2.7,10.0,9.8,0.077,50000.0,12000.0,15.5,203.0,0.0,,,,,,,0.011,1.916,2.129,2.272,0.03,0.063,,4.8,,1,수영강,29,온천천,온천천(세병),세병교,2024,11,온천천,A,12000.0,1,0
202412,207,7.5,1.2,2.2,1.7,3.2,7.8,0.143,3500.0,630.0,13.7,38632.0,0.0,0.0,0.0,0.0,0.0,0.0,0.0,1.078,0.44,1.781,2.146,0.132,0.139,0.0,0.6,0.0,2,중부산,3,동천,동천2,범4호교,2024,12,동천,B,630.0,0,0
202412,208,7.3,1.0,1.6,1.8,4.8,5.0,0.103,1600.0,410.0,14.3,43374.0,0.0,0.0,0.0,0.0,0.0,0.0,0.0,0.623,0.134,1.157,1.163,0.072,0.087,0.0,0.5,0.0,2,중부산,3,동천,동천3,범일교,2024,12,동천,B,410.0,0,0
202412,215,7.4,1.1,5.5,2.5,5.1,11.5,0.046,92000.0,26000.0,10.3,307.0,0.0,0.0,0.0,0.0,0.0,0.0,0.0,0.148,2.173,2.405,2.525,0.013,0.036,0.0,0.8,0.0,1,수영강,29,온천천,온천천1(태광산업),태광산업 앞,2024,12,온천천,A,26000.0,1,0
202412,216,7.6,1.1,4.6,2.4,2.9,11.6,0.055,30000.0,9700.0,9.1,487.0,0.0,0.0,0.0,0.0,0.0,0.0,0.0,0.099,2.206,2.434,2.773,0.02,0.042,0.0,0.3,0.0,1,수영강,29,온천천,온천천2(연안교),연안교,2024,12,온천천,A,9700.0,1,0
202412,301,7.8,0.8,2.8,1.7,11.7,9.2,0.043,5700.0,520.0,11.8,35888.0,0.0,0.0,0.0,0.0,0.0,0.0,0.0,0.034,0.913,1.161,1.212,0.025,0.03,0.0,0.0,0.0,4,낙동강,22,괴정천,괴정천,하단초등학교 뒤,2024,12,괴정천,B,520.0,0,0
202412,312,7.6,1.1,1.7,1.5,4.5,7.5,0.101,2100.0,520.0,14.2,42975.0,0.0,0.0,0.0,0.0,0.0,0.0,0.0,0.49,0.219,1.159,1.159,0.072,0.095,0.0,0.4,0.0,2,중부산,3,동천,동천2-1,범3호교(성서교),2024,12,동천,B,520.0,0,0
202412,327,7.7,0.6,2.2,1.1,0.6,12.2,0.023,420.0,32.0,7.9,143.0,0.0,0.0,0.0,0.0,0.0,0.0,0.0,0.0,0.982,1.01,1.14,0.005,0.005,0.0,0.3,0.0,1,수영강,29,온천천,온천천(청룡),청룡2호교,2024,12,온천천,A,32.0,0,0
202412,328,7.6,0.9,4.1,2.2,1.7,11.8,0.038,37000.0,6100.0,9.6,315.0,0.0,0.0,0.0,0.0,0.0,0.0,0.0,0.074,2.092,2.52,2.566,0.021,0.033,0.0,0.2,0.0,1,수영강,29,온천천,온천천(온천),온천교,2024,12,온천천,A,6100.0,1,0
202412,329,7.6,0.8,4.1,2.2,1.7,11.8,0.03,26000.0,4000.0,9.6,338.0,0.0,0.0,0.0,0.0,0.0,0.0,0.0,0.08,2.241,2.487,2.643,0.021,0.024,0.0,0.6,0.0,1,수영강,29,온천천,온천천(세병),세병교,2024,12,온천천,A,4000.0,1,0
202501,206,,,,,,,,,,,,,0.0,0.0,0.0,0.0,0.0,0.0,,,,,,,0.0,,,2,중부산,3,동천,동천1,광무교,2025,1,동천,B,,0,0
202501,207,,,,,,,,,,,,,0.0,0.0,0.0,0.0,0.0,0.0,,,,,,,0.0,,,2,중부산,3,동천,동천2,범4호교,2025,1,동천,B,,0,0
202501,208,,,,,,,,,,,,,0.0,0.0,0.0,0.0,0.0,0.0,,,,,,,0.0,,,2,중부산,3,동천,동천3,범일교,2025,1,동천,B,,0,0
202501,329,7.8,1.5,5.0,2.5,2.7,13.4,0.044,13000.0,8900.0,6.0,373.0,0.0,,,,,,,0.116,2.515,3.343,3.53,0.02,0.04,,1.2,,1,수영강,29,온천천,온천천(세병),세병교,2025,1,온천천,A,8900.0,1,0
202502,206,,,,,,,,,,,,,,,0.0,0.0,,,,,,,,,0.0,,,2,중부산,3,동천,동천1,광무교,2025,2,동천,B,,0,0
202502,207,,,,,,,,,,,,,,,0.0,0.0,,,,,,,,,0.0,,,2,중부산,3,동천,동천2,범4호교,2025,2,동천,B,,0,0
202502,208,,,,,,,,,,,,,,,0.0,0.0,,,,,,,,,0.0,,,2,중부산,3,동천,동천3,범일교,2025,2,동천,B,,0,0
202502,215,8.2,2.8,6.5,3.0,4.1,13.3,0.061,79000.0,61000.0,5.1,392.0,0.0,,,,,,,0.357,2.538,3.4,3.477,0.048,0.051,,13.6,,1,수영강,29,온천천,온천천1(태광산업),태광산업 앞,2025,2,온천천,A,61000.0,1,0
202502,216,7.8,6.1,7.5,3.7,6.1,12.8,0.092,34000.0,10000.0,6.1,3407.0,0.0,,,,,,,0.344,2.392,3.027,4.11,0.005,0.025,,52.2,,1,수영강,29,온천천,온천천2(연안교),연안교,2025,2,온천천,A,10000.0,1,0
202502,329,8.1,2.5,5.8,3.0,3.4,12.8,0.052,31000.0,13000.0,5.3,395.0,0.0,,,,,,,0.286,2.566,3.628,3.663,0.013,0.023,,11.7,,1,수영강,29,온천천,온천천(세병),세병교,2025,2,온천천,A,13000.0,1,0
202503,215,8.3,2.6,5.9,3.2,5.8,12.2,0.106,110000.0,34000.0,11.0,384.0,0.0,0.0,0.0,0.0,0.0,0.0,0.0,0.162,2.448,3.107,3.28,0.049,0.069,0.0,9.7,0.0,1,수영강,29,온천천,온천천1(태광산업),태광산업 앞,2025,3,온천천,A,34000.0,1,0
202503,216,7.8,2.3,5.8,3.2,6.5,10.5,0.094,8600.0,2600.0,11.7,431.0,0.0,0.0,0.0,0.0,0.0,0.0,0.0,0.284,2.36,3.044,3.272,0.055,0.064,0.0,6.1,0.0,1,수영강,29,온천천,온천천2(연안교),연안교,2025,3,온천천,A,2600.0,1,0
202503,301,8.0,5.6,3.9,3.2,30.0,9.6,0.075,330.0,280.0,12.6,27262.0,0.0,0.0,0.0,0.0,0.0,0.0,0.0,0.269,1.151,1.79,2.149,0.003,0.014,0.0,14.9,0.0,4,낙동강,22,괴정천,괴정천,하단초등학교 뒤,2025,3,괴정천,B,280.0,0,0
202503,327,8.7,0.5,2.3,1.0,0.8,11.3,0.023,430.0,26.0,10.1,111.0,0.0,0.0,0.0,0.0,0.0,0.0,0.0,0.0,0.794,0.904,0.918,0.0,0.005,0.0,1.7,0.0,1,수영강,29,온천천,온천천(청룡),청룡2호교,2025,3,온천천,A,26.0,0,0
202503,329,8.3,2.7,5.9,3.1,9.2,11.7,0.105,40000.0,4200.0,13.0,389.0,0.0,0.0,0.0,0.0,0.0,0.0,0.0,0.073,2.328,2.884,3.317,0.035,0.052,0.0,10.7,0.0,1,수영강,29,온천천,온천천(세병),세병교,2025,3,온천천,A,4200.0,1,0
202504,215,8.2,2.8,6.4,3.3,8.1,11.4,0.057,17000.0,4000.0,15.0,445.0,0.0,,,,,,,0.083,2.647,3.123,3.274,0.04,0.04,,7.7,,1,수영강,29,온천천,온천천1(태광산업),태광산업 앞,2025,4,온천천,A,4000.0,1,0
202504,216,7.6,2.4,6.4,3.3,12.4,9.4,0.076,24000.0,4800.0,15.6,479.0,0.0,,,,,,,0.244,2.564,3.224,3.469,0.05,0.053,,3.2,,1,수영강,29,온천천,온천천2(연안교),연안교,2025,4,온천천,A,4800.0,1,0
202504,329,7.9,3.7,9.6,4.6,125.1,10.0,0.194,25000.0,6200.0,15.5,456.0,0.0,,,,,,,0.148,2.443,3.336,3.703,0.055,0.06,,11.0,,1,수영강,29,온천천,온천천(세병),세병교,2025,4,온천천,A,6200.0,1,0
202505,215,7.8,2.7,6.4,3.0,5.7,9.3,0.104,97000.0,55000.0,21.4,340.0,0.0,,,,,,,0.258,1.708,2.611,2.818,0.065,0.072,,0.8,,1,수영강,29,온천천,온천천1(태광산업),태광산업 앞,2025,5,온천천,A,55000.0,1,0
202505,216,7.5,1.9,5.6,2.8,3.2,8.1,0.094,77000.0,14000.0,22.1,348.0,0.0,,,,,,,0.169,1.659,2.371,2.446,0.065,0.075,,0.3,,1,수영강,29,온천천,온천천2(연안교),연안교,2025,5,온천천,A,14000.0,1,0
202102,206,7.5,15.8,13.7,7.9,6.3,5.0,1.047,86400.0,149600.0,6.0,681.0,0.0,,,,,,,10.046,1.194,11.862,12.596,0.783,0.798,,0.8,,2,중부산,3,동천,동천1,광무교,2021,2,동천,B,149600.0,1,0
202102,207,7.2,10.5,4.2,3.4,13.6,2.4,0.235,24000.0,6700.0,10.2,43108.0,0.0,,,,,,,1.404,0.028,2.105,2.322,0.132,0.171,,7.5,,2,중부산,3,동천,동천2,범4호교,2021,2,동천,B,6700.0,1,1
202102,208,7.5,4.9,2.6,1.9,24.9,3.4,0.179,4850.0,2050.0,10.0,45232.0,0.0,,,,,,,0.861,0.034,1.432,1.615,0.102,0.127,,1.4,,2,중부산,3,동천,동천3,범일교,2021,2,동천,B,2050.0,1,0
202102,215,8.0,2.5,5.8,3.3,5.1,14.7,0.054,33850.0,6260.0,5.0,396.0,0.0,,,,,,,0.008,2.448,2.75,3.136,0.012,0.016,,7.8,,1,수영강,29,온천천,온천천1(태광산업),태광산업 앞,2021,2,온천천,A,6260.0,1,0
202102,216,7.5,4.1,6.9,4.1,5.7,9.1,0.137,171657.0,13792.0,7.4,4364.0,0.0,,,,,,,0.668,1.865,3.079,3.288,0.08,0.08,,5.7,,1,수영강,29,온천천,온천천2(연안교),연안교,2021,2,온천천,A,13792.0,1,0
202102,312,7.3,5.9,2.8,2.2,11.1,2.7,0.208,,,10.1,44194.0,0.0,,,,,,,1.087,0.037,1.696,1.919,0.116,0.148,,0.8,,2,중부산,3,동천,동천2-1,범3호교(성서교),2021,2,동천,B,,0,1
202102,327,7.7,2.1,5.9,4.0,7.1,13.8,0.076,,,5.7,419.0,0.0,,,,,,,0.008,2.578,2.844,2.996,0.046,0.053,,5.4,,1,수영강,29,온천천,온천천(청룡),청룡2호교,2021,2,온천천,A,,0,0
202102,328,7.8,2.4,5.6,3.1,4.5,14.6,0.087,,,3.7,406.0,0.0,,,,,,,0.009,2.347,2.747,2.921,0.014,0.016,,10.2,,1,수영강,29,온천천,온천천(온천),온천교,2021,2,온천천,A,,0,0
202102,329,7.7,2.3,5.1,3.3,3.3,12.1,0.026,,,6.3,436.0,0.0,,,,,,,0.161,2.478,3.035,3.167,0.016,0.02,,4.7,,1,수영강,29,온천천,온천천(세병),세병교,2021,2,온천천,A,,0,0
202103,312,7.7,3.9,3.5,3.2,4.1,4.1,0.129,248100.0,59400.0,12.7,47043.0,0.0,0.0,,,0.0,0.0,0.0,0.823,0.101,1.605,1.808,0.09,0.102,0.0,1.0,0.0,2,중부산,3,동천,동천2-1,범3호교(성서교),2021,3,동천,B,59400.0,1,0
202103,327,8.0,1.3,4.7,3.7,5.5,11.6,0.034,11.0,2.0,10.0,310.0,0.0,0.0,,,0.0,0.0,0.0,0.052,2.257,2.677,2.706,0.005,0.027,0.0,20.6,0.0,1,수영강,29,온천천,온천천(청룡),청룡2호교,2021,3,온천천,A,2.0,0,0
202103,328,8.5,0.9,4.7,3.7,3.5,12.1,0.036,4650.0,1008.0,10.6,364.0,0.0,0.0,,,0.0,0.0,0.0,0.039,2.511,2.892,2.914,0.013,0.035,0.0,10.4,0.0,1,수영강,29,온천천,온천천(온천),온천교,2021,3,온천천,A,1008.0,1,0
202103,329,7.8,2.3,6.3,4.7,5.1,10.2,0.133,65860.0,10412.0,11.5,425.0,0.0,0.0,,,0.0,0.0,0.0,1.067,2.455,4.009,4.046,0.103,0.113,0.0,5.2,0.0,1,수영강,29,온천천,온천천(세병),세병교,2021,3,온천천,A,10412.0,1,0
202104,206,7.5,6.7,9.9,6.3,2.0,5.2,1.184,344000.0,15000.0,13.7,711.0,0.0,,,,,,,10.368,1.212,12.185,13.0,1.061,1.1,,0.1,,2,중부산,3,동천,동천1,광무교,2021,4,동천,B,15000.0,1,0
202104,207,7.7,1.3,3.0,2.0,2.5,6.6,0.13,13950.0,1500.0,14.8,49197.0,0.0,,,,,,,0.421,0.051,0.772,0.922,0.063,0.081,,4.7,,2,중부산,3,동천,동천2,범4호교,2021,4,동천,B,1500.0,1,0
202104,208,7.2,4.6,4.7,2.8,8.0,1.6,0.186,344800.0,10100.0,15.3,47437.0,0.0,,,,,,,0.862,0.045,1.405,1.731,0.106,0.133,,1.0,,2,중부산,3,동천,동천3,범일교,2021,4,동천,B,10100.0,1,1
202104,215,7.9,1.4,4.4,3.3,5.3,10.9,0.078,756800.0,6464.0,16.8,0.0,0.0,,,,,,,0.164,1.948,2.266,3.06,0.049,0.055,,3.0,,1,수영강,29,온천천,온천천1(태광산업),태광산업 앞,2021,4,온천천,A,6464.0,1,0
202104,216,7.5,3.6,6.6,4.2,5.8,8.2,0.261,774600.0,6820.0,17.2,0.0,0.0,,,,,,,1.998,1.635,4.046,4.488,0.154,0.195,,1.3,,1,수영강,29,온천천,온천천2(연안교),연안교,2021,4,온천천,A,6820.0,1,0
202104,312,7.5,2.1,2.8,2.1,5.9,3.3,0.122,,,14.7,48993.0,0.0,,,,,,,0.498,0.045,0.888,1.127,0.068,0.086,,4.3,,2,중부산,3,동천,동천2-1,범3호교(성서교),2021,4,동천,B,,0,0
202104,327,7.8,0.7,3.2,2.0,4.0,11.0,0.044,,,14.1,175.0,0.0,,,,,,,0.0,1.518,1.561,1.748,0.013,0.032,,7.0,,1,수영강,29,온천천,온천천(청룡),청룡2호교,2021,4,온천천,A,,0,0
202104,328,7.7,1.3,4.2,2.7,4.2,9.8,0.088,,,15.8,218.0,0.0,,,,,,,0.324,1.855,2.334,2.555,0.047,0.05,,3.1,,1,수영강,29,온천천,온천천(온천),온천교,2021,4,온천천,A,,0,0
202104,329,7.6,1.5,4.4,3.1,3.4,10.3,0.088,,,15.9,232.0,0.0,,,,,,,0.202,1.752,2.21,2.326,0.034,0.039,,1.5,,1,수영강,29,온천천,온천천(세병),세병교,2021,4,온천천,A,,0,0
202105,206,7.7,8.8,10.9,6.5,4.3,4.7,1.578,214300.0,21300.0,17.8,1472.0,0.0,,,,,,,13.191,0.349,15.025,15.117,1.391,1.532,,0.6,,2,중부산,3,동천,동천1,광무교,2021,5,동천,B,21300.0,1,0
202105,207,7.9,1.3,2.0,1.6,3.8,6.4,0.098,9900.0,630.0,17.1,51101.0,0.0,,,,,,,0.329,0.105,1.009,1.076,0.058,0.097,,2.0,,2,중부산,3,동천,동천2,범4호교,2021,5,동천,B,630.0,0,0
202105,208,7.6,2.3,2.0,1.7,4.8,2.3,0.117,8750.0,1550.0,18.0,51566.0,0.0,,,,,,,0.329,0.1,1.0,1.231,0.074,0.094,,1.5,,2,중부산,3,동천,동천3,범일교,2021,5,동천,B,1550.0,1,1
202105,215,8.1,1.0,4.5,2.6,2.9,10.4,0.076,8780.0,1498.0,17.9,266.0,0.0,,,,,,,0.038,1.858,2.3,3.06,0.044,0.071,,5.7,,1,수영강,29,온천천,온천천1(태광산업),태광산업 앞,2021,5,온천천,A,1498.0,1,0
202105,216,7.6,1.0,4.4,2.4,2.5,7.8,0.084,8570.0,1076.0,16.8,376.0,0.0,,,,,,,0.088,2.096,2.226,2.326,0.056,0.072,,3.8,,1,수영강,29,온천천,온천천2(연안교),연안교,2021,5,온천천,A,1076.0,1,0
202103,206,7.6,9.6,15.4,10.3,0.9,1.5,1.192,581800.0,91800.0,10.3,1354.0,0.0,0.0,,,0.0,0.0,0.0,11.383,0.656,12.455,13.148,1.202,1.157,0.2,0.0,0.0,2,중부산,3,동천,동천1,광무교,2021,3,동천,B,91800.0,1,1
202103,207,7.7,1.9,3.1,3.2,4.4,5.5,0.117,130650.0,61310.0,13.1,47072.0,0.0,0.0,,,0.0,0.0,0.0,0.71,0.081,1.429,1.611,0.089,0.105,0.0,1.5,0.0,2,중부산,3,동천,동천2,범4호교,2021,3,동천,B,61310.0,1,0
202103,208,7.4,2.4,5.1,3.9,2.4,2.4,0.187,306550.0,173290.0,12.6,45929.0,0.0,0.0,,,0.0,0.0,0.0,1.209,0.007,2.037,2.457,0.099,0.146,0.0,0.3,0.0,2,중부산,3,동천,동천3,범일교,2021,3,동천,B,173290.0,1,1
202103,215,8.6,1.9,6.1,4.6,6.2,11.5,0.069,36540.0,6428.0,12.0,365.0,0.0,0.0,,,0.0,0.0,0.0,0.051,2.28,2.948,3.41,0.017,0.02,0.0,4.6,0.0,1,수영강,29,온천천,온천천1(태광산업),태광산업 앞,2021,3,온천천,A,6428.0,1,0
202103,216,7.7,1.2,5.1,4.2,2.7,9.4,0.048,12260.0,924.0,11.7,428.0,0.0,0.0,,,0.0,0.0,0.0,0.184,2.47,2.989,3.086,0.022,0.047,0.0,4.2,0.0,1,수영강,29,온천천,온천천2(연안교),연안교,2021,3,온천천,A,924.0,0,0
202103,301,6.8,5.1,11.8,5.3,7.7,3.5,0.088,435200.0,33200.0,11.9,16844.0,0.0,0.0,,,0.0,0.0,0.0,1.173,0.351,2.802,3.067,0.084,0.087,0.0,4.4,0.0,4,낙동강,22,괴정천,괴정천,하단초등학교 뒤,2021,3,괴정천,B,33200.0,1,0
202105,312,7.8,1.9,1.8,2.0,6.0,5.0,0.089,,,17.0,51690.0,0.0,,,,,,,0.231,0.09,0.869,1.229,0.054,0.08,,1.7,,2,중부산,3,동천,동천2-1,범3호교(성서교),2021,5,동천,B,,0,0
202105,327,7.5,0.6,4.0,2.2,2.6,9.5,0.053,,,17.4,214.0,0.0,,,,,,,0.045,1.589,1.916,1.92,0.031,0.05,,4.0,,1,수영강,29,온천천,온천천(청룡),청룡2호교,2021,5,온천천,A,,0,0
202105,328,7.9,0.7,4.0,2.4,1.8,10.0,0.07,,,16.7,265.0,0.0,,,,,,,0.015,1.909,2.144,2.299,0.055,0.066,,3.9,,1,수영강,29,온천천,온천천(온천),온천교,2021,5,온천천,A,,0,0
202105,329,7.7,0.8,4.1,2.4,2.0,9.3,0.066,,,16.8,299.0,0.0,,,,,,,0.065,2.01,2.289,2.355,0.041,0.063,,2.9,,1,수영강,29,온천천,온천천(세병),세병교,2021,5,온천천,A,,0,0
202106,206,7.8,5.5,9.0,3.2,3.1,5.2,0.462,70600.0,14600.0,20.4,982.0,0.0,0.0,0.0,0.0,0.0,0.0,0.0,3.156,2.667,6.192,6.556,0.353,0.355,0.0,0.7,0.0,2,중부산,3,동천,동천1,광무교,2021,6,동천,B,14600.0,1,0
202106,207,7.6,3.5,2.8,2.0,5.9,4.9,0.126,323000.0,52000.0,19.1,42277.0,0.0,0.0,0.0,0.0,0.0,0.0,0.0,0.577,0.266,1.289,1.475,0.069,0.075,0.0,3.2,0.0,2,중부산,3,동천,동천2,범4호교,2021,6,동천,B,52000.0,1,0
202106,208,7.2,7.6,3.3,2.8,9.0,2.0,0.216,1274000.0,288000.0,20.2,36717.0,0.0,0.0,0.0,0.0,0.0,0.0,0.0,1.282,0.097,1.972,2.302,0.1,0.125,0.0,1.4,0.0,2,중부산,3,동천,동천3,범일교,2021,6,동천,B,288000.0,1,1
202106,215,8.8,1.5,5.3,3.0,2.5,8.4,0.062,35640.0,6428.0,26.2,279.0,0.0,0.0,0.0,0.0,0.0,0.0,0.0,0.055,1.507,1.896,1.942,0.046,0.055,0.0,5.4,0.0,1,수영강,29,온천천,온천천1(태광산업),태광산업 앞,2021,6,온천천,A,6428.0,1,0
202106,216,7.3,5.4,8.3,2.9,7.2,7.8,0.139,12260.0,924.0,25.7,369.0,0.0,0.0,0.0,0.0,0.0,0.0,0.0,0.243,1.605,2.114,2.373,0.074,0.078,0.0,58.0,0.0,1,수영강,29,온천천,온천천2(연안교),연안교,2021,6,온천천,A,924.0,0,0
202106,301,7.7,5.1,8.6,3.1,4.9,7.7,0.18,69700.0,12100.0,21.9,328.0,0.0,0.0,,,0.0,0.0,0.0,0.441,2.291,3.114,3.756,0.093,0.116,0.0,13.0,0.0,4,낙동강,22,괴정천,괴정천,하단초등학교 뒤,2021,6,괴정천,B,12100.0,1,0
202106,312,7.3,6.1,3.3,2.6,6.2,1.7,0.216,855000.0,309000.0,19.7,38203.0,0.0,0.0,,,0.0,0.0,0.0,1.078,0.108,1.733,2.109,0.089,0.144,0.0,1.3,0.0,2,중부산,3,동천,동천2-1,범3호교(성서교),2021,6,동천,B,309000.0,1,1
202106,327,7.6,0.4,1.4,0.9,1.2,9.6,0.057,11.0,2.0,21.6,84.0,0.0,0.0,,,0.0,0.0,0.0,0.014,0.827,0.883,1.047,0.03,0.035,0.0,2.7,0.0,1,수영강,29,온천천,온천천(청룡),청룡2호교,2021,6,온천천,A,2.0,0,0
202106,328,8.1,0.8,4.3,2.7,1.6,8.0,0.074,4650.0,1008.0,24.1,288.0,0.0,0.0,,,0.0,0.0,0.0,0.049,1.557,1.828,2.168,0.043,0.047,0.0,4.0,0.0,1,수영강,29,온천천,온천천(온천),온천교,2021,6,온천천,A,1008.0,1,0
202106,329,7.9,1.1,4.2,2.6,3.6,8.5,0.082,65860.0,10412.0,24.1,317.0,0.0,0.0,,,0.0,0.0,0.0,0.075,1.693,2.05,2.17,0.051,0.056,0.0,3.6,0.0,1,수영강,29,온천천,온천천(세병),세병교,2021,6,온천천,A,10412.0,1,0
202107,206,7.4,3.0,3.1,2.9,1.6,6.6,0.285,123600.0,34500.0,21.9,339.0,0.0,,,,,,,1.761,2.631,4.675,4.739,0.271,0.275,,0.1,,2,중부산,3,동천,동천1,광무교,2021,7,동천,B,34500.0,1,0
202107,207,7.0,7.8,5.3,3.5,6.2,9.3,0.312,922200.0,195600.0,22.7,15819.0,0.0,,,,,,,1.946,1.306,3.911,4.214,0.203,0.222,,0.3,,2,중부산,3,동천,동천2,범4호교,2021,7,동천,B,195600.0,1,0
202107,208,7.2,12.2,7.4,4.6,14.0,2.1,0.382,5475000.0,891000.0,24.0,8846.0,0.0,,,,,,,2.849,1.412,4.765,5.058,0.261,0.29,,0.4,,2,중부산,3,동천,동천3,범일교,2021,7,동천,B,891000.0,1,1
202107,215,7.5,2.4,5.5,3.7,8.3,7.4,0.143,97680.0,24524.0,27.4,165.0,0.0,,,,,,,0.397,1.797,2.453,2.684,0.119,0.137,,3.5,,1,수영강,29,온천천,온천천1(태광산업),태광산업 앞,2021,7,온천천,A,24524.0,1,0
202107,216,7.1,2.2,5.3,3.2,5.7,5.0,0.151,42860.0,13764.0,27.7,234.0,0.0,,,,,,,0.41,1.886,2.565,2.777,0.107,0.121,,1.8,,1,수영강,29,온천천,온천천2(연안교),연안교,2021,7,온천천,A,13764.0,1,0
202107,312,7.4,6.0,5.7,3.3,4.6,4.9,0.481,,,24.6,5394.0,0.0,,,,,,,1.755,1.783,3.991,4.187,0.206,0.206,,0.1,,2,중부산,3,동천,동천2-1,범3호교(성서교),2021,7,동천,B,,0,0
202107,327,7.3,0.5,3.9,2.8,8.5,7.8,0.133,,,24.5,97.0,0.0,,,,,,,0.104,1.28,1.447,1.66,0.045,0.07,,3.0,,1,수영강,29,온천천,온천천(청룡),청룡2호교,2021,7,온천천,A,,0,0
202107,328,7.4,1.5,4.9,4.0,3.3,7.3,0.121,,,26.9,188.0,0.0,,,,,,,0.087,1.991,2.294,2.436,0.09,0.111,,2.6,,1,수영강,29,온천천,온천천(온천),온천교,2021,7,온천천,A,,0,0
202107,329,7.3,1.8,4.7,2.9,4.1,5.6,0.145,,,27.4,208.0,0.0,,,,,,,0.232,1.893,2.542,2.576,0.102,0.122,,1.4,,1,수영강,29,온천천,온천천(세병),세병교,2021,7,온천천,A,,0,0
202108,206,7.4,7.4,4.4,4.8,7.5,1.5,0.56,350000.0,320000.0,26.4,27511.0,0.0,,,,,,,3.373,0.025,4.178,4.527,0.446,0.471,,3.5,,2,중부산,3,동천,동천1,광무교,2021,8,동천,B,320000.0,1,1
202108,207,7.3,9.1,3.2,4.1,6.2,1.4,0.414,520000.0,170000.0,27.2,31639.0,0.0,,,,,,,1.734,0.035,2.593,2.947,0.28,0.336,,3.3,,2,중부산,3,동천,동천2,범4호교,2021,8,동천,B,170000.0,1,1
202108,208,7.2,8.3,2.7,4.0,7.9,1.2,0.343,1500000.0,210000.0,27.3,32542.0,0.0,,,,,,,1.49,0.02,2.286,2.575,0.238,0.295,,5.7,,2,중부산,3,동천,동천3,범일교,2021,8,동천,B,210000.0,1,1
202108,215,7.7,1.2,5.0,3.3,4.4,6.9,0.094,11000.0,1700.0,27.5,257.0,0.0,,,,,,,0.069,1.499,2.046,2.051,0.071,0.088,,3.4,,1,수영강,29,온천천,온천천1(태광산업),태광산업 앞,2021,8,온천천,A,1700.0,1,0
202108,216,7.4,2.4,6.2,3.6,9.4,3.9,0.184,37000.0,4300.0,26.9,2886.0,0.0,,,,,,,0.34,1.258,1.99,2.285,0.106,0.107,,42.8,,1,수영강,29,온천천,온천천2(연안교),연안교,2021,8,온천천,A,4300.0,1,0
202108,312,7.1,6.6,2.3,4.0,5.1,1.6,0.374,,,27.5,32567.0,0.0,,,,,,,1.596,0.062,2.52,2.845,0.256,0.294,,6.4,,2,중부산,3,동천,동천2-1,범3호교(성서교),2021,8,동천,B,,0,1
202108,327,7.7,1.5,5.7,3.3,45.9,7.3,0.087,,,28.0,223.0,0.0,,,,,,,0.015,1.237,1.785,1.837,0.038,0.047,,28.2,,1,수영강,29,온천천,온천천(청룡),청룡2호교,2021,8,온천천,A,,0,0
202108,328,7.8,1.0,4.9,3.0,4.4,7.1,0.142,,,26.9,264.0,0.0,,,,,,,0.013,1.595,1.917,2.144,0.081,0.085,,3.2,,1,수영강,29,온천천,온천천(온천),온천교,2021,8,온천천,A,,0,0
202108,329,7.7,1.4,5.9,3.2,7.9,6.1,0.165,,,26.8,293.0,0.0,,,,,,,0.145,1.701,2.181,2.34,0.113,0.121,,3.2,,1,수영강,29,온천천,온천천(세병),세병교,2021,8,온천천,A,,0,0
202109,206,7.2,4.8,6.9,3.6,2.5,4.3,0.688,180000.0,130000.0,22.8,3533.0,0.0,0.0,0.0,0.0,0.0,0.0,0.0,4.566,1.345,6.432,6.668,0.592,0.622,0.0,0.0,0.0,2,중부산,3,동천,동천1,광무교,2021,9,동천,B,130000.0,1,0
202109,207,7.1,5.2,2.8,2.7,4.1,0.5,0.235,1300000.0,320000.0,23.7,36137.0,0.0,0.0,0.0,0.0,0.0,0.0,0.0,1.425,0.314,1.911,2.519,0.143,0.163,0.0,0.3,0.0,2,중부산,3,동천,동천2,범4호교,2021,9,동천,B,320000.0,1,1
202109,208,7.1,6.9,3.7,3.0,7.5,1.1,0.278,2500000.0,990000.0,23.9,36431.0,0.0,0.0,0.0,0.0,0.0,0.0,0.0,1.65,0.029,1.794,2.795,0.16,0.174,0.0,0.2,0.0,2,중부산,3,동천,동천3,범일교,2021,9,동천,B,990000.0,1,1
202109,215,7.8,7.5,5.3,4.1,7.6,7.7,0.196,370000.0,98000.0,23.3,207.0,0.0,0.0,0.0,0.0,0.0,0.0,0.0,0.771,1.038,3.195,3.343,0.13,0.152,0.0,14.9,0.0,1,수영강,29,온천천,온천천1(태광산업),태광산업 앞,2021,9,온천천,A,98000.0,1,0
202109,216,7.4,6.7,8.3,3.5,8.8,2.2,0.16,140000.0,49000.0,22.7,255.0,0.0,0.0,0.0,0.0,0.0,0.0,0.0,0.184,1.829,2.932,3.235,0.115,0.117,0.0,6.4,0.0,1,수영강,29,온천천,온천천2(연안교),연안교,2021,9,온천천,A,49000.0,1,1
202109,301,8.0,4.8,6.4,4.4,11.4,3.7,0.19,340000.0,100000.0,24.2,6066.0,0.0,0.0,0.0,0.0,0.0,0.0,0.0,1.606,0.997,2.788,2.888,0.103,0.113,0.0,10.2,0.0,4,낙동강,22,괴정천,괴정천,하단초등학교 뒤,2021,9,괴정천,B,100000.0,1,0
202109,312,7.1,5.5,2.9,3.5,2.5,1.5,0.223,1600000.0,370000.0,24.0,38467.0,0.0,0.0,0.0,0.0,0.0,0.0,0.0,1.376,0.004,1.573,2.15,0.142,0.16,0.0,0.2,0.0,2,중부산,3,동천,동천2-1,범3호교(성서교),2021,9,동천,B,370000.0,1,1
202109,327,7.7,1.4,6.7,3.9,29.2,7.8,0.091,24000.0,5500.0,22.9,168.0,0.0,0.0,0.0,0.0,0.0,0.0,0.0,0.0,1.567,1.877,2.023,0.036,0.052,0.0,16.3,0.0,1,수영강,29,온천천,온천천(청룡),청룡2호교,2021,9,온천천,A,5500.0,1,0
202109,328,7.5,3.7,6.6,3.6,3.9,6.8,0.184,100000.0,39000.0,22.7,216.0,0.0,0.0,0.0,0.0,0.0,0.0,0.0,0.396,1.878,3.284,3.474,0.138,0.157,0.0,12.2,0.0,1,수영강,29,온천천,온천천(온천),온천교,2021,9,온천천,A,39000.0,1,0
202109,329,7.5,2.7,6.3,3.6,6.4,6.3,0.191,130000.0,55000.0,22.6,239.0,0.0,0.0,0.0,0.0,0.0,0.0,0.0,0.193,1.804,2.822,3.087,0.117,0.16,0.0,8.4,0.0,1,수영강,29,온천천,온천천(세병),세병교,2021,9,온천천,A,55000.0,1,0
202110,206,7.4,8.5,10.3,5.8,9.7,4.6,1.284,1500000.0,1200000.0,22.9,5362.0,0.0,,,,,,,9.673,0.233,10.415,10.954,1.029,1.111,,4.0,,2,중부산,3,동천,동천1,광무교,2021,10,동천,B,1200000.0,1,0
202110,207,7.5,1.5,2.0,1.8,6.7,4.4,0.148,50000.0,20000.0,24.0,43632.0,0.0,,,,,,,0.7,0.059,1.141,1.244,0.125,0.13,,2.1,,2,중부산,3,동천,동천2,범4호교,2021,10,동천,B,20000.0,1,0
202110,208,7.7,3.9,2.8,2.4,6.4,1.0,0.163,160000.0,120000.0,24.5,43396.0,0.0,,,,,,,0.86,0.035,1.385,1.517,0.105,0.131,,1.6,,2,중부산,3,동천,동천3,범일교,2021,10,동천,B,120000.0,1,1
202110,215,7.5,7.9,8.7,3.7,10.0,7.4,0.285,430000.0,160000.0,21.8,283.0,0.0,,,,,,,1.59,1.204,3.525,3.923,0.165,0.219,,22.0,,1,수영강,29,온천천,온천천1(태광산업),태광산업 앞,2021,10,온천천,A,160000.0,1,0
202110,216,7.3,1.2,5.9,3.0,3.5,5.2,0.209,140000.0,26000.0,20.1,1223.0,0.0,,,,,,,0.383,1.75,2.729,2.822,0.142,0.182,,7.9,,1,수영강,29,온천천,온천천2(연안교),연안교,2021,10,온천천,A,26000.0,1,0
202110,312,7.7,1.5,3.0,1.8,5.4,3.6,0.099,,,24.1,41405.0,0.0,,,,,,,0.51,0.052,0.897,1.06,0.075,0.091,,2.4,,2,중부산,3,동천,동천2-1,범3호교(성서교),2021,10,동천,B,,0,0
202110,327,7.5,1.0,4.0,2.3,5.8,8.3,0.109,,,21.6,182.0,0.0,,,,,,,0.028,1.096,1.435,1.546,0.012,0.028,,21.3,,1,수영강,29,온천천,온천천(청룡),청룡2호교,2021,10,온천천,A,,0,0
202110,328,7.5,3.5,6.2,3.1,4.6,6.7,0.254,,,20.5,249.0,0.0,,,,,,,0.292,1.592,2.947,3.072,0.162,0.205,,12.7,,1,수영강,29,온천천,온천천(온천),온천교,2021,10,온천천,A,,0,0
202110,329,7.4,3.9,6.6,2.9,4.5,6.4,0.277,,,20.4,286.0,0.0,,,,,,,0.575,1.506,3.18,3.344,0.195,0.224,,10.1,,1,수영강,29,온천천,온천천(세병),세병교,2021,10,온천천,A,,0,0
202111,206,7.7,15.2,12.8,9.3,15.2,2.5,1.286,150000.0,97000.0,17.9,15752.0,0.0,,,,,,,10.098,0.063,10.944,11.529,1.061,1.076,,115.7,,2,중부산,3,동천,동천1,광무교,2021,11,동천,B,97000.0,1,1
202111,207,7.7,1.9,2.2,2.5,5.5,5.0,0.133,16000.0,6000.0,19.0,47763.0,0.0,,,,,,,0.689,0.142,1.047,1.077,0.098,0.112,,1.4,,2,중부산,3,동천,동천2,범4호교,2021,11,동천,B,6000.0,1,0
202111,208,7.8,2.1,2.5,3.6,5.4,3.5,0.132,10000.0,2000.0,18.8,48395.0,0.0,,,,,,,0.65,0.085,0.972,0.99,0.091,0.099,,1.2,,2,중부산,3,동천,동천3,범일교,2021,11,동천,B,2000.0,1,0
202111,215,7.8,4.9,7.3,4.0,7.3,9.3,0.198,430000.0,130000.0,16.3,327.0,0.0,,,,,,,1.068,1.224,3.161,3.264,0.13,0.147,,14.0,,1,수영강,29,온천천,온천천1(태광산업),태광산업 앞,2021,11,온천천,A,130000.0,1,0
202111,216,7.5,2.9,7.1,3.8,7.1,6.6,0.355,20000.0,8200.0,16.6,4152.0,0.0,,,,,,,0.439,2.486,3.524,3.703,0.127,0.22,,20.6,,1,수영강,29,온천천,온천천2(연안교),연안교,2021,11,온천천,A,8200.0,1,0
202111,312,7.8,1.2,1.6,2.1,3.8,4.4,0.108,,,19.0,48431.0,0.0,,,,,,,0.506,0.164,0.853,0.905,0.073,0.093,,0.1,,2,중부산,3,동천,동천2-1,범3호교(성서교),2021,11,동천,B,,0,0
202111,327,8.3,1.1,5.2,3.5,7.1,10.9,0.034,,,16.6,278.0,0.0,,,,,,,0.0,1.69,1.906,1.989,0.005,0.01,,38.2,,1,수영강,29,온천천,온천천(청룡),청룡2호교,2021,11,온천천,A,,0,0
202111,328,7.7,3.2,5.8,3.7,2.2,9.3,0.181,,,16.2,249.0,0.0,,,,,,,0.43,2.163,3.116,3.19,0.137,0.162,,12.8,,1,수영강,29,온천천,온천천(온천),온천교,2021,11,온천천,A,,0,0
202111,329,7.6,3.6,6.5,3.8,7.4,8.8,0.175,,,16.4,382.0,0.0,,,,,,,0.373,2.562,3.482,3.515,0.122,0.152,,8.1,,1,수영강,29,온천천,온천천(세병),세병교,2021,11,온천천,A,,0,0
202112,206,7.8,9.4,14.7,5.5,3.8,3.7,1.436,41000.0,24000.0,11.7,792.0,0.0,0.0,0.0,0.0,0.0,0.0,0.0,13.486,0.276,15.074,15.714,1.264,1.404,0.0,0.3,0.0,2,중부산,3,동천,동천1,광무교,2021,12,동천,B,24000.0,1,0
202112,207,7.7,1.4,1.7,1.5,3.6,5.0,0.115,22000.0,22000.0,12.9,46056.0,0.0,0.0,0.0,0.0,0.0,0.0,0.0,0.652,0.231,1.307,13.64,0.09,0.111,0.0,0.8,0.0,2,중부산,3,동천,동천2,범4호교,2021,12,동천,B,22000.0,1,0
202112,208,7.5,1.6,2.1,1.6,3.8,2.8,0.114,17000.0,7500.0,12.6,47310.0,0.0,0.0,0.0,0.0,0.0,0.0,0.0,0.431,0.101,0.874,0.949,0.07,0.111,0.0,0.5,0.0,2,중부산,3,동천,동천3,범일교,2021,12,동천,B,7500.0,1,1
202112,215,6.9,5.2,6.7,3.4,15.5,10.2,0.217,34000.0,24000.0,8.6,328.0,0.0,0.0,0.0,0.0,0.0,0.0,0.0,0.233,1.571,2.524,2.893,0.055,0.098,0.0,15.1,0.0,1,수영강,29,온천천,온천천1(태광산업),태광산업 앞,2021,12,온천천,A,24000.0,1,0
202112,216,6.8,1.0,3.9,2.7,0.9,9.8,0.102,8700.0,3900.0,8.5,771.0,0.0,0.0,0.0,0.0,0.0,0.0,0.0,0.111,2.043,2.632,2.658,0.052,0.088,0.0,1.9,0.0,1,수영강,29,온천천,온천천2(연안교),연안교,2021,12,온천천,A,3900.0,1,0
202112,301,7.1,2.7,5.7,2.0,9.2,9.1,0.057,42000.0,7800.0,12.4,29878.0,0.0,0.0,,,0.0,0.0,0.0,0.093,0.888,1.512,1.628,0.039,0.047,0.0,0.5,0.0,4,낙동강,22,괴정천,괴정천,하단초등학교 뒤,2021,12,괴정천,B,7800.0,1,0
202112,312,7.4,1.6,1.7,1.4,4.8,3.8,0.113,14000.0,11000.0,12.7,47018.0,0.0,0.0,,,0.0,0.0,0.0,0.511,0.117,0.984,1.04,0.077,0.109,0.0,0.2,0.0,2,중부산,3,동천,동천2-1,범3호교(성서교),2021,12,동천,B,11000.0,1,0
202112,327,7.0,0.3,1.3,0.8,0.5,11.4,0.091,520.0,190.0,6.2,80.0,0.0,0.0,,,0.0,0.0,0.0,0.0,0.713,0.864,0.918,0.01,0.066,0.0,1.4,0.0,1,수영강,29,온천천,온천천(청룡),청룡2호교,2021,12,온천천,A,190.0,0,0
202112,328,6.9,1.3,3.9,2.4,2.5,10.8,0.136,7700.0,3100.0,7.7,330.0,0.0,0.0,,,0.0,0.0,0.0,0.09,1.885,2.498,2.524,0.073,0.11,0.0,2.9,0.0,1,수영강,29,온천천,온천천(온천),온천교,2021,12,온천천,A,3100.0,1,0
202112,329,6.9,1.4,4.1,2.4,6.1,11.2,0.118,7300.0,2400.0,8.0,351.0,0.0,0.0,,,0.0,0.0,0.0,0.092,2.005,2.649,2.717,0.05,0.088,0.0,3.1,0.0,1,수영강,29,온천천,온천천(세병),세병교,2021,12,온천천,A,2400.0,1,0
202202,312,8.0,1.2,2.1,1.6,3.7,7.7,0.054,1500.0,1400.0,9.2,50239.0,0.0,,,,,,,0.244,0.133,0.513,0.547,0.043,0.049,,0.6,,2,중부산,3,동천,동천2-1,범3호교(성서교),2022,2,동천,B,1400.0,1,0
202201,312,7.7,1.1,1.6,1.6,5.1,7.0,0.072,,,8.2,48936.0,0.002,,,,,,,0.448,0.168,0.772,0.795,0.062,0.067,,0.7,,2,중부산,3,동천,동천2-1,범3호교(성서교),2022,1,동천,B,,0,0
202201,327,7.2,0.9,2.5,0.8,0.5,12.9,0.021,,,4.2,77.0,0.002,,,,,,,0.005,0.88,0.9,0.913,0.007,0.015,,2.0,,1,수영강,29,온천천,온천천(청룡),청룡2호교,2022,1,온천천,A,,0,0
202201,328,7.3,1.2,4.6,2.9,3.9,12.7,0.06,,,4.8,355.0,0.004,,,,,,,0.053,2.181,2.589,2.621,0.033,0.055,,11.2,,1,수영강,29,온천천,온천천(온천),온천교,2022,1,온천천,A,,0,0
202201,329,7.5,1.0,4.3,2.5,2.3,13.3,0.049,,,5.4,363.0,0.003,,,,,,,0.04,2.268,2.77,2.907,0.027,0.044,,2.8,,1,수영강,29,온천천,온천천(세병),세병교,2022,1,온천천,A,,0,0
202202,206,7.5,19.5,15.1,10.0,8.7,3.3,1.642,63000.0,43000.0,5.9,946.0,0.0,,,,,,,13.722,0.024,14.382,18.142,1.224,1.258,,0.0,,2,중부산,3,동천,동천1,광무교,2022,2,동천,B,43000.0,1,0
202202,207,8.0,1.4,2.5,1.4,8.4,7.6,0.07,1000.0,810.0,8.8,49900.0,0.0,,,,,,,0.354,0.144,0.665,0.751,0.053,0.06,,0.1,,2,중부산,3,동천,동천2,범4호교,2022,2,동천,B,810.0,0,0
202202,208,7.9,1.3,2.5,1.5,3.6,7.4,0.081,480.0,430.0,8.5,50064.0,0.0,,,,,,,0.426,0.129,0.756,0.761,0.057,0.074,,0.5,,2,중부산,3,동천,동천3,범일교,2022,2,동천,B,430.0,0,0
202202,215,8.7,1.5,5.8,3.3,10.9,15.6,0.08,5500.0,4800.0,7.9,440.0,0.0,,,,,,,0.091,2.445,3.261,3.322,0.026,0.033,,18.8,,1,수영강,29,온천천,온천천1(태광산업),태광산업 앞,2022,2,온천천,A,4800.0,1,0
202202,216,8.1,3.2,3.7,3.1,2.8,13.8,0.06,1200.0,1100.0,7.9,1374.0,0.0,,,,,,,0.161,2.536,3.263,3.306,0.032,0.055,,7.5,,1,수영강,29,온천천,온천천2(연안교),연안교,2022,2,온천천,A,1100.0,1,0
202202,329,8.5,1.6,4.4,2.8,2.4,15.9,0.035,6800.0,3900.0,7.7,452.0,0.0,,,,,,,0.05,2.798,3.149,3.19,0.019,0.033,,1.5,,1,수영강,29,온천천,온천천(세병),세병교,2022,2,온천천,A,3900.0,1,0
202203,206,7.6,10.2,8.0,4.3,4.1,4.9,0.737,37000.0,21000.0,9.4,33955.0,0.0,0.0,0.0,0.0,0.0,0.0,0.0,4.99,0.082,7.41,7.471,0.536,0.717,0.0,0.7,0.0,2,중부산,3,동천,동천1,광무교,2022,3,동천,B,21000.0,1,0
202203,207,7.8,1.5,1.6,1.6,2.0,8.6,0.092,6900.0,3000.0,10.3,50926.0,0.0,0.0,0.0,0.0,0.0,0.0,0.0,0.478,0.072,0.819,0.886,0.053,0.084,0.0,0.5,0.0,2,중부산,3,동천,동천2,범4호교,2022,3,동천,B,3000.0,1,0
202203,208,7.6,3.0,2.3,2.0,3.0,6.0,0.165,29000.0,21000.0,10.6,49980.0,0.0,0.0,0.0,0.0,0.0,0.0,0.0,0.664,0.079,1.668,1.668,0.073,0.123,0.0,0.3,0.0,2,중부산,3,동천,동천3,범일교,2022,3,동천,B,21000.0,1,0
202203,215,8.9,2.1,6.0,3.7,14.1,13.3,0.071,6900.0,3800.0,12.2,461.0,0.0,0.0,0.0,0.0,0.0,0.0,0.0,0.057,2.103,3.151,3.278,0.01,0.068,0.0,16.4,0.0,1,수영강,29,온천천,온천천1(태광산업),태광산업 앞,2022,3,온천천,A,3800.0,1,0
202203,216,7.6,3.4,6.5,3.7,5.5,12.4,0.132,2300.0,1000.0,12.7,2443.0,0.0,0.0,0.0,0.0,0.0,0.0,0.0,0.084,2.049,2.873,2.873,0.015,0.036,0.0,28.9,0.0,1,수영강,29,온천천,온천천2(연안교),연안교,2022,3,온천천,A,1000.0,0,0
202203,301,7.6,32.4,14.4,9.7,26.1,2.9,0.466,200000.0,76000.0,14.1,18694.0,0.0,0.0,0.0,0.0,0.0,0.0,0.0,2.671,0.002,4.364,5.426,0.093,0.26,0.0,1.2,0.0,4,낙동강,22,괴정천,괴정천,하단초등학교 뒤,2022,3,괴정천,B,76000.0,1,1
202203,312,7.7,1.5,2.0,1.6,2.6,8.0,0.045,9600.0,3700.0,10.4,51127.0,0.0,0.0,0.0,0.0,0.0,0.0,0.0,0.266,0.06,0.746,0.936,0.038,0.041,0.0,0.9,0.0,2,중부산,3,동천,동천2-1,범3호교(성서교),2022,3,동천,B,3700.0,1,0
202203,327,8.0,1.1,3.7,2.5,1.3,13.1,0.043,6.0,6.0,9.8,263.0,0.0,0.0,0.0,0.0,0.0,0.0,0.0,0.025,1.837,2.355,2.557,0.019,0.038,0.0,11.0,0.0,1,수영강,29,온천천,온천천(청룡),청룡2호교,2022,3,온천천,A,6.0,0,0
202203,328,8.4,1.3,5.1,3.4,5.0,14.3,0.06,2600.0,610.0,10.4,468.0,0.0,0.0,0.0,0.0,0.0,0.0,0.0,0.012,2.405,2.999,3.188,0.079,0.028,0.0,5.2,0.0,1,수영강,29,온천천,온천천(온천),온천교,2022,3,온천천,A,610.0,0,0
202203,329,8.7,1.6,5.7,3.4,10.1,14.7,0.072,660.0,260.0,12.0,473.0,0.0,0.0,0.0,0.0,0.0,0.0,0.0,0.029,0.787,0.901,3.167,0.095,0.038,0.0,9.3,0.0,1,수영강,29,온천천,온천천(세병),세병교,2022,3,온천천,A,260.0,0,0
202204,206,7.4,11.1,13.5,7.8,3.3,4.2,1.29,260000.0,140000.0,12.2,824.0,0.0,,,,,,,10.976,0.038,12.635,12.85,1.175,1.244,,0.4,,2,중부산,3,동천,동천1,광무교,2022,4,동천,B,140000.0,1,0
202204,207,7.5,1.4,1.6,1.6,3.3,5.9,0.095,1900.0,610.0,14.2,49530.0,0.0,,,,,,,0.321,0.064,0.849,0.86,0.048,0.088,,0.8,,2,중부산,3,동천,동천2,범4호교,2022,4,동천,B,610.0,0,0
202204,208,7.4,1.8,2.1,1.7,3.5,2.6,0.135,21000.0,9300.0,14.2,49325.0,0.0,,,,,,,0.54,0.0,0.931,1.015,0.078,0.116,,0.6,,2,중부산,3,동천,동천3,범일교,2022,4,동천,B,9300.0,1,1
202204,215,7.7,1.0,5.2,3.3,4.9,13.1,0.053,7800.0,6400.0,14.5,412.0,0.0,,,,,,,0.114,2.334,3.121,3.321,0.02,0.05,,9.5,,1,수영강,29,온천천,온천천1(태광산업),태광산업 앞,2022,4,온천천,A,6400.0,1,0
202204,216,7.2,4.3,5.7,3.3,4.8,11.9,0.103,10000.0,9400.0,14.9,2586.0,0.0,,,,,,,0.403,1.924,3.018,3.058,0.062,0.079,,55.1,,1,수영강,29,온천천,온천천2(연안교),연안교,2022,4,온천천,A,9400.0,1,0
202204,312,7.6,1.2,1.8,1.5,2.9,4.4,0.099,3900.0,990.0,14.1,49268.0,0.0,,,,,,,0.417,0.056,0.792,0.835,0.059,0.089,,0.6,,2,중부산,3,동천,동천2-1,범3호교(성서교),2022,4,동천,B,990.0,0,0
202204,329,7.0,2.3,7.0,3.7,33.6,12.0,0.113,5400.0,3600.0,14.0,405.0,0.0,,,,,,,0.075,2.742,2.914,3.188,0.016,0.037,,66.9,,1,수영강,29,온천천,온천천(세병),세병교,2022,4,온천천,A,3600.0,1,0
202201,206,7.4,27.0,18.4,8.9,11.4,3.5,1.491,770000.0,490000.0,3.5,1220.0,0.001,,,,,,,14.736,0.1,17.127,17.703,1.319,1.407,,0.8,,2,중부산,3,동천,동천1,광무교,2022,1,동천,B,490000.0,1,0
202201,207,7.6,1.5,1.8,1.9,4.1,7.4,0.094,17000.0,12000.0,7.8,47729.0,0.001,,,,,,,0.719,0.182,1.025,1.227,0.081,0.09,,1.9,,2,중부산,3,동천,동천2,범4호교,2022,1,동천,B,12000.0,1,0
202201,208,7.7,1.2,2.2,1.8,4.9,6.0,0.083,6000.0,3000.0,7.8,49107.0,0.002,,,,,,,0.503,0.131,0.776,0.826,0.061,0.065,,1.8,,2,중부산,3,동천,동천3,범일교,2022,1,동천,B,3000.0,1,0
202201,215,7.2,2.0,5.2,3.1,6.0,12.6,0.163,15000.0,8400.0,6.0,355.0,0.004,,,,,,,0.14,2.12,2.644,2.709,0.125,0.141,,9.5,,1,수영강,29,온천천,온천천1(태광산업),태광산업 앞,2022,1,온천천,A,8400.0,1,0
202201,216,7.3,1.1,4.7,2.7,1.5,12.0,0.04,9300.0,5600.0,5.2,1011.0,0.003,,,,,,,0.035,2.136,2.694,2.791,0.025,0.036,,3.4,,1,수영강,29,온천천,온천천2(연안교),연안교,2022,1,온천천,A,5600.0,1,0
202205,206,7.5,8.8,9.8,4.8,3.1,6.3,0.505,260000.0,100000.0,15.0,508.0,0.0,,,,,,,4.278,1.179,6.862,6.983,0.393,0.468,,0.8,,2,중부산,3,동천,동천1,광무교,2022,5,동천,B,100000.0,1,0
202205,207,7.6,2.6,3.3,2.2,20.7,6.1,0.132,2600.0,1200.0,15.2,40120.0,0.0,,,,,,,0.918,0.243,1.839,2.026,0.081,0.105,,0.1,,2,중부산,3,동천,동천2,범4호교,2022,5,동천,B,1200.0,1,0
202205,208,7.6,3.1,3.3,2.1,23.7,3.3,0.106,8700.0,34000.0,16.1,42670.0,0.0,,,,,,,0.571,0.13,1.321,1.429,0.066,0.095,,0.0,,2,중부산,3,동천,동천3,범일교,2022,5,동천,B,34000.0,1,0
202205,215,8.2,1.0,4.3,2.7,2.7,11.1,0.065,27000.0,9800.0,18.9,309.0,0.0,,,,,,,0.241,1.592,2.367,2.579,0.046,0.057,,1.3,,1,수영강,29,온천천,온천천1(태광산업),태광산업 앞,2022,5,온천천,A,9800.0,1,0
202205,216,7.7,1.1,4.2,2.5,1.9,9.0,0.126,10000.0,2500.0,17.9,315.0,0.0,,,,,,,0.176,1.511,2.387,2.601,0.06,0.071,,1.7,,1,수영강,29,온천천,온천천2(연안교),연안교,2022,5,온천천,A,2500.0,1,0
202205,312,7.1,3.0,3.2,1.9,17.2,4.9,0.109,52000.0,23000.0,15.7,42770.0,0.0,,,,,,,0.655,0.211,1.39,1.512,0.089,0.096,,0.1,,2,중부산,3,동천,동천2-1,범3호교(성서교),2022,5,동천,B,23000.0,1,0
202205,329,7.8,1.2,4.3,2.4,2.4,9.9,0.086,23000.0,3200.0,18.5,327.0,0.0,,,,,,,0.189,1.687,2.571,2.61,0.065,0.068,,1.0,,1,수영강,29,온천천,온천천(세병),세병교,2022,5,온천천,A,3200.0,1,0
202206,206,7.5,14.0,9.3,5.9,9.0,1.6,1.341,1500000.0,93000.0,20.3,7047.0,0.0,0.0,0.0,0.0,0.0,0.0,0.0,9.406,0.0,11.985,12.558,0.969,1.232,0.0,4.6,0.0,2,중부산,3,동천,동천1,광무교,2022,6,동천,B,93000.0,1,1
202206,207,7.7,4.9,5.3,3.4,10.5,5.6,0.276,6200.0,1400.0,23.5,44764.0,0.0,0.0,0.0,0.0,0.0,0.0,0.0,1.198,0.024,1.916,2.294,0.127,0.172,0.0,35.4,0.0,2,중부산,3,동천,동천2,범4호교,2022,6,동천,B,1400.0,1,0
202206,208,7.8,4.7,4.3,2.7,11.1,6.1,0.2,3300.0,930.0,21.4,47185.0,0.0,0.0,0.0,0.0,0.0,0.0,0.0,0.664,0.01,1.125,1.433,0.055,0.101,0.0,37.1,0.0,2,중부산,3,동천,동천3,범일교,2022,6,동천,B,930.0,0,0
202206,215,8.8,2.2,6.3,3.1,5.7,9.1,0.069,11000.0,2400.0,26.3,385.0,0.0,0.0,0.0,0.0,0.0,0.0,0.0,0.063,1.171,1.758,1.824,0.031,0.051,0.0,6.1,0.0,1,수영강,29,온천천,온천천1(태광산업),태광산업 앞,2022,6,온천천,A,2400.0,1,0
202206,216,8.1,5.0,7.7,3.7,17.1,9.1,0.247,5600.0,3500.0,23.8,2722.0,0.0,0.0,0.0,0.0,0.0,0.0,0.0,0.184,1.144,2.044,2.505,0.152,0.24,0.0,48.8,0.0,1,수영강,29,온천천,온천천2(연안교),연안교,2022,6,온천천,A,3500.0,1,0
202206,301,7.4,7.1,5.3,2.5,9.0,1.2,0.196,5600.0,4400.0,21.8,35471.0,0.0,0.0,0.0,0.0,0.0,0.0,0.0,0.752,0.022,1.213,1.489,0.115,0.195,0.2,0.3,0.0,4,낙동강,22,괴정천,괴정천,하단초등학교 뒤,2022,6,괴정천,B,4400.0,1,1
202206,312,7.8,4.9,6.0,3.2,21.8,6.3,0.266,3800.0,850.0,24.0,45560.0,0.0,0.0,0.0,0.0,0.0,0.0,0.0,0.98,0.026,1.594,2.045,0.094,0.132,0.0,46.4,0.0,2,중부산,3,동천,동천2-1,범3호교(성서교),2022,6,동천,B,850.0,0,0
202206,327,7.9,0.7,2.7,1.4,1.2,10.0,0.079,1600.0,33.0,20.9,99.0,0.0,0.0,0.0,0.0,0.0,0.0,0.0,0.016,0.907,1.175,1.411,0.014,0.038,0.0,4.1,0.0,1,수영강,29,온천천,온천천(청룡),청룡2호교,2022,6,온천천,A,33.0,0,0
202206,328,8.0,1.0,5.1,2.8,2.7,8.3,0.097,5500.0,3100.0,23.4,387.0,0.0,0.0,0.0,0.0,0.0,0.0,0.0,0.082,1.215,2.012,2.098,0.062,0.081,0.0,3.0,0.0,1,수영강,29,온천천,온천천(온천),온천교,2022,6,온천천,A,3100.0,1,0
202206,329,7.9,1.3,5.5,2.9,6.5,8.5,0.095,21000.0,1800.0,23.6,402.0,0.0,0.0,0.0,0.0,0.0,0.0,0.0,0.109,1.39,1.998,2.067,0.077,0.094,0.0,3.1,0.0,1,수영강,29,온천천,온천천(세병),세병교,2022,6,온천천,A,1800.0,1,0
202207,206,7.1,5.5,8.0,3.9,6.2,5.9,0.343,1300000.0,340000.0,23.6,543.0,0.0,,,,,,,2.071,2.803,6.105,6.492,0.227,0.298,,0.3,,2,중부산,3,동천,동천1,광무교,2022,7,동천,B,340000.0,1,0
202207,207,7.6,3.8,2.6,3.0,7.7,3.8,0.169,860000.0,110000.0,24.1,36266.0,0.0,,,,,,,0.67,0.51,1.745,2.132,0.058,0.096,,1.8,,2,중부산,3,동천,동천2,범4호교,2022,7,동천,B,110000.0,1,0
202207,208,7.4,4.6,2.9,3.0,8.7,1.9,0.178,1100000.0,150000.0,24.5,39622.0,0.0,,,,,,,0.742,0.08,1.416,1.835,0.051,0.095,,1.6,,2,중부산,3,동천,동천3,범일교,2022,7,동천,B,150000.0,1,1
202207,215,8.6,2.9,7.4,4.1,15.1,8.2,0.082,39000.0,38000.0,28.5,318.0,0.0,,,,,,,0.0,0.931,1.635,1.736,0.0,0.067,,22.7,,1,수영강,29,온천천,온천천1(태광산업),태광산업 앞,2022,7,온천천,A,38000.0,1,0
202207,216,7.5,2.2,6.2,3.7,5.6,5.5,0.173,41000.0,34000.0,27.5,1626.0,0.0,,,,,,,0.014,0.99,1.907,2.045,0.063,0.138,,13.5,,1,수영강,29,온천천,온천천2(연안교),연안교,2022,7,온천천,A,34000.0,1,0
202207,312,7.7,5.3,1.9,2.8,10.7,3.5,0.116,1500000.0,170000.0,24.9,40962.0,0.0,,,,,,,0.61,0.243,1.317,1.537,0.063,0.077,,2.3,,2,중부산,3,동천,동천2-1,범3호교(성서교),2022,7,동천,B,170000.0,1,0
202207,329,7.7,2.2,5.9,3.7,6.9,7.5,0.099,39000.0,26000.0,27.2,345.0,0.0,,,,,,,0.011,1.157,1.922,1.96,0.03,0.098,,12.5,,1,수영강,29,온천천,온천천(세병),세병교,2022,7,온천천,A,26000.0,1,0
202209,327,7.2,0.6,1.9,2.8,0.3,8.8,0.106,3900.0,140.0,20.4,62.0,0.0,0.0,0.0,0.0,0.0,0.0,0.0,0.077,0.458,0.582,0.635,0.023,0.042,0.0,0.9,0.0,1,수영강,29,온천천,온천천(청룡),청룡2호교,2022,9,온천천,A,140.0,0,0
202209,328,7.5,1.3,5.5,4.2,6.7,8.0,0.104,23000.0,14000.0,23.3,191.0,0.0,0.0,0.0,0.0,0.0,0.0,0.0,0.107,2.099,2.559,2.638,0.064,0.079,0.0,2.9,0.0,1,수영강,29,온천천,온천천(온천),온천교,2022,9,온천천,A,14000.0,1,0
202209,329,7.5,1.5,5.7,4.2,6.0,8.0,0.112,120000.0,25000.0,23.3,220.0,0.0,0.0,0.0,0.0,0.0,0.0,0.0,0.222,2.33,2.786,2.807,0.107,0.11,0.0,3.2,0.0,1,수영강,29,온천천,온천천(세병),세병교,2022,9,온천천,A,25000.0,1,0
202208,206,7.2,23.8,16.6,5.2,11.5,1.3,1.274,5200000.0,860000.0,25.5,634.0,0.0,,,,,,,7.572,0.01,7.988,12.139,0.836,0.993,,0.9,,2,중부산,3,동천,동천1,광무교,2022,8,동천,B,860000.0,1,1
202208,207,7.6,2.4,2.1,1.7,6.1,2.4,0.105,550000.0,170000.0,25.7,46475.0,0.0,,,,,,,0.419,0.128,0.934,1.326,0.049,0.064,,2.8,,2,중부산,3,동천,동천2,범4호교,2022,8,동천,B,170000.0,1,1
202208,208,7.3,9.3,4.9,3.2,10.2,1.2,0.274,1800000.0,310000.0,26.9,43161.0,0.0,,,,,,,1.299,0.0,2.375,2.959,0.111,0.175,,2.0,,2,중부산,3,동천,동천3,범일교,2022,8,동천,B,310000.0,1,1
202208,215,8.1,3.0,7.2,3.4,7.4,8.0,0.084,100000.0,5800.0,28.6,269.0,0.0,,,,,,,0.0,0.743,1.235,1.328,0.035,0.084,,14.7,,1,수영강,29,온천천,온천천1(태광산업),태광산업 앞,2022,8,온천천,A,5800.0,1,0
202208,216,7.4,3.0,6.3,3.3,6.1,3.7,0.275,140000.0,15000.0,29.3,1235.0,0.0,,,,,,,0.296,0.693,1.389,1.716,0.154,0.177,,6.7,,1,수영강,29,온천천,온천천2(연안교),연안교,2022,8,온천천,A,15000.0,1,0
202208,312,7.4,8.8,5.6,3.4,18.7,1.1,0.298,1200000.0,420000.0,27.5,43170.0,0.0,,,,,,,2.017,0.0,2.529,3.16,0.186,0.189,,1.3,,2,중부산,3,동천,동천2-1,범3호교(성서교),2022,8,동천,B,420000.0,1,1
202208,329,7.5,3.3,6.7,3.2,7.7,6.0,0.155,57000.0,17000.0,29.2,312.0,0.0,,,,,,,0.05,0.92,1.413,1.641,0.104,0.129,,6.9,,1,수영강,29,온천천,온천천(세병),세병교,2022,8,온천천,A,17000.0,1,0
202209,206,7.5,9.2,9.9,5.7,4.0,4.1,1.052,610000.0,160000.0,21.1,670.0,0.0,0.0,0.0,0.0,0.0,0.0,0.0,6.699,0.779,11.366,11.403,0.072,1.027,0.0,1.8,0.0,2,중부산,3,동천,동천1,광무교,2022,9,동천,B,160000.0,1,0
202209,207,7.6,2.4,2.3,2.3,6.9,2.6,0.111,220000.0,66000.0,23.2,46434.0,0.0,0.0,0.0,0.0,0.0,0.0,0.0,0.536,0.099,1.064,1.164,0.074,0.087,0.0,1.2,0.0,2,중부산,3,동천,동천2,범4호교,2022,9,동천,B,66000.0,1,1
202209,208,7.6,3.8,2.6,3.1,7.3,1.2,0.116,340000.0,110000.0,23.1,46987.0,0.0,0.0,0.0,0.0,0.0,0.0,0.0,0.571,0.02,1.055,1.133,0.079,0.097,0.0,0.8,0.0,2,중부산,3,동천,동천3,범일교,2022,9,동천,B,110000.0,1,1
202209,215,7.6,1.2,6.1,4.4,9.0,8.3,0.13,34000.0,14000.0,23.7,184.0,0.0,0.0,0.0,0.0,0.0,0.0,0.0,0.101,2.058,2.591,2.648,0.077,0.13,0.0,4.3,0.0,1,수영강,29,온천천,온천천1(태광산업),태광산업 앞,2022,9,온천천,A,14000.0,1,0
202209,216,7.5,0.9,6.0,4.7,5.6,7.3,0.113,27000.0,10000.0,23.2,375.0,0.0,0.0,0.0,0.0,0.0,0.0,0.0,0.094,2.156,2.537,2.556,0.064,0.113,0.0,2.1,0.0,1,수영강,29,온천천,온천천2(연안교),연안교,2022,9,온천천,A,10000.0,1,0
202209,301,7.4,3.4,5.3,4.7,6.3,4.4,0.144,52000.0,33000.0,24.5,7579.0,0.0,0.0,0.0,0.0,0.0,0.0,0.0,0.639,1.62,2.806,2.809,0.116,0.122,0.0,1.4,0.0,4,낙동강,22,괴정천,괴정천,하단초등학교 뒤,2022,9,괴정천,B,33000.0,1,0
202209,312,7.8,1.9,1.7,2.7,6.4,3.1,0.079,180000.0,47000.0,23.3,47566.0,0.0,0.0,0.0,0.0,0.0,0.0,0.0,0.353,0.078,0.839,0.859,0.508,0.072,0.0,1.0,0.0,2,중부산,3,동천,동천2-1,범3호교(성서교),2022,9,동천,B,47000.0,1,0
202210,206,7.4,10.8,7.7,7.1,5.9,2.2,0.864,190000.0,100000.0,18.1,17467.0,0.0,,,,,,,6.609,0.062,7.757,8.256,0.622,0.769,,2.9,,2,중부산,3,동천,동천1,광무교,2022,10,동천,B,100000.0,1,1
202210,207,7.7,1.2,1.0,4.4,5.4,5.1,0.098,12000.0,4400.0,19.8,44403.0,0.0,,,,,,,0.394,0.177,1.012,1.093,0.065,0.098,,1.0,,2,중부산,3,동천,동천2,범4호교,2022,10,동천,B,4400.0,1,0
202210,208,7.7,1.2,1.1,5.0,5.4,3.6,0.115,18000.0,6000.0,19.6,44021.0,0.0,,,,,,,0.66,0.137,1.213,1.261,0.087,0.097,,0.8,,2,중부산,3,동천,동천3,범일교,2022,10,동천,B,6000.0,1,0
202210,215,8.5,1.2,5.5,6.0,3.3,9.9,0.081,19000.0,8200.0,20.0,234.0,0.0,,,,,,,0.048,1.751,2.378,2.439,0.027,0.028,,2.7,,1,수영강,29,온천천,온천천1(태광산업),태광산업 앞,2022,10,온천천,A,8200.0,1,0
202210,216,7.9,1.1,5.7,5.2,2.7,8.2,0.105,31000.0,3300.0,19.0,2287.0,0.0,,,,,,,0.094,1.973,2.572,2.643,0.055,0.078,,3.4,,1,수영강,29,온천천,온천천2(연안교),연안교,2022,10,온천천,A,3300.0,1,0
202210,312,7.8,1.1,6.4,3.4,5.1,4.4,0.167,20000.0,8300.0,19.7,44899.0,0.0,,,,,,,0.428,0.136,1.017,1.204,0.072,0.094,,0.8,,2,중부산,3,동천,동천2-1,범3호교(성서교),2022,10,동천,B,8300.0,1,0
202210,329,8.0,1.2,6.3,4.8,6.0,10.1,0.049,13000.0,14000.0,19.3,257.0,0.0,,,,,,,0.047,1.888,2.477,2.536,0.037,0.048,,2.8,,1,수영강,29,온천천,온천천(세병),세병교,2022,10,온천천,A,14000.0,1,0
202211,206,7.5,14.4,13.0,9.6,6.3,1.5,1.6,730000.0,100000.0,14.4,1023.0,0.0,,,,,,,12.664,0.03,14.949,15.01,1.236,1.6,,3.0,,2,중부산,3,동천,동천1,광무교,2022,11,동천,B,100000.0,1,1
202211,207,7.6,1.3,1.3,2.6,6.0,4.6,0.105,7000.0,1500.0,16.8,48019.0,0.0,,,,,,,0.65,0.121,1.084,1.094,0.072,0.105,,1.1,,2,중부산,3,동천,동천2,범4호교,2022,11,동천,B,1500.0,1,0
202211,208,7.7,1.2,1.8,2.4,5.8,2.5,0.143,3000.0,600.0,17.1,48674.0,0.0,,,,,,,0.687,0.055,1.132,1.135,0.073,0.143,,0.4,,2,중부산,3,동천,동천3,범일교,2022,11,동천,B,600.0,0,1
202211,215,8.4,1.7,6.0,5.1,5.2,10.3,0.051,23000.0,21000.0,17.7,275.0,0.0,,,,,,,0.048,1.826,2.448,2.514,0.026,0.04,,4.6,,1,수영강,29,온천천,온천천1(태광산업),태광산업 앞,2022,11,온천천,A,21000.0,1,0
202211,216,7.6,1.5,5.2,4.7,1.5,9.6,0.046,12000.0,3600.0,16.7,383.0,0.0,,,,,,,0.05,2.015,2.514,2.532,0.035,0.045,,2.2,,1,수영강,29,온천천,온천천2(연안교),연안교,2022,11,온천천,A,3600.0,1,0
202211,312,7.8,1.2,1.6,2.0,5.6,3.8,0.113,5500.0,3000.0,17.1,48950.0,0.0,,,,,,,0.58,0.094,1.055,1.212,0.068,0.084,,1.4,,2,중부산,3,동천,동천2-1,범3호교(성서교),2022,11,동천,B,3000.0,1,0
202211,329,7.9,1.7,5.2,4.4,4.5,11.0,0.048,13000.0,4300.0,16.8,299.0,0.0,,,,,,,0.037,1.989,2.505,2.512,0.035,0.047,,2.7,,1,수영강,29,온천천,온천천(세병),세병교,2022,11,온천천,A,4300.0,1,0
202212,206,7.2,17.8,18.6,6.9,4.1,6.0,0.719,170000.0,46000.0,7.9,740.0,0.0,0.0,0.0,0.0,0.0,0.0,0.0,7.525,1.961,10.662,11.964,0.355,0.464,0.0,0.3,,2,중부산,3,동천,동천1,광무교,2022,12,동천,B,46000.0,1,0
202212,207,7.3,1.9,2.0,2.3,5.7,5.1,0.086,49000.0,9200.0,13.4,48553.0,0.0,0.0,0.0,0.0,0.0,0.0,0.0,0.075,0.199,1.012,1.055,0.009,0.074,0.0,0.7,,2,중부산,3,동천,동천2,범4호교,2022,12,동천,B,9200.0,1,0
202212,208,7.5,3.4,3.6,2.8,8.2,2.9,0.237,52000.0,12000.0,12.5,45731.0,0.0,0.0,0.0,0.0,0.0,0.0,0.0,0.301,0.172,1.449,1.669,0.04,0.157,0.0,0.9,,2,중부산,3,동천,동천3,범일교,2022,12,동천,B,12000.0,1,1
202212,215,7.5,2.6,5.1,3.5,5.4,6.7,0.114,3000.0,26000.0,10.4,363.0,0.0,0.0,0.0,0.0,0.0,0.0,0.0,0.878,2.078,3.545,3.545,0.091,0.113,0.0,2.0,,1,수영강,29,온천천,온천천1(태광산업),태광산업 앞,2022,12,온천천,A,26000.0,1,0
202212,216,7.3,3.1,4.9,3.2,3.3,11.2,0.073,18000.0,4400.0,8.6,1279.0,0.0,0.0,0.0,0.0,0.0,0.0,0.0,0.181,2.319,3.021,30.21,0.04,0.046,0.0,26.2,,1,수영강,29,온천천,온천천2(연안교),연안교,2022,12,온천천,A,4400.0,1,0
202212,301,7.3,4.2,5.3,2.8,6.6,4.7,0.16,16000.0,4600.0,10.0,28060.0,0.0,0.0,0.0,0.0,0.0,0.0,0.0,0.888,0.637,1.988,2.354,0.065,0.09,0.0,0.5,0.0,4,낙동강,22,괴정천,괴정천,하단초등학교 뒤,2022,12,괴정천,B,4600.0,1,0
202212,312,7.5,2.4,2.8,1.8,7.7,4.7,0.125,39000.0,8300.0,13.5,49080.0,0.0,0.0,0.0,0.0,0.0,0.0,0.0,0.251,0.241,0.948,1.433,0.045,0.125,0.0,0.9,0.0,2,중부산,3,동천,동천2-1,범3호교(성서교),2022,12,동천,B,8300.0,1,0
202212,327,7.7,0.5,2.0,1.3,1.2,12.4,0.024,1000.0,520.0,7.4,114.0,0.0,0.0,0.0,0.0,0.0,0.0,0.0,0.0,0.642,0.739,0.808,0.0,0.012,0.0,0.8,0.0,1,수영강,29,온천천,온천천(청룡),청룡2호교,2022,12,온천천,A,520.0,0,0
202212,328,7.4,0.9,4.2,2.8,1.6,11.4,0.05,14000.0,13000.0,9.2,352.0,0.0,0.0,0.0,0.0,0.0,0.0,0.0,0.159,2.12,2.678,2.753,0.021,0.026,0.0,0.9,0.0,1,수영강,29,온천천,온천천(온천),온천교,2022,12,온천천,A,13000.0,1,0
202212,329,7.3,1.6,4.8,2.8,9.2,11.2,0.068,48000.0,7200.0,9.7,363.0,0.0,0.0,0.0,0.0,0.0,0.0,0.0,0.187,2.687,3.452,3.508,0.036,0.062,0.0,1.1,0.0,1,수영강,29,온천천,온천천(세병),세병교,2022,12,온천천,A,7200.0,1,0
202301,206,7.1,30.6,29.1,11.4,8.8,2.0,8.281,49000.0,31000.0,8.3,839.0,0.0,,,,,,,11.942,0.0,76.364,76.904,1.061,7.197,,0.3,,2,중부산,3,동천,동천1,광무교,2023,1,동천,B,31000.0,1,1
202301,207,7.3,4.9,5.1,3.0,8.9,7.6,0.209,10000.0,6100.0,10.0,45500.0,0.0,,,,,,,1.298,0.102,2.18,2.54,0.102,0.131,,8.8,,2,중부산,3,동천,동천2,범4호교,2023,1,동천,B,6100.0,1,0
202301,208,7.6,6.7,7.0,2.6,9.7,7.7,0.085,10000.0,7300.0,10.4,48740.0,0.0,,,,,,,0.374,0.053,1.063,1.265,0.012,0.047,,12.3,,2,중부산,3,동천,동천3,범일교,2023,1,동천,B,7300.0,1,0
202301,215,7.4,3.3,5.7,3.8,5.7,14.5,0.135,260000.0,240000.0,3.5,428.0,0.0,,,,,,,1.141,1.994,3.62,4.055,0.05,0.053,,4.5,,1,수영강,29,온천천,온천천1(태광산업),태광산업 앞,2023,1,온천천,A,240000.0,1,0
202301,216,7.5,3.5,5.7,3.4,3.4,14.1,0.098,66000.0,29000.0,3.5,901.0,0.0,,,,,,,0.822,1.982,3.67,3.741,0.06,0.063,,14.4,,1,수영강,29,온천천,온천천2(연안교),연안교,2023,1,온천천,A,29000.0,1,0
202301,312,7.5,3.8,4.4,2.2,6.0,8.8,0.084,4800.0,2700.0,10.3,48810.0,0.0,,,,,,,0.403,0.053,1.009,1.211,0.025,0.052,,9.4,,2,중부산,3,동천,동천2-1,범3호교(성서교),2023,1,동천,B,2700.0,1,0
202301,329,7.5,1.8,4.8,2.8,2.0,14.0,0.078,29000.0,20000.0,3.9,441.0,0.0,,,,,,,0.675,1.985,3.507,3.663,0.064,0.066,,0.3,,1,수영강,29,온천천,온천천(세병),세병교,2023,1,온천천,A,20000.0,1,0
202303,215,7.5,5.7,8.3,4.1,10.1,13.0,0.236,1000000.0,710000.0,12.3,453.0,0.0,0.0,0.0,0.0,0.0,0.0,0.0,1.502,2.397,4.556,5.026,0.144,0.167,0.0,14.6,0.0,1,수영강,29,온천천,온천천1(태광산업),태광산업 앞,2023,3,온천천,A,710000.0,1,0
202303,216,7.5,3.1,7.1,3.4,5.5,10.1,0.124,24000.0,9600.0,12.5,1440.0,0.0,0.0,0.0,0.0,0.0,0.0,0.0,0.456,2.426,3.579,3.813,0.045,0.083,0.0,14.3,0.0,1,수영강,29,온천천,온천천2(연안교),연안교,2023,3,온천천,A,9600.0,1,0
202303,301,7.2,7.9,5.3,3.9,9.2,3.8,0.23,27000.0,8900.0,11.6,36357.0,0.0,0.0,0.0,0.0,0.0,0.0,0.0,1.109,0.086,1.782,2.316,0.085,0.136,0.0,2.7,0.0,4,낙동강,22,괴정천,괴정천,하단초등학교 뒤,2023,3,괴정천,B,8900.0,1,0
202303,312,7.2,2.5,4.7,4.2,8.6,2.4,0.292,58000.0,46000.0,13.6,45750.0,0.0,0.0,0.0,0.0,0.0,0.0,0.0,1.908,0.055,2.529,2.636,0.16,0.199,0.0,0.6,0.0,2,중부산,3,동천,동천2-1,범3호교(성서교),2023,3,동천,B,46000.0,1,1
202303,327,7.3,0.8,2.1,1.8,0.7,12.0,0.037,2800.0,40.0,11.3,98.0,0.0,0.0,0.0,0.0,0.0,0.0,0.0,0.017,0.642,1.14,1.163,0.004,0.035,0.0,1.3,0.0,1,수영강,29,온천천,온천천(청룡),청룡2호교,2023,3,온천천,A,40.0,0,0
202303,328,7.7,3.2,6.9,3.9,3.1,12.4,0.128,31000.0,7500.0,12.1,439.0,0.0,0.0,0.0,0.0,0.0,0.0,0.0,0.291,2.181,3.317,3.74,0.071,0.093,0.0,8.7,0.0,1,수영강,29,온천천,온천천(온천),온천교,2023,3,온천천,A,7500.0,1,0
202303,329,7.7,3.4,6.9,3.6,6.8,12.2,0.103,22000.0,7700.0,12.1,457.0,0.0,0.0,0.0,0.0,0.0,0.0,0.0,0.475,1.949,3.666,3.8,0.071,0.101,0.0,7.8,0.0,1,수영강,29,온천천,온천천(세병),세병교,2023,3,온천천,A,7700.0,1,0
202304,206,7.5,11.0,9.5,5.5,6.8,3.6,0.683,550000.0,160000.0,13.4,853.0,0.0,,,,,,,6.36,1.351,9.358,9.594,0.513,0.659,,0.3,,2,중부산,3,동천,동천1,광무교,2023,4,동천,B,160000.0,1,0
202304,207,7.1,1.8,1.4,2.0,6.6,6.0,0.081,20000.0,6900.0,14.9,50780.0,0.0,,,,,,,0.329,0.114,0.749,0.772,0.039,0.071,,0.9,,2,중부산,3,동천,동천2,범4호교,2023,4,동천,B,6900.0,1,0
202304,208,7.3,3.5,2.2,2.1,5.2,1.6,0.112,34000.0,9200.0,15.5,50339.0,0.0,,,,,,,0.531,0.047,0.921,1.052,0.053,0.084,,1.5,,2,중부산,3,동천,동천3,범일교,2023,4,동천,B,9200.0,1,1
202304,215,7.4,1.8,5.7,3.0,3.4,12.0,0.069,65000.0,36000.0,15.2,425.0,0.0,,,,,,,0.085,2.577,3.194,3.302,0.033,0.06,,6.7,,1,수영강,29,온천천,온천천1(태광산업),태광산업 앞,2023,4,온천천,A,36000.0,1,0
202304,216,7.3,1.3,5.5,2.6,13.8,9.9,0.066,39000.0,4000.0,14.4,439.0,0.0,,,,,,,0.058,2.28,2.982,3.032,0.026,0.065,,1.9,,1,수영강,29,온천천,온천천2(연안교),연안교,2023,4,온천천,A,4000.0,1,0
202304,312,7.4,1.8,1.2,1.6,4.5,5.1,0.083,29000.0,4600.0,15.2,50613.0,0.0,,,,,,,0.405,0.129,0.832,0.84,0.044,0.081,,0.8,,2,중부산,3,동천,동천2-1,범3호교(성서교),2023,4,동천,B,4600.0,1,0
202304,329,7.3,1.1,4.7,2.4,2.2,11.3,0.047,23000.0,1500.0,14.8,440.0,0.0,,,,,,,0.064,2.348,2.993,3.029,0.025,0.046,,2.7,,1,수영강,29,온천천,온천천(세병),세병교,2023,4,온천천,A,1500.0,1,0
202305,206,7.5,6.8,9.7,5.0,2.8,6.4,0.613,180000.0,120000.0,17.2,579.0,0.0,,,,,,,6.51,1.847,9.05,9.09,0.557,0.613,,0.0,,2,중부산,3,동천,동천1,광무교,2023,5,동천,B,120000.0,1,0
202305,207,7.5,5.1,6.0,2.8,4.1,5.8,0.171,98000.0,69000.0,17.7,40543.0,0.0,,,,,,,0.963,0.236,2.144,2.15,0.077,0.17,,1.2,,2,중부산,3,동천,동천2,범4호교,2023,5,동천,B,69000.0,1,0
202305,208,7.4,7.9,8.4,4.2,4.9,3.3,0.242,130000.0,92000.0,18.8,40400.0,0.0,,,,,,,1.356,0.028,2.252,2.608,0.067,0.186,,0.6,,2,중부산,3,동천,동천3,범일교,2023,5,동천,B,92000.0,1,0
202305,215,7.8,1.6,5.6,2.9,6.0,9.2,0.082,26000.0,8400.0,21.0,266.0,0.0,,,,,,,0.086,2.513,3.091,3.093,0.043,0.069,,0.9,,1,수영강,29,온천천,온천천1(태광산업),태광산업 앞,2023,5,온천천,A,8400.0,1,0
202305,216,7.4,1.5,5.3,2.7,4.4,7.9,0.107,73000.0,12000.0,20.1,309.0,0.0,,,,,,,0.245,2.603,3.435,3.45,0.083,0.105,,1.6,,1,수영강,29,온천천,온천천2(연안교),연안교,2023,5,온천천,A,12000.0,1,0
202305,312,7.5,6.1,7.0,3.2,4.1,5.3,0.18,110000.0,98000.0,15.1,41573.0,0.0,,,,,,,0.952,0.154,2.062,2.084,0.054,0.162,,1.1,,2,중부산,3,동천,동천2-1,범3호교(성서교),2023,5,동천,B,98000.0,1,0
202305,329,7.6,2.2,5.6,2.7,14.0,8.7,0.148,77000.0,6600.0,20.4,276.0,0.0,,,,,,,0.211,2.701,3.295,3.453,0.085,0.094,,3.6,,1,수영강,29,온천천,온천천(세병),세병교,2023,5,온천천,A,6600.0,1,0
202306,206,7.6,10.8,8.8,5.0,4.6,5.3,0.943,75000.0,60000.0,21.6,2654.0,0.0,0.0,0.0,0.0,0.0,0.0,0.0,7.132,0.302,7.711,7.806,0.74,0.892,0.0,0.4,0.0,2,중부산,3,동천,동천1,광무교,2023,6,동천,B,60000.0,1,0
202306,207,7.7,2.3,2.0,2.0,4.6,6.0,0.164,18000.0,5200.0,20.1,48544.0,0.0,0.0,0.0,0.0,0.0,0.0,0.0,0.507,0.143,1.318,1.424,0.041,0.127,0.0,1.3,0.0,2,중부산,3,동천,동천2,범4호교,2023,6,동천,B,5200.0,1,0
202306,208,7.5,3.0,2.2,2.2,5.9,3.3,0.141,33000.0,18000.0,20.4,50010.0,0.0,0.0,0.0,0.0,0.0,0.0,0.0,0.249,0.045,0.967,1.23,0.01,0.103,0.0,2.2,0.0,2,중부산,3,동천,동천3,범일교,2023,6,동천,B,18000.0,1,0
202306,215,8.2,2.5,6.0,3.0,4.8,8.8,0.066,73000.0,32000.0,25.8,278.0,0.0,0.0,0.0,0.0,0.0,0.0,0.0,0.042,1.698,2.054,2.171,0.019,0.167,0.0,11.4,0.0,1,수영강,29,온천천,온천천1(태광산업),태광산업 앞,2023,6,온천천,A,32000.0,1,0
202306,216,7.6,2.2,5.6,3.0,7.3,8.0,0.1,29000.0,11000.0,23.5,351.0,0.0,0.0,0.0,0.0,0.0,0.0,0.0,0.099,1.855,2.24,2.345,0.045,0.083,0.0,11.4,0.0,1,수영강,29,온천천,온천천2(연안교),연안교,2023,6,온천천,A,11000.0,1,0
202302,206,7.2,18.8,18.9,7.1,10.3,2.3,1.187,43000.0,38000.0,7.7,791.0,0.0,,,,,,,9.098,0.03,12.719,13.511,0.873,1.114,,0.8,,2,중부산,3,동천,동천1,광무교,2023,2,동천,B,38000.0,1,1
202302,207,7.2,1.9,2.2,1.7,4.7,7.6,0.121,6400.0,4600.0,10.0,43681.0,0.0,,,,,,,0.915,0.279,1.65,1.654,0.054,0.12,,0.7,,2,중부산,3,동천,동천2,범4호교,2023,2,동천,B,4600.0,1,0
202302,208,7.6,2.1,2.4,1.8,5.8,5.8,0.115,2400.0,1500.0,9.6,46128.0,0.0,,,,,,,0.545,0.084,1.022,1.052,0.028,0.073,,1.1,,2,중부산,3,동천,동천3,범일교,2023,2,동천,B,1500.0,1,0
202302,215,7.3,2.8,6.9,3.1,4.8,13.3,0.127,490000.0,270000.0,5.0,450.0,0.0,,,,,,,0.942,2.415,4.231,4.243,0.098,0.126,,2.0,,1,수영강,29,온천천,온천천1(태광산업),태광산업 앞,2023,2,온천천,A,270000.0,1,0
202302,216,7.4,3.4,6.9,3.1,3.8,11.6,0.097,24000.0,8700.0,7.1,3731.0,0.0,,,,,,,0.528,2.583,3.921,3.957,0.025,0.073,,20.6,,1,수영강,29,온천천,온천천2(연안교),연안교,2023,2,온천천,A,8700.0,1,0
202302,312,7.7,1.7,2.7,1.4,5.9,8.7,0.074,2600.0,860.0,10.3,46454.0,0.0,,,,,,,0.453,0.121,0.902,0.907,0.037,0.073,,0.9,,2,중부산,3,동천,동천2-1,범3호교(성서교),2023,2,동천,B,860.0,0,0
202302,329,7.4,2.0,6.2,2.8,2.1,12.7,0.092,29000.0,15000.0,6.6,461.0,0.0,,,,,,,0.635,2.583,3.973,3.98,0.056,0.085,,3.4,,1,수영강,29,온천천,온천천(세병),세병교,2023,2,온천천,A,15000.0,1,0
202303,206,7.3,22.6,18.1,9.6,7.0,1.6,1.458,85000.0,54000.0,10.8,786.0,0.0,0.0,0.0,0.0,0.0,0.0,0.0,11.596,0.021,13.054,13.68,1.011,1.154,0.0,1.4,0.0,2,중부산,3,동천,동천1,광무교,2023,3,동천,B,54000.0,1,1
202303,207,7.0,3.2,3.9,4.4,7.6,1.9,0.316,23000.0,16000.0,13.0,45348.0,0.0,0.0,0.0,0.0,0.0,0.0,0.0,1.8,0.067,2.781,2.897,0.175,0.216,0.0,0.6,0.0,2,중부산,3,동천,동천2,범4호교,2023,3,동천,B,16000.0,1,1
202303,208,7.3,2.6,3.0,4.3,6.5,2.8,0.215,38000.0,31000.0,12.3,48366.0,0.0,0.0,0.0,0.0,0.0,0.0,0.0,1.574,0.063,2.078,2.246,0.144,0.163,0.0,0.9,0.0,2,중부산,3,동천,동천3,범일교,2023,3,동천,B,31000.0,1,1
202306,301,7.5,2.3,5.3,3.1,6.1,6.2,0.098,19000.0,4800.0,25.3,19892.0,0.0,0.0,0.0,0.0,0.0,0.0,0.0,0.531,0.923,1.87,2.027,0.022,0.072,0.0,4.1,0.0,4,낙동강,22,괴정천,괴정천,하단초등학교 뒤,2023,6,괴정천,B,4800.0,1,0
202306,312,7.7,2.0,1.8,1.7,4.7,5.9,0.107,13000.0,2500.0,19.8,50176.0,0.0,0.0,0.0,0.0,0.0,0.0,0.0,0.366,0.12,0.892,0.896,0.041,0.101,0.0,1.2,0.0,2,중부산,3,동천,동천2-1,범3호교(성서교),2023,6,동천,B,2500.0,1,0
202306,327,7.8,0.6,1.7,1.0,0.6,9.5,0.046,2000.0,550.0,20.5,66.0,0.0,0.0,0.0,0.0,0.0,0.0,0.0,0.0,0.642,0.508,0.594,0.004,0.032,0.0,1.3,0.0,1,수영강,29,온천천,온천천(청룡),청룡2호교,2023,6,온천천,A,550.0,0,0
202306,328,7.9,1.9,5.8,3.0,5.9,8.7,0.075,26000.0,8600.0,24.5,293.0,0.0,0.0,0.0,0.0,0.0,0.0,0.0,0.018,1.885,2.218,2.348,0.028,0.059,0.0,5.0,0.0,1,수영강,29,온천천,온천천(온천),온천교,2023,6,온천천,A,8600.0,1,0
202306,329,7.9,1.6,5.2,2.8,4.2,8.9,0.101,19000.0,4000.0,24.7,317.0,0.0,0.0,0.0,0.0,0.0,0.0,0.0,0.024,2.029,2.433,2.523,0.04,0.075,0.0,2.6,0.0,1,수영강,29,온천천,온천천(세병),세병교,2023,6,온천천,A,4000.0,1,0
202307,206,7.5,3.7,5.9,2.9,5.4,7.5,0.299,40000.0,9100.0,21.5,338.0,0.0,,,,,,,1.656,3.002,4.856,5.439,0.189,0.242,,0.4,,2,중부산,3,동천,동천1,광무교,2023,7,동천,B,9100.0,1,0
202307,207,7.5,2.4,2.5,2.5,4.1,6.8,0.162,750000.0,150000.0,21.5,25940.0,0.0,,,,,,,0.578,1.152,2.207,2.31,0.084,0.137,,0.4,,2,중부산,3,동천,동천2,범4호교,2023,7,동천,B,150000.0,1,0
202307,208,7.3,5.0,4.3,3.2,8.3,4.5,0.239,1000000.0,200000.0,21.4,30513.0,0.0,,,,,,,0.903,0.479,2.141,2.475,0.095,0.187,,0.4,,2,중부산,3,동천,동천3,범일교,2023,7,동천,B,200000.0,1,0
202307,215,7.5,1.6,5.7,3.1,7.3,8.6,0.132,58000.0,25000.0,24.8,142.0,0.0,,,,,,,0.104,1.518,2.001,2.094,0.051,0.13,,0.9,,1,수영강,29,온천천,온천천1(태광산업),태광산업 앞,2023,7,온천천,A,25000.0,1,0
202307,216,7.4,4.8,7.0,3.7,6.6,5.0,0.414,1000000.0,98000.0,24.0,124.0,0.0,,,,,,,2.159,1.556,4.07,4.554,0.274,0.316,,0.4,,1,수영강,29,온천천,온천천2(연안교),연안교,2023,7,온천천,A,98000.0,1,0
202307,312,7.3,4.4,3.5,2.8,4.7,5.5,0.156,880000.0,190000.0,22.2,26553.0,0.0,,,,,,,0.662,0.947,2.118,2.306,0.068,0.117,,0.6,,2,중부산,3,동천,동천2-1,범3호교(성서교),2023,7,동천,B,190000.0,1,0
202307,329,7.2,3.1,5.9,3.1,5.2,6.7,0.278,260000.0,24000.0,24.3,217.0,0.0,,,,,,,1.275,1.726,3.466,3.515,0.208,0.256,,0.2,,1,수영강,29,온천천,온천천(세병),세병교,2023,7,온천천,A,24000.0,1,0
202308,206,7.3,8.0,7.4,4.4,4.1,5.4,0.549,500000.0,290000.0,23.9,4735.0,0.0,,,,,,,3.514,2.04,6.226,6.732,0.41,0.458,,0.5,,2,중부산,3,동천,동천1,광무교,2023,8,동천,B,290000.0,1,0
202308,207,7.4,4.0,4.1,4.1,4.0,4.3,0.331,650000.0,310000.0,24.8,25341.0,0.0,,,,,,,2.0,0.834,3.68,3.979,0.249,0.275,,0.9,,2,중부산,3,동천,동천2,범4호교,2023,8,동천,B,310000.0,1,0
202308,208,7.4,8.8,4.4,4.4,9.8,3.0,0.238,920000.0,600000.0,26.0,39755.0,0.0,,,,,,,1.67,0.007,2.241,2.537,0.148,0.191,,1.6,,2,중부산,3,동천,동천3,범일교,2023,8,동천,B,600000.0,1,0
202308,215,7.5,1.5,5.5,3.1,10.2,8.5,0.143,260000.0,140000.0,25.4,152.0,0.0,,,,,,,0.368,1.545,2.288,2.326,0.106,0.122,,1.1,,1,수영강,29,온천천,온천천1(태광산업),태광산업 앞,2023,8,온천천,A,140000.0,1,0
202308,216,7.2,1.5,5.0,2.6,5.9,7.0,0.119,130000.0,58000.0,24.8,325.0,0.0,,,,,,,0.139,1.843,2.293,2.341,0.087,0.116,,0.6,,1,수영강,29,온천천,온천천2(연안교),연안교,2023,8,온천천,A,58000.0,1,0
202308,312,7.5,5.2,3.1,3.6,4.0,3.6,0.212,730000.0,410000.0,25.5,39285.0,0.0,,,,,,,1.242,0.097,1.836,2.147,0.127,0.156,,1.6,,2,중부산,3,동천,동천2-1,범3호교(성서교),2023,8,동천,B,410000.0,1,0
202308,329,7.4,1.4,4.4,2.5,5.8,7.8,0.113,110000.0,17000.0,24.8,186.0,0.0,,,,,,,0.076,1.802,2.168,2.207,0.09,0.105,,0.4,,1,수영강,29,온천천,온천천(세병),세병교,2023,8,온천천,A,17000.0,1,0
202309,206,7.7,6.6,7.1,3.1,4.0,6.8,0.39,480000.0,250000.0,23.3,367.0,0.0,0.0,0.0,0.0,0.0,0.0,0.0,2.023,2.676,5.138,5.307,0.287,0.345,0.0,0.6,0.0,2,중부산,3,동천,동천1,광무교,2023,9,동천,B,250000.0,1,0
202309,207,7.4,3.4,2.1,3.0,4.5,4.9,0.22,610000.0,310000.0,24.3,34293.0,0.0,0.0,0.0,0.0,0.0,0.0,0.0,0.617,0.579,2.226,2.466,0.047,0.162,0.0,1.4,0.0,2,중부산,3,동천,동천2,범4호교,2023,9,동천,B,310000.0,1,0
202309,208,7.4,14.1,6.1,5.3,8.8,3.0,0.375,1400000.0,730000.0,24.8,36164.0,0.0,0.0,0.0,0.0,0.0,0.0,0.0,2.368,0.161,3.787,4.385,0.166,0.238,0.0,2.8,0.0,2,중부산,3,동천,동천3,범일교,2023,9,동천,B,730000.0,1,0
202309,215,7.7,1.2,5.1,2.9,3.0,8.5,0.096,110000.0,19000.0,26.0,155.0,0.0,0.0,0.0,0.0,0.0,0.0,0.0,0.089,1.233,1.684,1.742,0.081,0.087,0.0,1.1,0.0,1,수영강,29,온천천,온천천1(태광산업),태광산업 앞,2023,9,온천천,A,19000.0,1,0
202309,216,7.4,1.2,5.2,2.7,4.4,7.3,0.125,150000.0,30000.0,26.7,290.0,0.0,0.0,0.0,0.0,0.0,0.0,0.0,0.148,1.933,2.28,2.286,0.112,0.122,0.0,0.7,0.0,1,수영강,29,온천천,온천천2(연안교),연안교,2023,9,온천천,A,30000.0,1,0
202309,301,7.1,2.6,5.3,4.1,12.0,3.9,0.259,87000.0,6600.0,26.3,17103.0,0.0,0.0,0.0,0.0,0.0,0.0,0.0,1.158,0.493,2.135,2.43,0.167,0.193,0.0,0.0,0.0,4,낙동강,22,괴정천,괴정천,하단초등학교 뒤,2023,9,괴정천,B,6600.0,1,0
202309,312,7.5,3.2,2.2,2.5,6.2,4.5,0.175,730000.0,490000.0,25.0,14566.0,0.0,0.0,0.0,0.0,0.0,0.0,0.0,0.261,0.224,1.456,1.827,0.017,0.117,0.0,2.2,0.0,2,중부산,3,동천,동천2-1,범3호교(성서교),2023,9,동천,B,490000.0,1,0
202309,327,7.6,0.4,1.7,1.0,1.0,8.9,0.043,13000.0,270.0,23.3,67.0,0.0,0.0,0.0,0.0,0.0,0.0,0.0,0.054,0.496,0.582,0.633,0.04,0.04,0.0,0.1,0.0,1,수영강,29,온천천,온천천(청룡),청룡2호교,2023,9,온천천,A,270.0,0,0
202309,328,7.5,2.0,5.7,3.4,55.2,8.1,0.15,98000.0,17000.0,25.6,192.0,0.0,0.0,0.0,0.0,0.0,0.0,0.0,0.218,1.717,2.092,2.215,0.122,0.125,0.0,1.7,0.0,1,수영강,29,온천천,온천천(온천),온천교,2023,9,온천천,A,17000.0,1,0
202309,329,7.4,1.9,5.5,2.8,12.0,7.5,0.173,200000.0,33000.0,26.7,212.0,0.0,0.0,0.0,0.0,0.0,0.0,0.0,0.234,1.857,2.37,2.522,0.142,0.142,0.0,0.4,0.0,1,수영강,29,온천천,온천천(세병),세병교,2023,9,온천천,A,33000.0,1,0
202310,206,7.1,4.0,4.6,3.7,5.4,4.8,0.43,41000.0,16000.0,20.7,23639.0,0.0,,,,,,,2.574,0.693,4.123,4.173,0.35,0.351,,5.7,,2,중부산,3,동천,동천1,광무교,2023,10,동천,B,16000.0,1,0
202310,207,7.8,3.1,2.2,2.8,4.2,5.7,0.092,17000.0,6300.0,22.2,47813.0,0.0,,,,,,,0.337,0.116,0.742,0.782,0.054,0.086,,3.9,,2,중부산,3,동천,동천2,범4호교,2023,10,동천,B,6300.0,1,0
202310,208,7.6,2.0,2.1,2.8,5.0,2.3,0.131,8600.0,5200.0,23.2,47741.0,0.0,,,,,,,0.683,0.056,1.078,1.179,0.078,0.112,,1.8,,2,중부산,3,동천,동천3,범일교,2023,10,동천,B,5200.0,1,1
202310,215,8.2,1.9,6.2,3.3,3.3,10.0,0.131,210000.0,73000.0,20.4,194.0,0.0,,,,,,,0.392,1.607,2.36,2.403,0.103,0.128,,1.5,,1,수영강,29,온천천,온천천1(태광산업),태광산업 앞,2023,10,온천천,A,73000.0,1,0
202310,216,7.2,1.4,5.5,3.0,3.5,7.2,0.122,52000.0,11000.0,20.7,649.0,0.0,,,,,,,0.136,2.044,2.499,2.533,0.101,0.109,,1.2,,1,수영강,29,온천천,온천천2(연안교),연안교,2023,10,온천천,A,11000.0,1,0
202310,312,7.9,1.2,1.7,2.0,4.9,5.8,0.092,5200.0,3100.0,22.8,48767.0,0.0,,,,,,,0.249,0.085,0.58,0.63,0.047,0.078,,1.2,,2,중부산,3,동천,동천2-1,범3호교(성서교),2023,10,동천,B,3100.0,1,0
202310,329,7.5,1.6,4.4,2.6,6.1,8.8,0.124,77000.0,16000.0,20.1,242.0,0.0,,,,,,,0.208,2.434,2.854,2.895,0.103,0.111,,0.1,,1,수영강,29,온천천,온천천(세병),세병교,2023,10,온천천,A,16000.0,1,0
202311,206,7.3,6.4,7.4,4.3,5.5,6.2,0.547,150000.0,17000.0,14.7,581.0,0.0,,,,,,,4.291,1.509,6.671,6.858,0.372,0.459,,0.5,,2,중부산,3,동천,동천1,광무교,2023,11,동천,B,17000.0,1,0
202311,207,7.3,5.2,2.9,2.9,15.7,5.1,0.224,200000.0,62000.0,16.4,38478.0,0.0,,,,,,,0.904,0.55,2.046,2.051,0.163,0.223,,0.4,,2,중부산,3,동천,동천2,범4호교,2023,11,동천,B,62000.0,1,0
202311,208,7.6,3.8,2.2,2.6,4.2,5.5,0.227,180000.0,52000.0,16.4,42848.0,0.0,,,,,,,0.843,0.274,1.511,1.524,0.142,0.185,,0.2,,2,중부산,3,동천,동천3,범일교,2023,11,동천,B,52000.0,1,0
202311,215,8.3,2.2,5.9,3.2,7.3,9.6,0.038,72000.0,6400.0,19.0,250.0,0.0,,,,,,,0.129,1.761,2.221,2.243,0.018,0.037,,4.5,,1,수영강,29,온천천,온천천1(태광산업),태광산업 앞,2023,11,온천천,A,6400.0,1,0
202311,216,7.6,2.7,5.4,2.8,7.1,8.7,0.088,240000.0,26000.0,17.5,712.0,0.0,,,,,,,0.208,1.778,2.357,2.368,0.034,0.069,,4.2,,1,수영강,29,온천천,온천천2(연안교),연안교,2023,11,온천천,A,26000.0,1,0
202311,312,7.5,3.5,2.4,2.0,15.7,6.3,0.208,170000.0,67000.0,16.3,43153.0,0.0,,,,,,,0.278,0.339,1.366,1.456,0.066,0.168,,0.5,,2,중부산,3,동천,동천2-1,범3호교(성서교),2023,11,동천,B,67000.0,1,0
202311,329,7.6,3.3,5.8,2.7,11.5,9.2,0.098,280000.0,49000.0,17.5,268.0,0.0,,,,,,,0.255,1.895,2.11,2.433,0.044,0.068,,1.9,,1,수영강,29,온천천,온천천(세병),세병교,2023,11,온천천,A,49000.0,1,0
202312,206,7.7,8.4,9.5,5.5,4.1,6.1,0.857,68000.0,24000.0,10.9,658.0,0.0,0.0,0.0,0.0,0.0,0.0,0.0,7.687,0.443,8.411,9.053,0.752,0.77,0.0,0.3,0.0,2,중부산,3,동천,동천1,광무교,2023,12,동천,B,24000.0,1,0
202312,207,7.3,1.8,2.0,2.1,8.9,7.4,0.13,22000.0,10000.0,11.8,48322.0,0.0,0.0,0.0,0.0,0.0,0.0,0.0,0.801,0.247,1.533,1.57,0.04,0.118,0.0,0.3,0.0,2,중부산,3,동천,동천2,범4호교,2023,12,동천,B,10000.0,1,0
202312,208,7.5,2.4,1.9,2.7,14.0,5.6,0.128,29000.0,14000.0,11.4,51530.0,0.0,0.0,0.0,0.0,0.0,0.0,0.0,0.997,0.155,1.386,1.438,0.03,0.082,0.0,2.8,0.0,2,중부산,3,동천,동천3,범일교,2023,12,동천,B,14000.0,1,0
202312,215,8.3,1.2,5.5,2.7,3.4,12.0,0.063,43000.0,7200.0,11.3,332.0,0.0,0.0,0.0,0.0,0.0,0.0,0.0,0.087,1.939,2.281,2.29,0.081,0.054,0.0,4.2,0.0,1,수영강,29,온천천,온천천1(태광산업),태광산업 앞,2023,12,온천천,A,7200.0,1,0
202312,216,7.7,1.3,5.3,2.6,2.7,10.5,0.065,73000.0,7900.0,9.3,409.0,0.0,0.0,0.0,0.0,0.0,0.0,0.0,0.174,1.953,2.511,2.533,0.112,0.064,0.0,1.0,0.0,1,수영강,29,온천천,온천천2(연안교),연안교,2023,12,온천천,A,7900.0,1,0
202312,301,7.3,2.2,5.3,2.9,7.9,9.5,0.119,55000.0,6100.0,11.0,9254.0,0.0,0.0,0.0,0.0,0.0,0.0,0.0,0.843,1.631,2.541,2.668,0.077,0.088,0.0,0.8,0.0,4,낙동강,22,괴정천,괴정천,하단초등학교 뒤,2023,12,괴정천,B,6100.0,1,0
202312,312,7.6,2.0,1.5,1.9,3.8,8.2,0.089,23000.0,10000.0,12.2,52012.0,0.0,0.0,0.0,0.0,0.0,0.0,0.0,0.563,0.215,0.999,1.002,0.055,0.085,0.0,0.4,0.0,2,중부산,3,동천,동천2-1,범3호교(성서교),2023,12,동천,B,10000.0,1,0
202312,327,7.5,0.8,3.6,1.4,3.0,11.9,0.041,1600.0,30.0,8.8,146.0,0.0,0.0,0.0,0.0,0.0,0.0,0.0,0.052,1.09,1.261,1.292,0.04,0.04,0.0,1.3,0.0,1,수영강,29,온천천,온천천(청룡),청룡2호교,2023,12,온천천,A,30.0,0,0
202312,328,8.5,1.3,5.1,2.6,14.3,12.6,0.075,12000.0,5100.0,9.7,337.0,0.0,0.0,0.0,0.0,0.0,0.0,0.0,0.123,1.977,2.393,2.412,0.122,0.069,0.0,1.8,0.0,1,수영강,29,온천천,온천천(온천),온천교,2023,12,온천천,A,5100.0,1,0
202312,329,8.1,2.0,5.4,2.6,3.1,11.9,0.087,100000.0,19000.0,10.0,349.0,0.0,0.0,0.0,0.0,0.0,0.0,0.0,0.329,2.099,2.661,2.75,0.142,0.078,0.0,1.2,0.0,1,수영강,29,온천천,온천천(세병),세병교,2023,12,온천천,A,19000.0,1,0
202401,206,7.4,13.7,9.7,6.6,4.5,6.8,0.736,250000.0,120000.0,8.9,449.0,0.0,,,,,,,5.753,1.406,8.011,8.671,0.493,0.576,,0.0,,2,중부산,3,동천,동천1,광무교,2024,1,동천,B,120000.0,1,0
202401,207,7.4,3.8,3.1,2.4,4.1,7.0,0.173,200000.0,44000.0,10.7,44660.0,0.0,,,,,,,1.062,0.233,1.787,1.907,0.101,0.167,,0.2,,2,중부산,3,동천,동천2,범4호교,2024,1,동천,B,44000.0,1,0
202401,208,7.7,1.9,1.8,2.0,4.6,7.1,0.142,130000.0,33000.0,10.8,46755.0,0.0,,,,,,,0.75,0.217,1.316,1.426,0.066,0.12,,0.1,,2,중부산,3,동천,동천3,범일교,2024,1,동천,B,33000.0,1,0
202401,215,7.2,1.9,5.1,2.5,4.0,13.0,0.048,42000.0,21000.0,6.3,250.0,0.0,,,,,,,0.077,2.1,2.663,2.752,0.022,0.043,,3.4,,1,수영강,29,온천천,온천천1(태광산업),태광산업 앞,2024,1,온천천,A,21000.0,1,0
202401,216,7.2,2.4,5.9,2.7,5.4,11.5,0.052,82000.0,15000.0,6.8,2036.0,0.0,,,,,,,0.117,2.195,2.653,2.801,0.023,0.047,,5.4,,1,수영강,29,온천천,온천천2(연안교),연안교,2024,1,온천천,A,15000.0,1,0
202401,312,7.7,2.1,2.2,1.9,4.7,7.4,0.133,46000.0,14000.0,10.8,46860.0,0.0,,,,,,,0.708,0.214,1.278,1.378,0.068,0.105,,0.2,,2,중부산,3,동천,동천2-1,범3호교(성서교),2024,1,동천,B,14000.0,1,0
202401,329,7.7,1.6,5.1,2.5,2.6,12.6,0.056,520000.0,5600.0,6.5,315.0,0.0,,,,,,,0.084,2.266,2.681,2.747,0.018,0.042,,1.5,,1,수영강,29,온천천,온천천(세병),세병교,2024,1,온천천,A,5600.0,1,0
202402,206,8.5,16.9,14.5,5.0,3.4,8.8,0.643,40000.0,28000.0,10.0,1048.0,0.0,,,,,,,5.516,1.286,8.634,8.715,0.533,0.537,,0.1,,2,중부산,3,동천,동천1,광무교,2024,2,동천,B,28000.0,1,0
202402,207,7.4,4.5,4.0,2.5,7.3,4.0,0.295,82000.0,19000.0,10.2,39549.0,0.0,,,,,,,1.62,0.036,2.212,2.397,0.222,0.249,,0.2,,2,중부산,3,동천,동천2,범4호교,2024,2,동천,B,19000.0,1,0
202402,208,7.3,5.2,4.0,2.3,5.9,2.2,0.188,23000.0,8500.0,10.3,43714.0,0.0,,,,,,,1.133,0.048,1.696,1.717,0.16,0.186,,0.6,,2,중부산,3,동천,동천3,범일교,2024,2,동천,B,8500.0,1,1
202402,215,7.8,0.8,3.7,1.9,3.6,12.7,0.034,44000.0,26000.0,7.8,219.0,0.0,,,,,,,0.083,1.866,2.439,2.5,0.032,0.033,,0.9,,1,수영강,29,온천천,온천천1(태광산업),태광산업 앞,2024,2,온천천,A,26000.0,1,0
202402,216,7.4,1.1,3.8,2.0,2.6,11.6,0.061,26000.0,3600.0,6.7,949.0,0.0,,,,,,,0.289,2.195,2.745,2.862,0.053,0.055,,1.1,,1,수영강,29,온천천,온천천2(연안교),연안교,2024,2,온천천,A,3600.0,1,0
202402,312,7.4,6.0,4.0,2.3,5.3,2.7,0.223,55000.0,11000.0,10.5,42162.0,0.0,,,,,,,1.33,0.039,1.91,1.994,0.194,0.216,,0.3,,2,중부산,3,동천,동천2-1,범3호교(성서교),2024,2,동천,B,11000.0,1,1
202402,329,7.6,1.0,3.5,1.6,6.2,12.3,0.073,14000.0,5000.0,7.0,225.0,0.0,,,,,,,0.188,2.086,2.642,2.674,0.049,0.053,,0.6,,1,수영강,29,온천천,온천천(세병),세병교,2024,2,온천천,A,5000.0,1,0
202403,206,7.1,8.4,7.6,4.6,12.0,2.5,0.626,19000.0,9600.0,10.7,33574.0,0.0,0.0,0.0,0.0,0.0,0.0,0.0,3.851,0.047,4.572,5.036,0.845,0.468,0.0,0.3,0.0,2,중부산,3,동천,동천1,광무교,2024,3,동천,B,9600.0,1,1
202403,207,7.3,2.4,3.1,2.3,8.1,5.0,0.254,10000.0,6300.0,11.1,44526.0,0.0,0.0,0.0,0.0,0.0,0.0,0.0,1.542,0.012,1.954,2.157,0.18,0.207,0.0,0.3,0.0,2,중부산,3,동천,동천2,범4호교,2024,3,동천,B,6300.0,1,0
202403,208,7.5,1.2,1.2,1.5,5.4,6.2,0.108,5900.0,3200.0,11.7,48750.0,0.0,0.0,0.0,0.0,0.0,0.0,0.0,0.626,0.105,0.945,0.994,0.076,0.095,0.0,0.8,0.0,2,중부산,3,동천,동천3,범일교,2024,3,동천,B,3200.0,1,0
202403,215,8.5,1.6,4.9,2.4,4.7,12.1,0.048,50000.0,24000.0,12.2,208.0,0.0,0.0,0.0,0.0,0.0,0.0,0.0,0.052,1.915,2.343,2.402,0.046,0.047,0.0,1.7,0.0,1,수영강,29,온천천,온천천1(태광산업),태광산업 앞,2024,3,온천천,A,24000.0,1,0
202403,216,7.9,2.3,5.5,2.5,12.4,11.0,0.077,170000.0,1300.0,11.2,2822.0,0.0,0.0,0.0,0.0,0.0,0.0,0.0,0.151,1.89,2.414,2.574,0.026,0.046,0.0,2.7,0.0,1,수영강,29,온천천,온천천2(연안교),연안교,2024,3,온천천,A,1300.0,1,0
202403,301,7.6,2.0,5.3,2.3,15.2,9.6,0.052,930.0,470.0,11.5,17420.0,0.0,0.0,0.0,0.0,0.0,0.0,0.0,0.286,1.561,2.128,2.21,0.024,0.052,0.0,4.5,0.0,4,낙동강,22,괴정천,괴정천,하단초등학교 뒤,2024,3,괴정천,B,470.0,0,0
202403,312,7.3,2.3,2.0,2.2,7.1,3.3,0.238,8600.0,6400.0,11.6,45147.0,0.0,0.0,0.0,0.0,0.0,0.0,0.0,1.48,0.121,1.975,2.071,0.165,0.203,0.0,0.2,0.0,2,중부산,3,동천,동천2-1,범3호교(성서교),2024,3,동천,B,6400.0,1,0
202403,327,7.8,0.5,1.6,0.7,0.6,11.9,0.02,710.0,33.0,9.3,62.0,0.0,0.0,0.0,0.0,0.0,0.0,0.0,0.034,0.629,0.668,0.678,0.018,0.019,0.0,0.3,0.0,1,수영강,29,온천천,온천천(청룡),청룡2호교,2024,3,온천천,A,33.0,0,0
202403,328,8.5,1.5,4.5,2.2,3.5,12.5,0.064,47000.0,1700.0,11.2,218.0,0.0,0.0,0.0,0.0,0.0,0.0,0.0,0.174,2.03,2.432,2.447,0.043,0.058,0.0,1.0,0.0,1,수영강,29,온천천,온천천(온천),온천교,2024,3,온천천,A,1700.0,1,0
202403,329,7.9,1.2,4.4,2.1,3.5,11.8,0.06,17000.0,1500.0,11.2,222.0,0.0,0.0,0.0,0.0,0.0,0.0,0.0,0.18,2.055,2.44,2.443,0.039,0.054,0.0,0.8,0.0,1,수영강,29,온천천,온천천(세병),세병교,2024,3,온천천,A,1500.0,1,0
202404,206,7.2,10.3,9.5,2.8,5.9,6.1,0.44,980000.0,230000.0,16.3,509.0,0.0,,,,,,,3.943,2.288,7.194,7.549,0.331,0.393,,1.6,,2,중부산,3,동천,동천1,광무교,2024,4,동천,B,230000.0,1,0
202404,207,7.5,4.7,3.5,1.7,7.8,6.0,0.15,560000.0,71000.0,15.9,43791.0,0.0,,,,,,,0.56,0.3,1.328,1.449,0.071,0.123,,2.9,,2,중부산,3,동천,동천2,범4호교,2024,4,동천,B,71000.0,1,0
202404,208,7.4,5.7,4.9,2.2,6.7,4.3,0.225,780000.0,290000.0,16.9,42363.0,0.0,,,,,,,0.882,0.026,1.591,1.834,0.092,0.169,,2.4,,2,중부산,3,동천,동천3,범일교,2024,4,동천,B,290000.0,1,0
202404,215,7.9,2.6,5.4,2.2,8.3,10.8,0.067,65000.0,31000.0,14.9,160.0,0.0,,,,,,,0.039,1.706,2.146,2.162,0.027,0.059,,2.9,,1,수영강,29,온천천,온천천1(태광산업),태광산업 앞,2024,4,온천천,A,31000.0,1,0
202404,216,7.4,2.0,4.7,2.0,6.8,9.6,0.056,24000.0,3000.0,15.3,186.0,0.0,,,,,,,0.0,1.802,2.048,2.169,0.024,0.047,,0.4,,1,수영강,29,온천천,온천천2(연안교),연안교,2024,4,온천천,A,3000.0,1,0
202404,312,7.6,4.6,4.6,1.7,5.3,5.8,0.143,360000.0,100000.0,16.0,44852.0,0.0,,,,,,,0.498,0.176,1.049,1.165,0.067,0.115,,2.1,,2,중부산,3,동천,동천2-1,범3호교(성서교),2024,4,동천,B,100000.0,1,0
202404,329,7.6,1.9,4.5,2.1,3.9,10.8,0.049,14000.0,2100.0,15.5,175.0,0.0,,,,,,,0.0,1.853,2.137,2.139,0.02,0.048,,0.5,,1,수영강,29,온천천,온천천(세병),세병교,2024,4,온천천,A,2100.0,1,0
202405,206,7.7,6.2,7.9,4.1,4.1,5.4,0.565,120000.0,40000.0,16.1,555.0,0.0,,,,,,,4.586,1.766,7.721,8.102,0.406,0.469,,0.0,,2,중부산,3,동천,동천1,광무교,2024,5,동천,B,40000.0,1,0
202405,207,7.8,2.7,3.0,1.5,4.6,5.7,0.142,64000.0,5200.0,16.5,47685.0,0.0,,,,,,,0.648,0.148,1.165,1.211,0.095,0.127,,0.4,,2,중부산,3,동천,동천2,범4호교,2024,5,동천,B,5200.0,1,0
202405,208,7.8,4.7,3.3,2.2,7.5,2.2,0.155,77000.0,14000.0,18.7,48783.0,0.0,,,,,,,0.476,0.014,0.964,1.141,0.074,0.129,,0.3,,2,중부산,3,동천,동천3,범일교,2024,5,동천,B,14000.0,1,1
202405,215,7.5,2.9,5.9,2.5,17.6,9.6,0.079,170000.0,58000.0,19.0,236.0,0.0,,,,,,,0.296,1.715,2.549,2.554,0.036,0.074,,1.4,,1,수영강,29,온천천,온천천1(태광산업),태광산업 앞,2024,5,온천천,A,58000.0,1,0
202405,216,7.4,1.7,4.7,2.1,18.7,8.8,0.106,62000.0,7300.0,19.8,245.0,0.0,,,,,,,0.137,1.736,2.236,2.377,0.037,0.063,,0.5,,1,수영강,29,온천천,온천천2(연안교),연안교,2024,5,온천천,A,7300.0,1,0
202405,312,7.9,3.1,2.7,1.3,4.4,4.1,0.11,39000.0,4100.0,17.4,50286.0,0.0,,,,,,,0.35,0.1,0.725,0.81,0.062,0.094,,0.4,,2,중부산,3,동천,동천2-1,범3호교(성서교),2024,5,동천,B,4100.0,1,0
202405,329,7.5,1.1,4.1,1.8,3.9,9.6,0.077,17000.0,2400.0,18.5,242.0,0.0,,,,,,,0.03,1.808,2.151,2.207,0.032,0.061,,0.5,,1,수영강,29,온천천,온천천(세병),세병교,2024,5,온천천,A,2400.0,1,0
202406,206,7.6,7.2,9.6,4.6,4.2,5.0,0.99,200000.0,94000.0,19.6,1180.0,0.0,0.0,0.0,0.0,0.0,0.0,0.0,6.766,0.159,8.087,8.216,0.794,0.879,0.0,16.4,0.0,2,중부산,3,동천,동천1,광무교,2024,6,동천,B,94000.0,1,0
202406,207,7.5,1.4,1.2,1.6,2.4,4.9,0.117,55000.0,29000.0,19.0,51260.0,0.0,0.0,0.0,0.0,0.0,0.0,0.0,0.559,0.083,1.004,1.066,0.086,0.108,0.0,1.0,0.0,2,중부산,3,동천,동천2,범4호교,2024,6,동천,B,29000.0,1,0
202406,208,7.6,1.8,1.5,1.5,3.0,3.8,0.12,73000.0,36000.0,19.6,52600.0,0.0,0.0,0.0,0.0,0.0,0.0,0.0,0.479,0.06,0.901,0.96,0.086,0.113,0.0,1.4,0.0,2,중부산,3,동천,동천3,범일교,2024,6,동천,B,36000.0,1,0
202406,215,8.7,1.6,5.4,3.0,11.8,8.5,0.084,69000.0,8400.0,27.6,239.0,0.0,0.0,0.0,0.0,0.0,0.0,0.0,0.059,1.263,0.779,1.863,0.057,0.063,0.0,2.9,0.0,1,수영강,29,온천천,온천천1(태광산업),태광산업 앞,2024,6,온천천,A,8400.0,1,0
202406,216,7.5,2.1,5.2,3.1,8.2,6.7,0.139,76000.0,14000.0,26.5,441.0,0.0,0.0,0.0,0.0,0.0,0.0,0.0,0.301,1.219,0.992,2.148,0.087,0.098,0.0,3.2,0.0,1,수영강,29,온천천,온천천2(연안교),연안교,2024,6,온천천,A,14000.0,1,0
202406,301,7.3,2.9,5.3,2.9,17.1,5.2,0.135,14000.0,2500.0,24.4,22642.0,0.0,0.0,0.0,0.0,0.0,0.0,0.0,0.771,0.654,2.037,2.051,0.087,0.092,0.0,3.7,0.0,4,낙동강,22,괴정천,괴정천,하단초등학교 뒤,2024,6,괴정천,B,2500.0,1,0
202406,312,7.7,1.5,1.1,1.4,6.2,5.1,0.086,57000.0,26000.0,18.9,52770.0,0.0,0.0,0.0,0.0,0.0,0.0,0.0,0.312,0.096,0.769,0.81,0.056,0.083,0.0,1.4,0.0,2,중부산,3,동천,동천2-1,범3호교(성서교),2024,6,동천,B,26000.0,1,0
202406,327,7.6,0.7,3.9,2.1,2.6,8.8,0.042,20000.0,88.0,24.2,177.0,0.0,0.0,0.0,0.0,0.0,0.0,0.0,0.032,1.036,1.37,1.389,0.029,0.034,0.0,1.1,0.0,1,수영강,29,온천천,온천천(청룡),청룡2호교,2024,6,온천천,A,88.0,0,0
202406,328,8.0,1.7,5.6,2.9,9.1,8.1,0.073,40000.0,7200.0,25.2,254.0,0.0,0.0,0.0,0.0,0.0,0.0,0.0,0.065,1.398,1.781,1.801,0.068,0.071,0.0,1.8,0.0,1,수영강,29,온천천,온천천(온천),온천교,2024,6,온천천,A,7200.0,1,0
202406,329,7.8,1.7,5.5,2.8,18.8,7.6,0.108,110000.0,7500.0,26.4,278.0,0.0,0.0,0.0,0.0,0.0,0.0,0.0,0.168,1.34,1.908,1.949,0.081,0.083,0.0,1.0,0.0,1,수영강,29,온천천,온천천(세병),세병교,2024,6,온천천,A,7500.0,1,0
202505,329,7.8,1.8,5.5,2.9,3.5,9.1,0.091,69000.0,12000.0,20.1,341.0,0.0,,,,,,,0.154,1.747,2.383,2.449,0.065,0.074,,0.5,,1,수영강,29,온천천,온천천(세병),세병교,2025,5,온천천,A,12000.0,1,0
202506,215,8.5,3.5,6.7,3.8,8.2,8.5,0.08,35000.0,6400.0,28.3,294.0,0.0,0.0,0.0,0.0,0.0,0.0,0.0,0.054,1.291,1.989,2.043,0.044,0.071,0.0,3.7,0.0,1,수영강,29,온천천,온천천1(태광산업),태광산업 앞,2025,6,온천천,A,6400.0,1,0
202506,216,7.8,2.8,5.6,3.5,7.3,8.3,0.078,120000.0,4700.0,26.0,321.0,0.0,0.0,0.0,0.0,0.0,0.0,0.0,0.1,1.282,1.937,1.969,0.06,0.074,0.0,1.9,0.0,1,수영강,29,온천천,온천천2(연안교),연안교,2025,6,온천천,A,4700.0,1,0
202506,301,7.5,2.5,3.3,2.9,6.7,4.8,0.114,5500.0,490.0,24.1,22167.0,0.0,0.0,0.0,0.0,0.0,0.0,0.0,0.564,0.347,1.406,1.529,0.058,0.072,0.0,2.2,0.0,4,낙동강,22,괴정천,괴정천,하단초등학교 뒤,2025,6,괴정천,B,490.0,0,0
202507,215,7.7,2.1,7.0,3.8,4.8,8.3,0.087,15000.0,2700.0,28.9,211.0,0.0,,,,,,,0.038,1.512,2.07,2.258,0.051,0.067,,0.4,,1,수영강,29,온천천,온천천1(태광산업),태광산업 앞,2025,7,온천천,A,2700.0,1,0
202507,216,7.6,1.8,6.2,3.3,3.1,7.3,0.093,45000.0,4400.0,28.8,375.0,0.0,,,,,,,0.055,1.642,2.137,2.279,0.08,0.086,,0.8,,1,수영강,29,온천천,온천천2(연안교),연안교,2025,7,온천천,A,4400.0,1,0
202507,329,7.8,1.6,6.6,3.4,5.2,8.6,0.102,44000.0,4300.0,29.2,236.0,0.0,,,,,,,0.051,1.607,2.237,2.256,0.071,0.08,,0.6,,1,수영강,29,온천천,온천천(세병),세병교,2025,7,온천천,A,4300.0,1,0
202508,206,6.7,3.3,4.2,3.0,3.9,8.3,0.157,63000.0,46000.0,22.8,289.0,0.0,,,,,,,0.585,3.407,4.353,4.532,0.12,0.132,,1.0,,2,중부산,3,동천,동천1,광무교,2025,8,동천,B,46000.0,1,0
202508,207,7.2,3.0,3.8,2.2,4.2,8.2,0.179,110000.0,33000.0,23.7,535.0,0.0,,,,,,,0.591,2.877,4.02,4.091,0.113,0.134,,1.9,,2,중부산,3,동천,동천2,범4호교,2025,8,동천,B,33000.0,1,0
202508,208,7.3,3.6,5.2,2.6,6.7,6.9,0.22,1400000.0,340000.0,24.9,2350.0,0.0,,,,,,,1.039,2.438,3.666,4.005,0.113,0.137,,2.7,,2,중부산,3,동천,동천3,범일교,2025,8,동천,B,340000.0,1,0
202508,215,7.3,2.6,6.6,3.2,10.6,8.2,0.198,110000.0,31000.0,27.0,172.0,0.0,,,,,,,0.305,1.653,2.438,2.624,0.132,0.162,,0.3,,1,수영강,29,온천천,온천천1(태광산업),태광산업 앞,2025,8,온천천,A,31000.0,1,0
202508,216,7.2,2.4,6.1,2.8,7.2,7.4,0.199,280000.0,32000.0,27.3,497.0,0.0,,,,,,,0.169,1.826,2.321,2.619,0.128,0.144,,0.2,,1,수영강,29,온천천,온천천2(연안교),연안교,2025,8,온천천,A,32000.0,1,0
202508,312,7.3,2.8,4.6,2.4,6.4,8.3,0.156,1100000.0,220000.0,24.6,958.0,0.0,,,,,,,0.569,1.922,3.06,3.131,0.084,0.213,,2.7,,2,중부산,3,동천,동천2-1,범3호교(성서교),2025,8,동천,B,220000.0,1,0
202508,329,7.3,1.9,5.5,2.6,5.0,8.0,0.188,94000.0,46000.0,26.4,184.0,0.0,,,,,,,0.144,1.749,2.281,2.508,0.122,0.149,,0.3,,1,수영강,29,온천천,온천천(세병),세병교,2025,8,온천천,A,46000.0,1,0
202509,206,7.5,3.0,4.6,3.0,1.8,6.5,0.358,110000.0,33000.0,26.5,446.0,0.0,0.0,0.0,0.0,0.0,0.0,0.0,1.674,2.927,5.467,6.099,0.324,0.329,0.0,0.3,0.0,2,중부산,3,동천,동천1,광무교,2025,9,동천,B,33000.0,1,0
202509,207,7.3,4.2,3.2,2.5,5.4,5.1,0.177,3500000.0,940000.0,24.3,39004.0,0.0,0.0,0.0,0.0,0.0,0.0,0.0,0.705,0.364,1.564,1.826,0.121,0.123,0.0,0.5,0.0,2,중부산,3,동천,동천2,범4호교,2025,9,동천,B,940000.0,1,0
202509,208,7.5,4.7,4.2,2.9,7.1,4.2,0.211,4900000.0,1100000.0,24.9,40260.0,0.0,0.0,0.0,0.0,0.0,0.0,0.0,0.86,0.038,1.408,1.748,0.105,0.117,0.0,0.7,0.0,2,중부산,3,동천,동천3,범일교,2025,9,동천,B,1100000.0,1,0
202509,215,8.1,2.3,6.6,3.6,30.2,8.3,0.125,70000.0,33000.0,27.9,214.0,0.0,0.0,0.0,0.0,0.0,0.0,0.0,0.038,1.031,1.447,1.666,0.06,0.078,0.0,8.5,0.0,1,수영강,29,온천천,온천천1(태광산업),태광산업 앞,2025,9,온천천,A,33000.0,1,0
202509,216,7.4,3.9,6.7,3.5,8.6,6.7,0.152,54000.0,9200.0,28.4,261.0,0.0,0.0,0.0,0.0,0.0,0.0,0.0,0.206,1.219,1.861,2.01,0.087,0.103,0.0,8.7,0.0,1,수영강,29,온천천,온천천2(연안교),연안교,2025,9,온천천,A,9200.0,1,0
202509,301,7.6,3.4,4.7,3.6,9.9,5.7,0.173,9400.0,1700.0,29.2,21494.0,0.0,0.0,0.0,0.0,0.0,0.0,0.0,0.717,0.378,1.624,1.861,0.103,0.114,0.0,7.8,0.0,4,낙동강,22,괴정천,괴정천,하단초등학교 뒤,2025,9,괴정천,B,1700.0,1,0
202509,312,7.4,4.9,4.2,3.4,6.3,3.8,0.235,4900000.0,1400000.0,25.2,39232.0,0.0,0.0,0.0,0.0,0.0,0.0,0.0,0.97,0.018,1.57,2.399,0.121,0.135,0.0,0.4,0.0,2,중부산,3,동천,동천2-1,범3호교(성서교),2025,9,동천,B,1400000.0,1,0
202509,327,7.9,0.7,2.6,1.6,5.1,8.8,0.073,22000.0,1700.0,26.2,84.0,0.0,0.0,0.0,0.0,0.0,0.0,0.0,0.014,0.563,0.739,0.799,0.016,0.056,0.0,3.5,0.0,1,수영강,29,온천천,온천천(청룡),청룡2호교,2025,9,온천천,A,1700.0,1,0
202509,329,7.7,1.8,6.7,3.3,9.9,7.8,0.124,110000.0,27000.0,28.6,246.0,0.0,0.0,0.0,0.0,0.0,0.0,0.0,0.153,1.25,1.833,1.895,0.09,0.104,0.0,11.0,0.0,1,수영강,29,온천천,온천천(세병),세병교,2025,9,온천천,A,27000.0,1,0
202512,215,7.8,3.6,6.3,3.3,5.3,12.2,0.055,70000.0,33000.0,8.8,263.0,0.0,0.0,0.0,0.0,0.0,0.0,0.0,0.014,2.175,2.624,2.815,0.013,0.043,0.0,6.6,0.0,1,수영강,29,온천천,온천천1(태광산업),태광산업 앞,2025,12,온천천,A,33000.0,1,0
202506,327,8.3,1.2,4.1,2.4,1.4,9.4,0.044,1300.0,29.0,24.3,188.0,0.0,0.0,0.0,0.0,0.0,0.0,0.0,0.033,0.974,1.364,1.424,0.012,0.043,0.0,4.0,0.0,1,수영강,29,온천천,온천천(청룡),청룡2호교,2025,6,온천천,A,29.0,0,0
202506,329,8.1,3.0,5.9,3.4,6.1,8.8,0.069,120000.0,41000.0,26.5,310.0,0.0,0.0,0.0,0.0,0.0,0.0,0.0,0.122,1.273,1.867,1.955,0.055,0.064,0.0,1.7,0.0,1,수영강,29,온천천,온천천(세병),세병교,2025,6,온천천,A,41000.0,1,0
202510,206,7.5,2.0,3.0,2.7,2.1,5.9,0.252,110000.0,33000.0,22.8,29820.0,0.0,,,,,,,1.598,0.885,2.959,3.069,0.188,0.197,,0.6,,2,중부산,3,동천,동천1,광무교,2025,10,동천,B,33000.0,1,0
202510,207,7.7,1.8,2.5,2.1,3.8,5.3,0.091,70000.0,21000.0,22.5,42964.0,0.0,,,,,,,0.534,0.254,1.041,1.184,0.078,0.082,,0.6,,2,중부산,3,동천,동천2,범4호교,2025,10,동천,B,21000.0,1,0
202510,208,7.7,1.4,1.8,1.9,4.9,4.4,0.07,11000.0,7000.0,23.1,45270.0,0.0,,,,,,,0.44,0.184,0.861,0.961,0.054,0.06,,0.7,,2,중부산,3,동천,동천3,범일교,2025,10,동천,B,7000.0,1,0
202510,215,7.8,2.7,5.4,2.6,5.0,8.9,0.129,180000.0,49000.0,22.4,235.0,0.0,,,,,,,0.329,1.855,2.383,2.503,0.1,0.125,,5.5,,1,수영강,29,온천천,온천천1(태광산업),태광산업 앞,2025,10,온천천,A,49000.0,1,0
202510,216,7.4,2.8,5.4,2.6,3.9,6.7,0.163,490000.0,78000.0,21.9,259.0,0.0,,,,,,,0.614,1.776,2.696,2.845,0.122,0.143,,1.4,,1,수영강,29,온천천,온천천2(연안교),연안교,2025,10,온천천,A,78000.0,1,0
202510,312,7.7,1.6,2.2,1.9,5.0,4.3,0.078,14000.0,4600.0,22.6,44301.0,0.0,,,,,,,0.442,0.2,0.851,0.942,0.045,0.053,,0.6,,2,중부산,3,동천,동천2-1,범3호교(성서교),2025,10,동천,B,4600.0,1,0
202510,329,7.5,2.2,5.0,2.4,10.9,8.0,0.15,240000.0,49000.0,21.7,239.0,0.0,,,,,,,0.258,1.851,2.318,2.554,0.104,0.141,,1.9,,1,수영강,29,온천천,온천천(세병),세병교,2025,10,온천천,A,49000.0,1,0
202511,215,8.1,2.6,6.1,3.3,4.6,10.7,0.11,35000.0,11000.0,14.8,210.0,0.0,,,,,,,0.038,1.976,2.264,2.424,0.047,0.101,,12.8,,1,수영강,29,온천천,온천천1(태광산업),태광산업 앞,2025,11,온천천,A,11000.0,1,0
202511,216,7.5,2.5,5.5,3.0,4.3,8.9,0.145,70000.0,6800.0,14.3,513.0,0.0,,,,,,,0.089,2.041,2.452,2.616,0.071,0.131,,3.1,,1,수영강,29,온천천,온천천2(연안교),연안교,2025,11,온천천,A,6800.0,1,0
202511,329,7.8,2.2,5.7,3.0,3.6,10.4,0.134,46000.0,17000.0,14.6,222.0,0.0,,,,,,,0.04,2.11,2.473,2.586,0.063,0.115,,6.2,,1,수영강,29,온천천,온천천(세병),세병교,2025,11,온천천,A,17000.0,1,0
202512,216,7.5,3.8,5.4,2.9,3.9,11.2,0.112,14000.0,2600.0,9.2,3407.0,0.0,0.0,0.0,0.0,0.0,0.0,0.0,0.045,2.294,2.909,3.044,0.039,0.098,0.0,7.8,0.0,1,수영강,29,온천천,온천천2(연안교),연안교,2025,12,온천천,A,2600.0,1,0
202512,301,7.3,1.1,4.8,2.4,6.6,9.2,0.075,1400.0,790.0,9.8,33415.0,0.0,0.0,0.0,0.0,0.0,0.0,0.0,0.337,0.991,1.889,1.972,0.046,0.056,0.0,2.2,0.0,4,낙동강,22,괴정천,괴정천,하단초등학교 뒤,2025,12,괴정천,B,790.0,0,0
202512,327,8.0,2.0,4.1,2.0,2.2,12.0,0.075,1100.0,17.0,8.5,173.0,0.0,0.0,0.0,0.0,0.0,0.0,0.0,0.0,1.267,1.617,1.629,0.005,0.072,0.0,3.3,0.0,1,수영강,29,온천천,온천천(청룡),청룡2호교,2025,12,온천천,A,17.0,0,0
202512,329,7.8,2.4,5.6,3.0,2.0,12.7,0.048,5400.0,2700.0,8.1,269.0,0.0,0.0,0.0,0.0,0.0,0.0,0.0,0.0,2.201,2.622,2.667,0.02,0.043,0.0,3.5,0.0,1,수영강,29,온천천,온천천(세병),세병교,2025,12,온천천,A,2700.0,1,0
202601,215,7.9,3.3,5.9,3.0,8.3,13.6,0.052,12000.0,4000.0,4.2,410.0,0.0,,,,,,,0.045,2.772,3.189,3.234,0.004,0.031,,20.3,,1,수영강,29,온천천,온천천1(태광산업),태광산업 앞,2026,1,온천천,A,4000.0,1,0
202601,216,7.7,3.4,5.3,2.8,4.1,11.7,0.047,34000.0,8400.0,6.8,1740.0,0.0,,,,,,,0.093,2.651,3.172,3.207,0.0,0.03,,6.8,,1,수영강,29,온천천,온천천2(연안교),연안교,2026,1,온천천,A,8400.0,1,0
202601,329,8.0,2.6,5.6,2.8,5.6,13.6,0.048,30000.0,9900.0,4.8,417.0,0.0,,,,,,,0.063,2.819,3.148,3.355,0.01,0.029,,13.4,,1,수영강,29,온천천,온천천(세병),세병교,2026,1,온천천,A,9900.0,1,0
202602,215,8.3,3.6,5.2,2.8,7.4,13.1,0.035,24000.0,10000.0,7.8,436.0,0.0,,,,,,,0.185,2.646,3.391,3.399,0.006,0.035,,8.3,,1,수영강,29,온천천,온천천1(태광산업),태광산업 앞,2026,2,온천천,A,10000.0,1,0
202602,216,7.9,2.7,6.6,2.6,7.3,12.5,0.062,6200.0,1400.0,7.4,2150.0,0.0,,,,,,,0.204,2.676,3.383,3.421,0.004,0.045,,6.9,,1,수영강,29,온천천,온천천2(연안교),연안교,2026,2,온천천,A,1400.0,1,0
202602,329,8.4,2.3,4.8,2.6,5.0,14.1,0.036,15000.0,6200.0,7.8,437.0,0.0,,,,,,,0.055,2.75,3.241,3.341,0.007,0.022,,9.2,,1,수영강,29,온천천,온천천(세병),세병교,2026,2,온천천,A,6200.0,1,0
202603,215,8.6,3.1,6.8,4.0,7.9,12.3,0.174,89000.0,25000.0,10.7,357.0,0.0,0.0,0.0,0.0,0.0,0.0,0.0,0.986,2.48,4.512,5.041,0.076,0.101,0.0,29.7,0.0,1,수영강,29,온천천,온천천1(태광산업),태광산업 앞,2026,3,온천천,A,25000.0,1,0
202603,216,7.6,3.0,5.7,2.9,5.7,10.7,0.111,35000.0,1800.0,9.9,2029.0,0.0,0.0,0.0,0.0,0.0,0.0,0.0,0.394,2.514,3.703,3.845,0.033,0.071,0.0,12.8,0.0,1,수영강,29,온천천,온천천2(연안교),연안교,2026,3,온천천,A,1800.0,1,0
202603,301,7.4,2.8,2.8,2.2,21.1,8.4,0.076,8300.0,1400.0,9.7,28418.0,0.0,0.0,0.0,0.0,0.0,0.0,0.0,0.44,1.068,1.928,2.033,0.039,0.057,0.0,1.4,0.0,4,낙동강,22,괴정천,괴정천,하단초등학교 뒤,2026,3,괴정천,B,1400.0,1,0
202603,327,8.3,1.6,4.6,2.1,3.4,12.1,0.064,50.0,4.0,9.0,256.0,0.0,0.0,0.0,0.0,0.0,0.0,0.0,0.037,1.925,2.371,2.378,0.006,0.053,0.0,22.0,0.0,1,수영강,29,온천천,온천천(청룡),청룡2호교,2026,3,온천천,A,4.0,0,0
202603,329,8.1,1.9,5.3,3.0,3.4,12.2,0.052,3400.0,430.0,10.6,366.0,0.0,0.0,0.0,0.0,0.0,0.0,0.0,0.279,2.57,3.502,3.776,0.009,0.04,0.0,8.5,0.0,1,수영강,29,온천천,온천천(세병),세병교,2026,3,온천천,A,430.0,0,0
202604,215,7.6,6.6,8.8,4.5,8.3,9.4,0.371,99000.0,29000.0,15.2,381.0,0.0,,,,,,,2.791,2.329,6.183,6.545,0.25,0.305,,8.8,,1,수영강,29,온천천,온천천1(태광산업),태광산업 앞,2026,4,온천천,A,29000.0,1,0
202604,216,7.4,3.3,7.6,3.8,5.2,8.4,0.198,25000.0,12000.0,14.8,414.0,0.0,,,,,,,1.478,2.183,4.496,4.744,0.144,0.173,,4.7,,1,수영강,29,온천천,온천천2(연안교),연안교,2026,4,온천천,A,12000.0,1,0
202604,329,7.6,3.5,7.6,3.7,7.0,9.4,0.221,12000.0,4400.0,15.3,358.0,0.0,,,,,,,1.405,2.227,4.537,4.807,0.143,0.174,,6.3,,1,수영강,29,온천천,온천천(세병),세병교,2026,4,온천천,A,4400.0,1,0
202605,215,7.5,4.6,8.7,4.8,9.9,8.5,0.5,33000.0,27000.0,21.0,270.0,0.0,,,,,,,3.647,1.949,6.148,6.731,0.324,0.401,,9.4,,1,수영강,29,온천천,온천천1(태광산업),태광산업 앞,2026,5,온천천,A,27000.0,1,0
202605,216,7.3,3.4,6.4,3.5,4.5,6.9,0.295,50000.0,8200.0,20.3,711.0,0.0,,,,,,,0.853,2.446,3.805,4.122,0.215,0.243,,6.8,,1,수영강,29,온천천,온천천2(연안교),연안교,2026,5,온천천,A,8200.0,1,0
202605,329,7.4,3.4,6.9,3.5,11.0,8.2,0.309,14000.0,8300.0,19.7,248.0,0.0,,,,,,,0.971,2.537,4.146,4.49,0.217,0.252,,6.8,,1,수영강,29,온천천,온천천(세병),세병교,2026,5,온천천,A,8300.0,1,0
202606,215,7.4,7.9,9.7,4.8,9.7,7.1,0.419,160000.0,82000.0,23.5,260.0,0.0,0.0,0.0,0.0,0.0,0.0,0.0,2.575,1.344,4.805,5.253,0.292,0.337,0.0,3.2,,1,수영강,29,온천천,온천천1(태광산업),태광산업 앞,2026,6,온천천,A,82000.0,1,0
202606,301,7.1,3.4,2.4,3.0,7.1,7.7,0.121,17000.0,1600.0,24.9,24108.0,0.0,0.0,0.0,0.0,0.0,0.0,0.0,0.512,0.661,1.862,2.182,0.052,0.079,0.0,10.9,0.0,4,낙동강,22,괴정천,괴정천,하단초등학교 뒤,2026,6,괴정천,B,1600.0,1,0
202606,327,7.9,1.5,2.1,1.3,0.8,9.4,0.05,1300.0,48.0,20.2,82.0,0.0,0.0,0.0,0.0,0.0,0.0,0.0,0.037,0.739,0.844,0.883,0.025,0.04,0.0,2.5,0.0,1,수영강,29,온천천,온천천(청룡),청룡2호교,2026,6,온천천,A,48.0,0,0
202606,329,,,,,,,,,,,,,0.0,0.0,0.0,0.0,0.0,0.0,,,,,,,0.0,,,1,수영강,29,온천천,온천천(세병),세병교,2026,6,온천천,A,,0,0
